concept,category,chinese_name,unit,value,end_date,start_date,form,fiscal_year,fiscal_period
Assets,balance_sheet,总资产,USD,323077000000.0,2021-03-31,,10-Q,2021,Q1
Assets,balance_sheet,总资产,USD,360319000000.0,2021-06-30,,10-Q,2021,Q2
Assets,balance_sheet,总资产,USD,382406000000.0,2021-09-30,,10-Q,2021,Q3
Assets,balance_sheet,总资产,USD,420549000000.0,2021-12-31,,10-K,2021,FY
Assets,balance_sheet,总资产,USD,420549000000.0,2021-12-31,,10-Q,2022,Q1
Assets,balance_sheet,总资产,USD,420549000000.0,2021-12-31,,10-Q,2022,Q2
Assets,balance_sheet,总资产,USD,420549000000.0,2021-12-31,,10-Q,2022,Q3
Assets,balance_sheet,总资产,USD,420549000000.0,2021-12-31,,10-K,2022,FY
Assets,balance_sheet,总资产,USD,420549000000.0,2021-12-31,,10-K,2023,FY
Assets,balance_sheet,总资产,USD,410767000000.0,2022-03-31,,10-Q,2022,Q1
Assets,balance_sheet,总资产,USD,419728000000.0,2022-06-30,,10-Q,2022,Q2
Assets,balance_sheet,总资产,USD,428362000000.0,2022-09-30,,10-Q,2022,Q3
Assets,balance_sheet,总资产,USD,462675000000.0,2022-12-31,,10-K,2022,FY
Assets,balance_sheet,总资产,USD,462675000000.0,2022-12-31,,10-Q,2023,Q1
Assets,balance_sheet,总资产,USD,462675000000.0,2022-12-31,,10-Q,2023,Q2
Assets,balance_sheet,总资产,USD,462675000000.0,2022-12-31,,10-Q,2023,Q3
Assets,balance_sheet,总资产,USD,462675000000.0,2022-12-31,,10-K,2023,FY
Assets,balance_sheet,总资产,USD,462675000000.0,2022-12-31,,10-K,2024,FY
Assets,balance_sheet,总资产,USD,464378000000.0,2023-03-31,,10-Q,2023,Q1
Assets,balance_sheet,总资产,USD,477607000000.0,2023-06-30,,10-Q,2023,Q2
Assets,balance_sheet,总资产,USD,486883000000.0,2023-09-30,,10-Q,2023,Q3
Assets,balance_sheet,总资产,USD,527854000000.0,2023-12-31,,10-K,2023,FY
Assets,balance_sheet,总资产,USD,527854000000.0,2023-12-31,,10-Q,2024,Q1
Assets,balance_sheet,总资产,USD,527854000000.0,2023-12-31,,10-Q,2024,Q2
Assets,balance_sheet,总资产,USD,527854000000.0,2023-12-31,,10-Q,2024,Q3
Assets,balance_sheet,总资产,USD,527854000000.0,2023-12-31,,10-K,2024,FY
Assets,balance_sheet,总资产,USD,530969000000.0,2024-03-31,,10-Q,2024,Q1
Assets,balance_sheet,总资产,USD,554818000000.0,2024-06-30,,10-Q,2024,Q2
Assets,balance_sheet,总资产,USD,584626000000.0,2024-09-30,,10-Q,2024,Q3
Assets,balance_sheet,总资产,USD,624894000000.0,2024-12-31,,10-K,2024,FY
Assets,balance_sheet,总资产,USD,624894000000.0,2024-12-31,,10-Q,2025,Q1
Assets,balance_sheet,总资产,USD,624894000000.0,2024-12-31,,10-Q,2025,Q2
Assets,balance_sheet,总资产,USD,643256000000.0,2025-03-31,,10-Q,2025,Q1
Assets,balance_sheet,总资产,USD,682170000000.0,2025-06-30,,10-Q,2025,Q2
AssetsCurrent,balance_sheet,流动资产,USD,121408000000.0,2021-03-31,,10-Q,2021,Q1
AssetsCurrent,balance_sheet,流动资产,USD,140848000000.0,2021-06-30,,10-Q,2021,Q2
AssetsCurrent,balance_sheet,流动资产,USD,138531000000.0,2021-09-30,,10-Q,2021,Q3
AssetsCurrent,balance_sheet,流动资产,USD,161580000000.0,2021-12-31,,10-K,2021,FY
AssetsCurrent,balance_sheet,流动资产,USD,161580000000.0,2021-12-31,,10-Q,2022,Q1
AssetsCurrent,balance_sheet,流动资产,USD,161580000000.0,2021-12-31,,10-Q,2022,Q2
AssetsCurrent,balance_sheet,流动资产,USD,161580000000.0,2021-12-31,,10-Q,2022,Q3
AssetsCurrent,balance_sheet,流动资产,USD,161580000000.0,2021-12-31,,10-K,2022,FY
AssetsCurrent,balance_sheet,流动资产,USD,133876000000.0,2022-03-31,,10-Q,2022,Q1
AssetsCurrent,balance_sheet,流动资产,USD,133667000000.0,2022-06-30,,10-Q,2022,Q2
AssetsCurrent,balance_sheet,流动资产,USD,131463000000.0,2022-09-30,,10-Q,2022,Q3
AssetsCurrent,balance_sheet,流动资产,USD,146791000000.0,2022-12-31,,10-K,2022,FY
AssetsCurrent,balance_sheet,流动资产,USD,146791000000.0,2022-12-31,,10-Q,2023,Q1
AssetsCurrent,balance_sheet,流动资产,USD,146791000000.0,2022-12-31,,10-Q,2023,Q2
AssetsCurrent,balance_sheet,流动资产,USD,146791000000.0,2022-12-31,,10-Q,2023,Q3
AssetsCurrent,balance_sheet,流动资产,USD,146791000000.0,2022-12-31,,10-K,2023,FY
AssetsCurrent,balance_sheet,流动资产,USD,136221000000.0,2023-03-31,,10-Q,2023,Q1
AssetsCurrent,balance_sheet,流动资产,USD,140482000000.0,2023-06-30,,10-Q,2023,Q2
AssetsCurrent,balance_sheet,流动资产,USD,142995000000.0,2023-09-30,,10-Q,2023,Q3
AssetsCurrent,balance_sheet,流动资产,USD,172351000000.0,2023-12-31,,10-K,2023,FY
AssetsCurrent,balance_sheet,流动资产,USD,172351000000.0,2023-12-31,,10-Q,2024,Q1
AssetsCurrent,balance_sheet,流动资产,USD,172351000000.0,2023-12-31,,10-Q,2024,Q2
AssetsCurrent,balance_sheet,流动资产,USD,172351000000.0,2023-12-31,,10-Q,2024,Q3
AssetsCurrent,balance_sheet,流动资产,USD,172351000000.0,2023-12-31,,10-K,2024,FY
AssetsCurrent,balance_sheet,流动资产,USD,163989000000.0,2024-03-31,,10-Q,2024,Q1
AssetsCurrent,balance_sheet,流动资产,USD,173307000000.0,2024-06-30,,10-Q,2024,Q2
AssetsCurrent,balance_sheet,流动资产,USD,175792000000.0,2024-09-30,,10-Q,2024,Q3
AssetsCurrent,balance_sheet,流动资产,USD,190867000000.0,2024-12-31,,10-K,2024,FY
AssetsCurrent,balance_sheet,流动资产,USD,190867000000.0,2024-12-31,,10-Q,2025,Q1
AssetsCurrent,balance_sheet,流动资产,USD,190867000000.0,2024-12-31,,10-Q,2025,Q2
AssetsCurrent,balance_sheet,流动资产,USD,184645000000.0,2025-03-31,,10-Q,2025,Q1
AssetsCurrent,balance_sheet,流动资产,USD,191420000000.0,2025-06-30,,10-Q,2025,Q2
CashAndCashEquivalentsAtCarryingValue,balance_sheet,现金及现金等价物,USD,33834000000.0,2021-03-31,,10-Q,2021,Q1
CashAndCashEquivalentsAtCarryingValue,balance_sheet,现金及现金等价物,USD,40380000000.0,2021-06-30,,10-Q,2021,Q2
CashAndCashEquivalentsAtCarryingValue,balance_sheet,现金及现金等价物,USD,29944000000.0,2021-09-30,,10-Q,2021,Q3
CashAndCashEquivalentsAtCarryingValue,balance_sheet,现金及现金等价物,USD,36220000000.0,2021-12-31,,10-K,2021,FY
CashAndCashEquivalentsAtCarryingValue,balance_sheet,现金及现金等价物,USD,36220000000.0,2021-12-31,,10-Q,2022,Q1
CashAndCashEquivalentsAtCarryingValue,balance_sheet,现金及现金等价物,USD,36220000000.0,2021-12-31,,10-Q,2022,Q2
CashAndCashEquivalentsAtCarryingValue,balance_sheet,现金及现金等价物,USD,36220000000.0,2021-12-31,,10-Q,2022,Q3
CashAndCashEquivalentsAtCarryingValue,balance_sheet,现金及现金等价物,USD,36220000000.0,2021-12-31,,10-K,2022,FY
CashAndCashEquivalentsAtCarryingValue,balance_sheet,现金及现金等价物,USD,36393000000.0,2022-03-31,,10-Q,2022,Q1
CashAndCashEquivalentsAtCarryingValue,balance_sheet,现金及现金等价物,USD,37478000000.0,2022-06-30,,10-Q,2022,Q2
CashAndCashEquivalentsAtCarryingValue,balance_sheet,现金及现金等价物,USD,34947000000.0,2022-09-30,,10-Q,2022,Q3
CashAndCashEquivalentsAtCarryingValue,balance_sheet,现金及现金等价物,USD,53888000000.0,2022-12-31,,10-K,2022,FY
CashAndCashEquivalentsAtCarryingValue,balance_sheet,现金及现金等价物,USD,53888000000.0,2022-12-31,,10-Q,2023,Q1
CashAndCashEquivalentsAtCarryingValue,balance_sheet,现金及现金等价物,USD,53888000000.0,2022-12-31,,10-Q,2023,Q2
CashAndCashEquivalentsAtCarryingValue,balance_sheet,现金及现金等价物,USD,53888000000.0,2022-12-31,,10-Q,2023,Q3
CashAndCashEquivalentsAtCarryingValue,balance_sheet,现金及现金等价物,USD,53888000000.0,2022-12-31,,10-K,2023,FY
CashAndCashEquivalentsAtCarryingValue,balance_sheet,现金及现金等价物,USD,49343000000.0,2023-03-31,,10-Q,2023,Q1
CashAndCashEquivalentsAtCarryingValue,balance_sheet,现金及现金等价物,USD,49529000000.0,2023-06-30,,10-Q,2023,Q2
CashAndCashEquivalentsAtCarryingValue,balance_sheet,现金及现金等价物,USD,49605000000.0,2023-09-30,,10-Q,2023,Q3
CashAndCashEquivalentsAtCarryingValue,balance_sheet,现金及现金等价物,USD,73387000000.0,2023-12-31,,10-K,2023,FY
CashAndCashEquivalentsAtCarryingValue,balance_sheet,现金及现金等价物,USD,73387000000.0,2023-12-31,,10-Q,2024,Q1
CashAndCashEquivalentsAtCarryingValue,balance_sheet,现金及现金等价物,USD,73387000000.0,2023-12-31,,10-Q,2024,Q2
CashAndCashEquivalentsAtCarryingValue,balance_sheet,现金及现金等价物,USD,73387000000.0,2023-12-31,,10-Q,2024,Q3
CashAndCashEquivalentsAtCarryingValue,balance_sheet,现金及现金等价物,USD,73387000000.0,2023-12-31,,10-K,2024,FY
CashAndCashEquivalentsAtCarryingValue,balance_sheet,现金及现金等价物,USD,72852000000.0,2024-03-31,,10-Q,2024,Q1
CashAndCashEquivalentsAtCarryingValue,balance_sheet,现金及现金等价物,USD,71178000000.0,2024-06-30,,10-Q,2024,Q2
CashAndCashEquivalentsAtCarryingValue,balance_sheet,现金及现金等价物,USD,75091000000.0,2024-09-30,,10-Q,2024,Q3
CashAndCashEquivalentsAtCarryingValue,balance_sheet,现金及现金等价物,USD,78779000000.0,2024-12-31,,10-K,2024,FY
CashAndCashEquivalentsAtCarryingValue,balance_sheet,现金及现金等价物,USD,78779000000.0,2024-12-31,,10-Q,2025,Q1
CashAndCashEquivalentsAtCarryingValue,balance_sheet,现金及现金等价物,USD,78779000000.0,2024-12-31,,10-Q,2025,Q2
CashAndCashEquivalentsAtCarryingValue,balance_sheet,现金及现金等价物,USD,66207000000.0,2025-03-31,,10-Q,2025,Q1
CashAndCashEquivalentsAtCarryingValue,balance_sheet,现金及现金等价物,USD,57741000000.0,2025-06-30,,10-Q,2025,Q2
AccountsReceivableNetCurrent,balance_sheet,应收账款净额,USD,24289000000.0,2021-03-31,,10-Q,2021,Q1
AccountsReceivableNetCurrent,balance_sheet,应收账款净额,USD,26835000000.0,2021-06-30,,10-Q,2021,Q2
AccountsReceivableNetCurrent,balance_sheet,应收账款净额,USD,28610000000.0,2021-09-30,,10-Q,2021,Q3
AccountsReceivableNetCurrent,balance_sheet,应收账款净额,USD,32891000000.0,2021-12-31,,10-K,2021,FY
AccountsReceivableNetCurrent,balance_sheet,应收账款净额,USD,32891000000.0,2021-12-31,,10-Q,2022,Q1
AccountsReceivableNetCurrent,balance_sheet,应收账款净额,USD,32891000000.0,2021-12-31,,10-Q,2022,Q2
AccountsReceivableNetCurrent,balance_sheet,应收账款净额,USD,32891000000.0,2021-12-31,,10-Q,2022,Q3
AccountsReceivableNetCurrent,balance_sheet,应收账款净额,USD,32891000000.0,2021-12-31,,10-K,2022,FY
AccountsReceivableNetCurrent,balance_sheet,应收账款净额,USD,32504000000.0,2022-03-31,,10-Q,2022,Q1
AccountsReceivableNetCurrent,balance_sheet,应收账款净额,USD,34804000000.0,2022-06-30,,10-Q,2022,Q2
AccountsReceivableNetCurrent,balance_sheet,应收账款净额,USD,36154000000.0,2022-09-30,,10-Q,2022,Q3
AccountsReceivableNetCurrent,balance_sheet,应收账款净额,USD,42360000000.0,2022-12-31,,10-K,2022,FY
AccountsReceivableNetCurrent,balance_sheet,应收账款净额,USD,42360000000.0,2022-12-31,,10-Q,2023,Q1
AccountsReceivableNetCurrent,balance_sheet,应收账款净额,USD,42360000000.0,2022-12-31,,10-Q,2023,Q2
AccountsReceivableNetCurrent,balance_sheet,应收账款净额,USD,42360000000.0,2022-12-31,,10-Q,2023,Q3
AccountsReceivableNetCurrent,balance_sheet,应收账款净额,USD,42360000000.0,2022-12-31,,10-K,2023,FY
AccountsReceivableNetCurrent,balance_sheet,应收账款净额,USD,37646000000.0,2023-03-31,,10-Q,2023,Q1
AccountsReceivableNetCurrent,balance_sheet,应收账款净额,USD,39925000000.0,2023-06-30,,10-Q,2023,Q2
AccountsReceivableNetCurrent,balance_sheet,应收账款净额,USD,43420000000.0,2023-09-30,,10-Q,2023,Q3
AccountsReceivableNetCurrent,balance_sheet,应收账款净额,USD,52253000000.0,2023-12-31,,10-K,2023,FY
AccountsReceivableNetCurrent,balance_sheet,应收账款净额,USD,52253000000.0,2023-12-31,,10-Q,2024,Q1
AccountsReceivableNetCurrent,balance_sheet,应收账款净额,USD,52253000000.0,2023-12-31,,10-Q,2024,Q2
AccountsReceivableNetCurrent,balance_sheet,应收账款净额,USD,52253000000.0,2023-12-31,,10-Q,2024,Q3
AccountsReceivableNetCurrent,balance_sheet,应收账款净额,USD,52253000000.0,2023-12-31,,10-K,2024,FY
AccountsReceivableNetCurrent,balance_sheet,应收账款净额,USD,47768000000.0,2024-03-31,,10-Q,2024,Q1
AccountsReceivableNetCurrent,balance_sheet,应收账款净额,USD,50106000000.0,2024-06-30,,10-Q,2024,Q2
AccountsReceivableNetCurrent,balance_sheet,应收账款净额,USD,51638000000.0,2024-09-30,,10-Q,2024,Q3
AccountsReceivableNetCurrent,balance_sheet,应收账款净额,USD,55451000000.0,2024-12-31,,10-K,2024,FY
AccountsReceivableNetCurrent,balance_sheet,应收账款净额,USD,55451000000.0,2024-12-31,,10-Q,2025,Q1
AccountsReceivableNetCurrent,balance_sheet,应收账款净额,USD,55451000000.0,2024-12-31,,10-Q,2025,Q2
AccountsReceivableNetCurrent,balance_sheet,应收账款净额,USD,54216000000.0,2025-03-31,,10-Q,2025,Q1
AccountsReceivableNetCurrent,balance_sheet,应收账款净额,USD,57415000000.0,2025-06-30,,10-Q,2025,Q2
InventoryNet,balance_sheet,存货净额,USD,23849000000.0,2021-03-31,,10-Q,2021,Q1
InventoryNet,balance_sheet,存货净额,USD,24119000000.0,2021-06-30,,10-Q,2021,Q2
InventoryNet,balance_sheet,存货净额,USD,30933000000.0,2021-09-30,,10-Q,2021,Q3
InventoryNet,balance_sheet,存货净额,USD,32640000000.0,2021-12-31,,10-K,2021,FY
InventoryNet,balance_sheet,存货净额,USD,32640000000.0,2021-12-31,,10-Q,2022,Q1
InventoryNet,balance_sheet,存货净额,USD,32640000000.0,2021-12-31,,10-Q,2022,Q2
InventoryNet,balance_sheet,存货净额,USD,32640000000.0,2021-12-31,,10-Q,2022,Q3
InventoryNet,balance_sheet,存货净额,USD,32640000000.0,2021-12-31,,10-K,2022,FY
InventoryNet,balance_sheet,存货净额,USD,34987000000.0,2022-03-31,,10-Q,2022,Q1
InventoryNet,balance_sheet,存货净额,USD,38153000000.0,2022-06-30,,10-Q,2022,Q2
InventoryNet,balance_sheet,存货净额,USD,36647000000.0,2022-09-30,,10-Q,2022,Q3
InventoryNet,balance_sheet,存货净额,USD,34405000000.0,2022-12-31,,10-K,2022,FY
InventoryNet,balance_sheet,存货净额,USD,34405000000.0,2022-12-31,,10-Q,2023,Q1
InventoryNet,balance_sheet,存货净额,USD,34405000000.0,2022-12-31,,10-Q,2023,Q2
InventoryNet,balance_sheet,存货净额,USD,34405000000.0,2022-12-31,,10-Q,2023,Q3
InventoryNet,balance_sheet,存货净额,USD,34405000000.0,2022-12-31,,10-K,2023,FY
InventoryNet,balance_sheet,存货净额,USD,34170000000.0,2023-03-31,,10-Q,2023,Q1
InventoryNet,balance_sheet,存货净额,USD,36587000000.0,2023-06-30,,10-Q,2023,Q2
InventoryNet,balance_sheet,存货净额,USD,35406000000.0,2023-09-30,,10-Q,2023,Q3
InventoryNet,balance_sheet,存货净额,USD,33318000000.0,2023-12-31,,10-K,2023,FY
InventoryNet,balance_sheet,存货净额,USD,33318000000.0,2023-12-31,,10-Q,2024,Q1
InventoryNet,balance_sheet,存货净额,USD,33318000000.0,2023-12-31,,10-Q,2024,Q2
InventoryNet,balance_sheet,存货净额,USD,33318000000.0,2023-12-31,,10-Q,2024,Q3
InventoryNet,balance_sheet,存货净额,USD,33318000000.0,2023-12-31,,10-K,2024,FY
InventoryNet,balance_sheet,存货净额,USD,31147000000.0,2024-03-31,,10-Q,2024,Q1
InventoryNet,balance_sheet,存货净额,USD,34109000000.0,2024-06-30,,10-Q,2024,Q2
InventoryNet,balance_sheet,存货净额,USD,36103000000.0,2024-09-30,,10-Q,2024,Q3
InventoryNet,balance_sheet,存货净额,USD,34214000000.0,2024-12-31,,10-K,2024,FY
InventoryNet,balance_sheet,存货净额,USD,34214000000.0,2024-12-31,,10-Q,2025,Q1
InventoryNet,balance_sheet,存货净额,USD,34214000000.0,2024-12-31,,10-Q,2025,Q2
InventoryNet,balance_sheet,存货净额,USD,35864000000.0,2025-03-31,,10-Q,2025,Q1
InventoryNet,balance_sheet,存货净额,USD,40825000000.0,2025-06-30,,10-Q,2025,Q2
LiabilitiesCurrent,balance_sheet,流动负债,USD,115404000000.0,2021-03-31,,10-Q,2021,Q1
LiabilitiesCurrent,balance_sheet,流动负债,USD,117792000000.0,2021-06-30,,10-Q,2021,Q2
LiabilitiesCurrent,balance_sheet,流动负债,USD,123994000000.0,2021-09-30,,10-Q,2021,Q3
LiabilitiesCurrent,balance_sheet,流动负债,USD,142266000000.0,2021-12-31,,10-K,2021,FY
LiabilitiesCurrent,balance_sheet,流动负债,USD,142266000000.0,2021-12-31,,10-Q,2022,Q1
LiabilitiesCurrent,balance_sheet,流动负债,USD,142266000000.0,2021-12-31,,10-Q,2022,Q2
LiabilitiesCurrent,balance_sheet,流动负债,USD,142266000000.0,2021-12-31,,10-Q,2022,Q3
LiabilitiesCurrent,balance_sheet,流动负债,USD,142266000000.0,2021-12-31,,10-K,2022,FY
LiabilitiesCurrent,balance_sheet,流动负债,USD,139508000000.0,2022-03-31,,10-Q,2022,Q1
LiabilitiesCurrent,balance_sheet,流动负债,USD,140291000000.0,2022-06-30,,10-Q,2022,Q2
LiabilitiesCurrent,balance_sheet,流动负债,USD,140363000000.0,2022-09-30,,10-Q,2022,Q3
LiabilitiesCurrent,balance_sheet,流动负债,USD,155393000000.0,2022-12-31,,10-K,2022,FY
LiabilitiesCurrent,balance_sheet,流动负债,USD,155393000000.0,2022-12-31,,10-Q,2023,Q1
LiabilitiesCurrent,balance_sheet,流动负债,USD,155393000000.0,2022-12-31,,10-Q,2023,Q2
LiabilitiesCurrent,balance_sheet,流动负债,USD,155393000000.0,2022-12-31,,10-Q,2023,Q3
LiabilitiesCurrent,balance_sheet,流动负债,USD,155393000000.0,2022-12-31,,10-K,2023,FY
LiabilitiesCurrent,balance_sheet,流动负债,USD,147570000000.0,2023-03-31,,10-Q,2023,Q1
LiabilitiesCurrent,balance_sheet,流动负债,USD,148238000000.0,2023-06-30,,10-Q,2023,Q2
LiabilitiesCurrent,balance_sheet,流动负债,USD,145214000000.0,2023-09-30,,10-Q,2023,Q3
LiabilitiesCurrent,balance_sheet,流动负债,USD,164917000000.0,2023-12-31,,10-K,2023,FY
LiabilitiesCurrent,balance_sheet,流动负债,USD,164917000000.0,2023-12-31,,10-Q,2024,Q1
LiabilitiesCurrent,balance_sheet,流动负债,USD,164917000000.0,2023-12-31,,10-Q,2024,Q2
LiabilitiesCurrent,balance_sheet,流动负债,USD,164917000000.0,2023-12-31,,10-Q,2024,Q3
LiabilitiesCurrent,balance_sheet,流动负债,USD,164917000000.0,2023-12-31,,10-K,2024,FY
LiabilitiesCurrent,balance_sheet,流动负债,USD,152965000000.0,2024-03-31,,10-Q,2024,Q1
LiabilitiesCurrent,balance_sheet,流动负债,USD,158172000000.0,2024-06-30,,10-Q,2024,Q2
LiabilitiesCurrent,balance_sheet,流动负债,USD,161477000000.0,2024-09-30,,10-Q,2024,Q3
LiabilitiesCurrent,balance_sheet,流动负债,USD,179431000000.0,2024-12-31,,10-K,2024,FY
LiabilitiesCurrent,balance_sheet,流动负债,USD,179431000000.0,2024-12-31,,10-Q,2025,Q1
LiabilitiesCurrent,balance_sheet,流动负债,USD,179431000000.0,2024-12-31,,10-Q,2025,Q2
LiabilitiesCurrent,balance_sheet,流动负债,USD,176171000000.0,2025-03-31,,10-Q,2025,Q1
LiabilitiesCurrent,balance_sheet,流动负债,USD,186921000000.0,2025-06-30,,10-Q,2025,Q2
AccountsPayableCurrent,balance_sheet,应付账款,USD,63926000000.0,2021-03-31,,10-Q,2021,Q1
AccountsPayableCurrent,balance_sheet,应付账款,USD,66090000000.0,2021-06-30,,10-Q,2021,Q2
AccountsPayableCurrent,balance_sheet,应付账款,USD,71474000000.0,2021-09-30,,10-Q,2021,Q3
AccountsPayableCurrent,balance_sheet,应付账款,USD,78664000000.0,2021-12-31,,10-K,2021,FY
AccountsPayableCurrent,balance_sheet,应付账款,USD,78664000000.0,2021-12-31,,10-Q,2022,Q1
AccountsPayableCurrent,balance_sheet,应付账款,USD,78664000000.0,2021-12-31,,10-Q,2022,Q2
AccountsPayableCurrent,balance_sheet,应付账款,USD,78664000000.0,2021-12-31,,10-Q,2022,Q3
AccountsPayableCurrent,balance_sheet,应付账款,USD,78664000000.0,2021-12-31,,10-K,2022,FY
AccountsPayableCurrent,balance_sheet,应付账款,USD,68547000000.0,2022-03-31,,10-Q,2022,Q1
AccountsPayableCurrent,balance_sheet,应付账款,USD,71219000000.0,2022-06-30,,10-Q,2022,Q2
AccountsPayableCurrent,balance_sheet,应付账款,USD,67760000000.0,2022-09-30,,10-Q,2022,Q3
AccountsPayableCurrent,balance_sheet,应付账款,USD,79600000000.0,2022-12-31,,10-K,2022,FY
AccountsPayableCurrent,balance_sheet,应付账款,USD,79600000000.0,2022-12-31,,10-Q,2023,Q1
AccountsPayableCurrent,balance_sheet,应付账款,USD,79600000000.0,2022-12-31,,10-Q,2023,Q2
AccountsPayableCurrent,balance_sheet,应付账款,USD,79600000000.0,2022-12-31,,10-Q,2023,Q3
AccountsPayableCurrent,balance_sheet,应付账款,USD,79600000000.0,2022-12-31,,10-K,2023,FY
AccountsPayableCurrent,balance_sheet,应付账款,USD,66907000000.0,2023-03-31,,10-Q,2023,Q1
AccountsPayableCurrent,balance_sheet,应付账款,USD,69481000000.0,2023-06-30,,10-Q,2023,Q2
AccountsPayableCurrent,balance_sheet,应付账款,USD,72004000000.0,2023-09-30,,10-Q,2023,Q3
AccountsPayableCurrent,balance_sheet,应付账款,USD,84981000000.0,2023-12-31,,10-K,2023,FY
AccountsPayableCurrent,balance_sheet,应付账款,USD,84981000000.0,2023-12-31,,10-Q,2024,Q1
AccountsPayableCurrent,balance_sheet,应付账款,USD,84981000000.0,2023-12-31,,10-Q,2024,Q2
AccountsPayableCurrent,balance_sheet,应付账款,USD,84981000000.0,2023-12-31,,10-Q,2024,Q3
AccountsPayableCurrent,balance_sheet,应付账款,USD,84981000000.0,2023-12-31,,10-K,2024,FY
AccountsPayableCurrent,balance_sheet,应付账款,USD,73068000000.0,2024-03-31,,10-Q,2024,Q1
AccountsPayableCurrent,balance_sheet,应付账款,USD,81817000000.0,2024-06-30,,10-Q,2024,Q2
AccountsPayableCurrent,balance_sheet,应付账款,USD,84570000000.0,2024-09-30,,10-Q,2024,Q3
AccountsPayableCurrent,balance_sheet,应付账款,USD,94363000000.0,2024-12-31,,10-K,2024,FY
AccountsPayableCurrent,balance_sheet,应付账款,USD,94363000000.0,2024-12-31,,10-Q,2025,Q1
AccountsPayableCurrent,balance_sheet,应付账款,USD,94363000000.0,2024-12-31,,10-Q,2025,Q2
AccountsPayableCurrent,balance_sheet,应付账款,USD,89241000000.0,2025-03-31,,10-Q,2025,Q1
AccountsPayableCurrent,balance_sheet,应付账款,USD,98285000000.0,2025-06-30,,10-Q,2025,Q2
LongTermDebtNoncurrent,balance_sheet,长期债务,USD,31868000000.0,2021-03-31,,10-Q,2021,Q1
LongTermDebtNoncurrent,balance_sheet,长期债务,USD,50279000000.0,2021-06-30,,10-Q,2021,Q2
LongTermDebtNoncurrent,balance_sheet,长期债务,USD,50055000000.0,2021-09-30,,10-Q,2021,Q3
LongTermDebtNoncurrent,balance_sheet,长期债务,USD,48744000000.0,2021-12-31,,10-K,2021,FY
LongTermDebtNoncurrent,balance_sheet,长期债务,USD,48744000000.0,2021-12-31,,10-Q,2022,Q1
LongTermDebtNoncurrent,balance_sheet,长期债务,USD,48744000000.0,2021-12-31,,10-Q,2022,Q2
LongTermDebtNoncurrent,balance_sheet,长期债务,USD,48744000000.0,2021-12-31,,10-Q,2022,Q3
LongTermDebtNoncurrent,balance_sheet,长期债务,USD,48744000000.0,2021-12-31,,10-K,2022,FY
LongTermDebtNoncurrent,balance_sheet,长期债务,USD,47556000000.0,2022-03-31,,10-Q,2022,Q1
LongTermDebtNoncurrent,balance_sheet,长期债务,USD,58053000000.0,2022-06-30,,10-Q,2022,Q2
LongTermDebtNoncurrent,balance_sheet,长期债务,USD,58919000000.0,2022-09-30,,10-Q,2022,Q3
LongTermDebtNoncurrent,balance_sheet,长期债务,USD,67150000000.0,2022-12-31,,10-K,2022,FY
LongTermDebtNoncurrent,balance_sheet,长期债务,USD,67150000000.0,2022-12-31,,10-Q,2023,Q1
LongTermDebtNoncurrent,balance_sheet,长期债务,USD,67150000000.0,2022-12-31,,10-Q,2023,Q2
LongTermDebtNoncurrent,balance_sheet,长期债务,USD,67150000000.0,2022-12-31,,10-Q,2023,Q3
LongTermDebtNoncurrent,balance_sheet,长期债务,USD,67150000000.0,2022-12-31,,10-K,2023,FY
LongTermDebtNoncurrent,balance_sheet,长期债务,USD,67084000000.0,2023-03-31,,10-Q,2023,Q1
LongTermDebtNoncurrent,balance_sheet,长期债务,USD,63092000000.0,2023-06-30,,10-Q,2023,Q2
LongTermDebtNoncurrent,balance_sheet,长期债务,USD,61098000000.0,2023-09-30,,10-Q,2023,Q3
LongTermDebtNoncurrent,balance_sheet,长期债务,USD,58314000000.0,2023-12-31,,10-K,2023,FY
LongTermDebtNoncurrent,balance_sheet,长期债务,USD,58314000000.0,2023-12-31,,10-Q,2024,Q1
LongTermDebtNoncurrent,balance_sheet,长期债务,USD,58314000000.0,2023-12-31,,10-Q,2024,Q2
LongTermDebtNoncurrent,balance_sheet,长期债务,USD,58314000000.0,2023-12-31,,10-Q,2024,Q3
LongTermDebtNoncurrent,balance_sheet,长期债务,USD,58314000000.0,2023-12-31,,10-K,2024,FY
LongTermDebtNoncurrent,balance_sheet,长期债务,USD,57634000000.0,2024-03-31,,10-Q,2024,Q1
LongTermDebtNoncurrent,balance_sheet,长期债务,USD,54889000000.0,2024-06-30,,10-Q,2024,Q2
LongTermDebtNoncurrent,balance_sheet,长期债务,USD,54890000000.0,2024-09-30,,10-Q,2024,Q3
LongTermDebtNoncurrent,balance_sheet,长期债务,USD,52623000000.0,2024-12-31,,10-K,2024,FY
LongTermDebtNoncurrent,balance_sheet,长期债务,USD,52623000000.0,2024-12-31,,10-Q,2025,Q1
LongTermDebtNoncurrent,balance_sheet,长期债务,USD,52623000000.0,2024-12-31,,10-Q,2025,Q2
LongTermDebtNoncurrent,balance_sheet,长期债务,USD,53374000000.0,2025-03-31,,10-Q,2025,Q1
LongTermDebtNoncurrent,balance_sheet,长期债务,USD,50718000000.0,2025-06-30,,10-Q,2025,Q2
StockholdersEquity,balance_sheet,股东权益,USD,103320000000.0,2021-03-31,,10-Q,2021,Q1
StockholdersEquity,balance_sheet,股东权益,USD,103320000000.0,2021-03-31,,10-Q,2021,Q2
StockholdersEquity,balance_sheet,股东权益,USD,103320000000.0,2021-03-31,,10-Q,2022,Q1
StockholdersEquity,balance_sheet,股东权益,USD,103320000000.0,2021-03-31,,10-Q,2022,Q2
StockholdersEquity,balance_sheet,股东权益,USD,114803000000.0,2021-06-30,,10-Q,2021,Q2
StockholdersEquity,balance_sheet,股东权益,USD,114803000000.0,2021-06-30,,10-Q,2021,Q3
StockholdersEquity,balance_sheet,股东权益,USD,114803000000.0,2021-06-30,,10-Q,2022,Q2
StockholdersEquity,balance_sheet,股东权益,USD,114803000000.0,2021-06-30,,10-Q,2022,Q3
StockholdersEquity,balance_sheet,股东权益,USD,120564000000.0,2021-09-30,,10-Q,2021,Q3
StockholdersEquity,balance_sheet,股东权益,USD,120564000000.0,2021-09-30,,10-Q,2022,Q3
StockholdersEquity,balance_sheet,股东权益,USD,138245000000.0,2021-12-31,,10-K,2021,FY
StockholdersEquity,balance_sheet,股东权益,USD,138245000000.0,2021-12-31,,10-Q,2022,Q1
StockholdersEquity,balance_sheet,股东权益,USD,138245000000.0,2021-12-31,,10-Q,2022,Q2
StockholdersEquity,balance_sheet,股东权益,USD,138245000000.0,2021-12-31,,10-Q,2022,Q3
StockholdersEquity,balance_sheet,股东权益,USD,138245000000.0,2021-12-31,,10-K,2022,FY
StockholdersEquity,balance_sheet,股东权益,USD,138245000000.0,2021-12-31,,10-Q,2023,Q1
StockholdersEquity,balance_sheet,股东权益,USD,138245000000.0,2021-12-31,,10-Q,2023,Q2
StockholdersEquity,balance_sheet,股东权益,USD,138245000000.0,2021-12-31,,10-Q,2023,Q3
StockholdersEquity,balance_sheet,股东权益,USD,138245000000.0,2021-12-31,,10-K,2023,FY
StockholdersEquity,balance_sheet,股东权益,USD,138245000000.0,2021-12-31,,10-K,2024,FY
StockholdersEquity,balance_sheet,股东权益,USD,134001000000.0,2022-03-31,,10-Q,2022,Q1
StockholdersEquity,balance_sheet,股东权益,USD,134001000000.0,2022-03-31,,10-Q,2022,Q2
StockholdersEquity,balance_sheet,股东权益,USD,134001000000.0,2022-03-31,,10-Q,2023,Q1
StockholdersEquity,balance_sheet,股东权益,USD,134001000000.0,2022-03-31,,10-Q,2023,Q2
StockholdersEquity,balance_sheet,股东权益,USD,131402000000.0,2022-06-30,,10-Q,2022,Q2
StockholdersEquity,balance_sheet,股东权益,USD,131402000000.0,2022-06-30,,10-Q,2022,Q3
StockholdersEquity,balance_sheet,股东权益,USD,131402000000.0,2022-06-30,,10-Q,2023,Q2
StockholdersEquity,balance_sheet,股东权益,USD,131402000000.0,2022-06-30,,10-Q,2023,Q3
StockholdersEquity,balance_sheet,股东权益,USD,137489000000.0,2022-09-30,,10-Q,2022,Q3
StockholdersEquity,balance_sheet,股东权益,USD,137489000000.0,2022-09-30,,10-Q,2023,Q3
StockholdersEquity,balance_sheet,股东权益,USD,146043000000.0,2022-12-31,,10-K,2022,FY
StockholdersEquity,balance_sheet,股东权益,USD,146043000000.0,2022-12-31,,10-Q,2023,Q1
StockholdersEquity,balance_sheet,股东权益,USD,146043000000.0,2022-12-31,,10-Q,2023,Q2
StockholdersEquity,balance_sheet,股东权益,USD,146043000000.0,2022-12-31,,10-Q,2023,Q3
StockholdersEquity,balance_sheet,股东权益,USD,146043000000.0,2022-12-31,,10-K,2023,FY
StockholdersEquity,balance_sheet,股东权益,USD,146043000000.0,2022-12-31,,10-Q,2024,Q1
StockholdersEquity,balance_sheet,股东权益,USD,146043000000.0,2022-12-31,,10-Q,2024,Q2
StockholdersEquity,balance_sheet,股东权益,USD,146043000000.0,2022-12-31,,10-Q,2024,Q3
StockholdersEquity,balance_sheet,股东权益,USD,146043000000.0,2022-12-31,,10-K,2024,FY
StockholdersEquity,balance_sheet,股东权益,USD,154526000000.0,2023-03-31,,10-Q,2023,Q1
StockholdersEquity,balance_sheet,股东权益,USD,154526000000.0,2023-03-31,,10-Q,2023,Q2
StockholdersEquity,balance_sheet,股东权益,USD,154526000000.0,2023-03-31,,10-Q,2024,Q1
StockholdersEquity,balance_sheet,股东权益,USD,154526000000.0,2023-03-31,,10-Q,2024,Q2
StockholdersEquity,balance_sheet,股东权益,USD,168602000000.0,2023-06-30,,10-Q,2023,Q2
StockholdersEquity,balance_sheet,股东权益,USD,168602000000.0,2023-06-30,,10-Q,2023,Q3
StockholdersEquity,balance_sheet,股东权益,USD,168602000000.0,2023-06-30,,10-Q,2024,Q2
StockholdersEquity,balance_sheet,股东权益,USD,168602000000.0,2023-06-30,,10-Q,2024,Q3
StockholdersEquity,balance_sheet,股东权益,USD,182973000000.0,2023-09-30,,10-Q,2023,Q3
StockholdersEquity,balance_sheet,股东权益,USD,182973000000.0,2023-09-30,,10-Q,2024,Q3
StockholdersEquity,balance_sheet,股东权益,USD,201875000000.0,2023-12-31,,10-K,2023,FY
StockholdersEquity,balance_sheet,股东权益,USD,201875000000.0,2023-12-31,,10-Q,2024,Q1
StockholdersEquity,balance_sheet,股东权益,USD,201875000000.0,2023-12-31,,10-Q,2024,Q2
StockholdersEquity,balance_sheet,股东权益,USD,201875000000.0,2023-12-31,,10-Q,2024,Q3
StockholdersEquity,balance_sheet,股东权益,USD,201875000000.0,2023-12-31,,10-K,2024,FY
StockholdersEquity,balance_sheet,股东权益,USD,201875000000.0,2023-12-31,,10-Q,2025,Q1
StockholdersEquity,balance_sheet,股东权益,USD,201875000000.0,2023-12-31,,10-Q,2025,Q2
StockholdersEquity,balance_sheet,股东权益,USD,216661000000.0,2024-03-31,,10-Q,2024,Q1
StockholdersEquity,balance_sheet,股东权益,USD,216661000000.0,2024-03-31,,10-Q,2024,Q2
StockholdersEquity,balance_sheet,股东权益,USD,216661000000.0,2024-03-31,,10-Q,2025,Q1
StockholdersEquity,balance_sheet,股东权益,USD,216661000000.0,2024-03-31,,10-Q,2025,Q2
StockholdersEquity,balance_sheet,股东权益,USD,236447000000.0,2024-06-30,,10-Q,2024,Q2
StockholdersEquity,balance_sheet,股东权益,USD,236447000000.0,2024-06-30,,10-Q,2024,Q3
StockholdersEquity,balance_sheet,股东权益,USD,236447000000.0,2024-06-30,,10-Q,2025,Q2
StockholdersEquity,balance_sheet,股东权益,USD,259151000000.0,2024-09-30,,10-Q,2024,Q3
StockholdersEquity,balance_sheet,股东权益,USD,285970000000.0,2024-12-31,,10-K,2024,FY
StockholdersEquity,balance_sheet,股东权益,USD,285970000000.0,2024-12-31,,10-Q,2025,Q1
StockholdersEquity,balance_sheet,股东权益,USD,285970000000.0,2024-12-31,,10-Q,2025,Q2
StockholdersEquity,balance_sheet,股东权益,USD,305867000000.0,2025-03-31,,10-Q,2025,Q1
StockholdersEquity,balance_sheet,股东权益,USD,305867000000.0,2025-03-31,,10-Q,2025,Q2
StockholdersEquity,balance_sheet,股东权益,USD,333775000000.0,2025-06-30,,10-Q,2025,Q2
CommonStockSharesIssued,balance_sheet,发行的普通股股数,shares,528000000.0,2021-03-31,,10-Q,2021,Q1
CommonStockSharesIssued,balance_sheet,发行的普通股股数,shares,530000000.0,2021-06-30,,10-Q,2021,Q2
CommonStockSharesIssued,balance_sheet,发行的普通股股数,shares,530000000.0,2021-09-30,,10-Q,2021,Q3
CommonStockSharesIssued,balance_sheet,发行的普通股股数,shares,532000000.0,2021-12-31,,10-K,2021,FY
CommonStockSharesIssued,balance_sheet,发行的普通股股数,shares,532000000.0,2021-12-31,,10-Q,2022,Q1
CommonStockSharesIssued,balance_sheet,发行的普通股股数,shares,10644000000.0,2021-12-31,,10-Q,2022,Q2
CommonStockSharesIssued,balance_sheet,发行的普通股股数,shares,10644000000.0,2021-12-31,,10-Q,2022,Q3
CommonStockSharesIssued,balance_sheet,发行的普通股股数,shares,10644000000.0,2021-12-31,,10-K,2022,FY
CommonStockSharesIssued,balance_sheet,发行的普通股股数,shares,533000000.0,2022-03-31,,10-Q,2022,Q1
CommonStockSharesIssued,balance_sheet,发行的普通股股数,shares,10699000000.0,2022-06-30,,10-Q,2022,Q2
CommonStockSharesIssued,balance_sheet,发行的普通股股数,shares,10714000000.0,2022-09-30,,10-Q,2022,Q3
CommonStockSharesIssued,balance_sheet,发行的普通股股数,shares,10757000000.0,2022-12-31,,10-K,2022,FY
CommonStockSharesIssued,balance_sheet,发行的普通股股数,shares,10757000000.0,2022-12-31,,10-Q,2023,Q1
CommonStockSharesIssued,balance_sheet,发行的普通股股数,shares,10757000000.0,2022-12-31,,10-Q,2023,Q2
CommonStockSharesIssued,balance_sheet,发行的普通股股数,shares,10757000000.0,2022-12-31,,10-Q,2023,Q3
CommonStockSharesIssued,balance_sheet,发行的普通股股数,shares,10757000000.0,2022-12-31,,10-K,2023,FY
CommonStockSharesIssued,balance_sheet,发行的普通股股数,shares,10773000000.0,2023-03-31,,10-Q,2023,Q1
CommonStockSharesIssued,balance_sheet,发行的普通股股数,shares,10828000000.0,2023-06-30,,10-Q,2023,Q2
CommonStockSharesIssued,balance_sheet,发行的普通股股数,shares,10845000000.0,2023-09-30,,10-Q,2023,Q3
CommonStockSharesIssued,balance_sheet,发行的普通股股数,shares,10898000000.0,2023-12-31,,10-K,2023,FY
CommonStockSharesIssued,balance_sheet,发行的普通股股数,shares,10898000000.0,2023-12-31,,10-Q,2024,Q1
CommonStockSharesIssued,balance_sheet,发行的普通股股数,shares,10898000000.0,2023-12-31,,10-Q,2024,Q2
CommonStockSharesIssued,balance_sheet,发行的普通股股数,shares,10898000000.0,2023-12-31,,10-Q,2024,Q3
CommonStockSharesIssued,balance_sheet,发行的普通股股数,shares,10898000000.0,2023-12-31,,10-K,2024,FY
CommonStockSharesIssued,balance_sheet,发行的普通股股数,shares,10918000000.0,2024-03-31,,10-Q,2024,Q1
CommonStockSharesIssued,balance_sheet,发行的普通股股数,shares,11005000000.0,2024-06-30,,10-Q,2024,Q2
CommonStockSharesIssued,balance_sheet,发行的普通股股数,shares,11026000000.0,2024-09-30,,10-Q,2024,Q3
CommonStockSharesIssued,balance_sheet,发行的普通股股数,shares,11108000000.0,2024-12-31,,10-K,2024,FY
CommonStockSharesIssued,balance_sheet,发行的普通股股数,shares,11108000000.0,2024-12-31,,10-Q,2025,Q1
CommonStockSharesIssued,balance_sheet,发行的普通股股数,shares,11108000000.0,2024-12-31,,10-Q,2025,Q2
CommonStockSharesIssued,balance_sheet,发行的普通股股数,shares,11128000000.0,2025-03-31,,10-Q,2025,Q1
CommonStockSharesIssued,balance_sheet,发行的普通股股数,shares,11175000000.0,2025-06-30,,10-Q,2025,Q2
RetainedEarningsAccumulatedDeficit,balance_sheet,留存收益,USD,60658000000.0,2021-03-31,,10-Q,2021,Q1
RetainedEarningsAccumulatedDeficit,balance_sheet,留存收益,USD,68436000000.0,2021-06-30,,10-Q,2021,Q2
RetainedEarningsAccumulatedDeficit,balance_sheet,留存收益,USD,71592000000.0,2021-09-30,,10-Q,2021,Q3
RetainedEarningsAccumulatedDeficit,balance_sheet,留存收益,USD,85915000000.0,2021-12-31,,10-K,2021,FY
RetainedEarningsAccumulatedDeficit,balance_sheet,留存收益,USD,85915000000.0,2021-12-31,,10-Q,2022,Q1
RetainedEarningsAccumulatedDeficit,balance_sheet,留存收益,USD,85915000000.0,2021-12-31,,10-Q,2022,Q2
RetainedEarningsAccumulatedDeficit,balance_sheet,留存收益,USD,85915000000.0,2021-12-31,,10-Q,2022,Q3
RetainedEarningsAccumulatedDeficit,balance_sheet,留存收益,USD,85915000000.0,2021-12-31,,10-K,2022,FY
RetainedEarningsAccumulatedDeficit,balance_sheet,留存收益,USD,82071000000.0,2022-03-31,,10-Q,2022,Q1
RetainedEarningsAccumulatedDeficit,balance_sheet,留存收益,USD,80043000000.0,2022-06-30,,10-Q,2022,Q2
RetainedEarningsAccumulatedDeficit,balance_sheet,留存收益,USD,82915000000.0,2022-09-30,,10-Q,2022,Q3
RetainedEarningsAccumulatedDeficit,balance_sheet,留存收益,USD,83193000000.0,2022-12-31,,10-K,2022,FY
RetainedEarningsAccumulatedDeficit,balance_sheet,留存收益,USD,83193000000.0,2022-12-31,,10-Q,2023,Q1
RetainedEarningsAccumulatedDeficit,balance_sheet,留存收益,USD,83193000000.0,2022-12-31,,10-Q,2023,Q2
RetainedEarningsAccumulatedDeficit,balance_sheet,留存收益,USD,83193000000.0,2022-12-31,,10-Q,2023,Q3
RetainedEarningsAccumulatedDeficit,balance_sheet,留存收益,USD,83193000000.0,2022-12-31,,10-K,2023,FY
RetainedEarningsAccumulatedDeficit,balance_sheet,留存收益,USD,86365000000.0,2023-03-31,,10-Q,2023,Q1
RetainedEarningsAccumulatedDeficit,balance_sheet,留存收益,USD,93115000000.0,2023-06-30,,10-Q,2023,Q2
RetainedEarningsAccumulatedDeficit,balance_sheet,留存收益,USD,102994000000.0,2023-09-30,,10-Q,2023,Q3
RetainedEarningsAccumulatedDeficit,balance_sheet,留存收益,USD,113618000000.0,2023-12-31,,10-K,2023,FY
RetainedEarningsAccumulatedDeficit,balance_sheet,留存收益,USD,113618000000.0,2023-12-31,,10-Q,2024,Q1
RetainedEarningsAccumulatedDeficit,balance_sheet,留存收益,USD,113618000000.0,2023-12-31,,10-Q,2024,Q2
RetainedEarningsAccumulatedDeficit,balance_sheet,留存收益,USD,113618000000.0,2023-12-31,,10-Q,2024,Q3
RetainedEarningsAccumulatedDeficit,balance_sheet,留存收益,USD,113618000000.0,2023-12-31,,10-K,2024,FY
RetainedEarningsAccumulatedDeficit,balance_sheet,留存收益,USD,124049000000.0,2024-03-31,,10-Q,2024,Q1
RetainedEarningsAccumulatedDeficit,balance_sheet,留存收益,USD,137534000000.0,2024-06-30,,10-Q,2024,Q2
RetainedEarningsAccumulatedDeficit,balance_sheet,留存收益,USD,152862000000.0,2024-09-30,,10-Q,2024,Q3
RetainedEarningsAccumulatedDeficit,balance_sheet,留存收益,USD,172866000000.0,2024-12-31,,10-K,2024,FY
RetainedEarningsAccumulatedDeficit,balance_sheet,留存收益,USD,172866000000.0,2024-12-31,,10-Q,2025,Q1
RetainedEarningsAccumulatedDeficit,balance_sheet,留存收益,USD,172866000000.0,2024-12-31,,10-Q,2025,Q2
RetainedEarningsAccumulatedDeficit,balance_sheet,留存收益,USD,189993000000.0,2025-03-31,,10-Q,2025,Q1
RetainedEarningsAccumulatedDeficit,balance_sheet,留存收益,USD,208157000000.0,2025-06-30,,10-Q,2025,Q2
