concept,category,chinese_name,unit,value,end_date,start_date,form,fiscal_year,fiscal_period
NetCashProvidedByUsedInOperatingActivities,cash_flow,经营活动现金流,USD,67213000000.0,2021-03-31,2020-04-01,10-Q,2021,Q1
NetCashProvidedByUsedInOperatingActivities,cash_flow,经营活动现金流,USD,67213000000.0,2021-03-31,2020-04-01,10-Q,2022,Q1
NetCashProvidedByUsedInOperatingActivities,cash_flow,经营活动现金流,USD,4213000000.0,2021-03-31,2021-01-01,10-Q,2021,Q1
NetCashProvidedByUsedInOperatingActivities,cash_flow,经营活动现金流,USD,4213000000.0,2021-03-31,2021-01-01,10-Q,2022,Q1
NetCashProvidedByUsedInOperatingActivities,cash_flow,经营活动现金流,USD,59322000000.0,2021-06-30,2020-07-01,10-Q,2021,Q2
NetCashProvidedByUsedInOperatingActivities,cash_flow,经营活动现金流,USD,59322000000.0,2021-06-30,2020-07-01,10-Q,2022,Q2
NetCashProvidedByUsedInOperatingActivities,cash_flow,经营活动现金流,USD,16928000000.0,2021-06-30,2021-01-01,10-Q,2021,Q2
NetCashProvidedByUsedInOperatingActivities,cash_flow,经营活动现金流,USD,16928000000.0,2021-06-30,2021-01-01,10-Q,2022,Q2
NetCashProvidedByUsedInOperatingActivities,cash_flow,经营活动现金流,USD,12715000000.0,2021-06-30,2021-04-01,10-Q,2021,Q2
NetCashProvidedByUsedInOperatingActivities,cash_flow,经营活动现金流,USD,12715000000.0,2021-06-30,2021-04-01,10-Q,2022,Q2
NetCashProvidedByUsedInOperatingActivities,cash_flow,经营活动现金流,USD,54671000000.0,2021-09-30,2020-10-01,10-Q,2021,Q3
NetCashProvidedByUsedInOperatingActivities,cash_flow,经营活动现金流,USD,54671000000.0,2021-09-30,2020-10-01,10-Q,2022,Q3
NetCashProvidedByUsedInOperatingActivities,cash_flow,经营活动现金流,USD,24241000000.0,2021-09-30,2021-01-01,10-Q,2021,Q3
NetCashProvidedByUsedInOperatingActivities,cash_flow,经营活动现金流,USD,24241000000.0,2021-09-30,2021-01-01,10-Q,2022,Q3
NetCashProvidedByUsedInOperatingActivities,cash_flow,经营活动现金流,USD,7313000000.0,2021-09-30,2021-07-01,10-Q,2021,Q3
NetCashProvidedByUsedInOperatingActivities,cash_flow,经营活动现金流,USD,7313000000.0,2021-09-30,2021-07-01,10-Q,2022,Q3
NetCashProvidedByUsedInOperatingActivities,cash_flow,经营活动现金流,USD,46327000000.0,2021-12-31,2021-01-01,10-K,2021,FY
NetCashProvidedByUsedInOperatingActivities,cash_flow,经营活动现金流,USD,46327000000.0,2021-12-31,2021-01-01,10-K,2022,FY
NetCashProvidedByUsedInOperatingActivities,cash_flow,经营活动现金流,USD,46327000000.0,2021-12-31,2021-01-01,10-K,2023,FY
NetCashProvidedByUsedInOperatingActivities,cash_flow,经营活动现金流,USD,39324000000.0,2022-03-31,2021-04-01,10-Q,2022,Q1
NetCashProvidedByUsedInOperatingActivities,cash_flow,经营活动现金流,USD,39324000000.0,2022-03-31,2021-04-01,10-Q,2023,Q1
NetCashProvidedByUsedInOperatingActivities,cash_flow,经营活动现金流,USD,-2790000000.0,2022-03-31,2022-01-01,10-Q,2022,Q1
NetCashProvidedByUsedInOperatingActivities,cash_flow,经营活动现金流,USD,-2790000000.0,2022-03-31,2022-01-01,10-Q,2023,Q1
NetCashProvidedByUsedInOperatingActivities,cash_flow,经营活动现金流,USD,35574000000.0,2022-06-30,2021-07-01,10-Q,2022,Q2
NetCashProvidedByUsedInOperatingActivities,cash_flow,经营活动现金流,USD,35574000000.0,2022-06-30,2021-07-01,10-Q,2023,Q2
NetCashProvidedByUsedInOperatingActivities,cash_flow,经营活动现金流,USD,6175000000.0,2022-06-30,2022-01-01,10-Q,2022,Q2
NetCashProvidedByUsedInOperatingActivities,cash_flow,经营活动现金流,USD,6175000000.0,2022-06-30,2022-01-01,10-Q,2023,Q2
NetCashProvidedByUsedInOperatingActivities,cash_flow,经营活动现金流,USD,8965000000.0,2022-06-30,2022-04-01,10-Q,2022,Q2
NetCashProvidedByUsedInOperatingActivities,cash_flow,经营活动现金流,USD,8965000000.0,2022-06-30,2022-04-01,10-Q,2023,Q2
NetCashProvidedByUsedInOperatingActivities,cash_flow,经营活动现金流,USD,39665000000.0,2022-09-30,2021-10-01,10-Q,2022,Q3
NetCashProvidedByUsedInOperatingActivities,cash_flow,经营活动现金流,USD,39665000000.0,2022-09-30,2021-10-01,10-Q,2023,Q3
NetCashProvidedByUsedInOperatingActivities,cash_flow,经营活动现金流,USD,17579000000.0,2022-09-30,2022-01-01,10-Q,2022,Q3
NetCashProvidedByUsedInOperatingActivities,cash_flow,经营活动现金流,USD,17579000000.0,2022-09-30,2022-01-01,10-Q,2023,Q3
NetCashProvidedByUsedInOperatingActivities,cash_flow,经营活动现金流,USD,11404000000.0,2022-09-30,2022-07-01,10-Q,2022,Q3
NetCashProvidedByUsedInOperatingActivities,cash_flow,经营活动现金流,USD,11404000000.0,2022-09-30,2022-07-01,10-Q,2023,Q3
NetCashProvidedByUsedInOperatingActivities,cash_flow,经营活动现金流,USD,46752000000.0,2022-12-31,2022-01-01,10-K,2022,FY
NetCashProvidedByUsedInOperatingActivities,cash_flow,经营活动现金流,USD,46752000000.0,2022-12-31,2022-01-01,10-K,2023,FY
NetCashProvidedByUsedInOperatingActivities,cash_flow,经营活动现金流,USD,46752000000.0,2022-12-31,2022-01-01,10-K,2024,FY
NetCashProvidedByUsedInOperatingActivities,cash_flow,经营活动现金流,USD,54330000000.0,2023-03-31,2022-04-01,10-Q,2023,Q1
NetCashProvidedByUsedInOperatingActivities,cash_flow,经营活动现金流,USD,54330000000.0,2023-03-31,2022-04-01,10-Q,2024,Q1
NetCashProvidedByUsedInOperatingActivities,cash_flow,经营活动现金流,USD,4788000000.0,2023-03-31,2023-01-01,10-Q,2023,Q1
NetCashProvidedByUsedInOperatingActivities,cash_flow,经营活动现金流,USD,4788000000.0,2023-03-31,2023-01-01,10-Q,2024,Q1
NetCashProvidedByUsedInOperatingActivities,cash_flow,经营活动现金流,USD,61841000000.0,2023-06-30,2022-07-01,10-Q,2023,Q2
NetCashProvidedByUsedInOperatingActivities,cash_flow,经营活动现金流,USD,61841000000.0,2023-06-30,2022-07-01,10-Q,2024,Q2
NetCashProvidedByUsedInOperatingActivities,cash_flow,经营活动现金流,USD,21264000000.0,2023-06-30,2023-01-01,10-Q,2023,Q2
NetCashProvidedByUsedInOperatingActivities,cash_flow,经营活动现金流,USD,21264000000.0,2023-06-30,2023-01-01,10-Q,2024,Q2
NetCashProvidedByUsedInOperatingActivities,cash_flow,经营活动现金流,USD,16476000000.0,2023-06-30,2023-04-01,10-Q,2023,Q2
NetCashProvidedByUsedInOperatingActivities,cash_flow,经营活动现金流,USD,16476000000.0,2023-06-30,2023-04-01,10-Q,2024,Q2
NetCashProvidedByUsedInOperatingActivities,cash_flow,经营活动现金流,USD,71654000000.0,2023-09-30,2022-10-01,10-Q,2023,Q3
NetCashProvidedByUsedInOperatingActivities,cash_flow,经营活动现金流,USD,71654000000.0,2023-09-30,2022-10-01,10-Q,2024,Q3
NetCashProvidedByUsedInOperatingActivities,cash_flow,经营活动现金流,USD,42481000000.0,2023-09-30,2023-01-01,10-Q,2023,Q3
NetCashProvidedByUsedInOperatingActivities,cash_flow,经营活动现金流,USD,42481000000.0,2023-09-30,2023-01-01,10-Q,2024,Q3
NetCashProvidedByUsedInOperatingActivities,cash_flow,经营活动现金流,USD,21217000000.0,2023-09-30,2023-07-01,10-Q,2023,Q3
NetCashProvidedByUsedInOperatingActivities,cash_flow,经营活动现金流,USD,21217000000.0,2023-09-30,2023-07-01,10-Q,2024,Q3
NetCashProvidedByUsedInOperatingActivities,cash_flow,经营活动现金流,USD,84946000000.0,2023-12-31,2023-01-01,10-K,2023,FY
NetCashProvidedByUsedInOperatingActivities,cash_flow,经营活动现金流,USD,84946000000.0,2023-12-31,2023-01-01,10-K,2024,FY
NetCashProvidedByUsedInOperatingActivities,cash_flow,经营活动现金流,USD,99147000000.0,2024-03-31,2023-04-01,10-Q,2024,Q1
NetCashProvidedByUsedInOperatingActivities,cash_flow,经营活动现金流,USD,99147000000.0,2024-03-31,2023-04-01,10-Q,2025,Q1
NetCashProvidedByUsedInOperatingActivities,cash_flow,经营活动现金流,USD,18989000000.0,2024-03-31,2024-01-01,10-Q,2024,Q1
NetCashProvidedByUsedInOperatingActivities,cash_flow,经营活动现金流,USD,18989000000.0,2024-03-31,2024-01-01,10-Q,2025,Q1
NetCashProvidedByUsedInOperatingActivities,cash_flow,经营活动现金流,USD,107952000000.0,2024-06-30,2023-07-01,10-Q,2024,Q2
NetCashProvidedByUsedInOperatingActivities,cash_flow,经营活动现金流,USD,107952000000.0,2024-06-30,2023-07-01,10-Q,2025,Q2
NetCashProvidedByUsedInOperatingActivities,cash_flow,经营活动现金流,USD,44270000000.0,2024-06-30,2024-01-01,10-Q,2024,Q2
NetCashProvidedByUsedInOperatingActivities,cash_flow,经营活动现金流,USD,44270000000.0,2024-06-30,2024-01-01,10-Q,2025,Q2
NetCashProvidedByUsedInOperatingActivities,cash_flow,经营活动现金流,USD,25281000000.0,2024-06-30,2024-04-01,10-Q,2024,Q2
NetCashProvidedByUsedInOperatingActivities,cash_flow,经营活动现金流,USD,25281000000.0,2024-06-30,2024-04-01,10-Q,2025,Q2
NetCashProvidedByUsedInOperatingActivities,cash_flow,经营活动现金流,USD,112706000000.0,2024-09-30,2023-10-01,10-Q,2024,Q3
NetCashProvidedByUsedInOperatingActivities,cash_flow,经营活动现金流,USD,70241000000.0,2024-09-30,2024-01-01,10-Q,2024,Q3
NetCashProvidedByUsedInOperatingActivities,cash_flow,经营活动现金流,USD,25971000000.0,2024-09-30,2024-07-01,10-Q,2024,Q3
NetCashProvidedByUsedInOperatingActivities,cash_flow,经营活动现金流,USD,115877000000.0,2024-12-31,2024-01-01,10-K,2024,FY
NetCashProvidedByUsedInOperatingActivities,cash_flow,经营活动现金流,USD,113903000000.0,2025-03-31,2024-04-01,10-Q,2025,Q1
NetCashProvidedByUsedInOperatingActivities,cash_flow,经营活动现金流,USD,17015000000.0,2025-03-31,2025-01-01,10-Q,2025,Q1
NetCashProvidedByUsedInOperatingActivities,cash_flow,经营活动现金流,USD,121137000000.0,2025-06-30,2024-07-01,10-Q,2025,Q2
NetCashProvidedByUsedInOperatingActivities,cash_flow,经营活动现金流,USD,49530000000.0,2025-06-30,2025-01-01,10-Q,2025,Q2
NetCashProvidedByUsedInOperatingActivities,cash_flow,经营活动现金流,USD,32515000000.0,2025-06-30,2025-04-01,10-Q,2025,Q2
NetCashProvidedByUsedInInvestingActivities,cash_flow,投资活动现金流,USD,-59383000000.0,2021-03-31,2020-04-01,10-Q,2021,Q1
NetCashProvidedByUsedInInvestingActivities,cash_flow,投资活动现金流,USD,-59383000000.0,2021-03-31,2020-04-01,10-Q,2022,Q1
NetCashProvidedByUsedInInvestingActivities,cash_flow,投资活动现金流,USD,-8666000000.0,2021-03-31,2021-01-01,10-Q,2021,Q1
NetCashProvidedByUsedInInvestingActivities,cash_flow,投资活动现金流,USD,-8666000000.0,2021-03-31,2021-01-01,10-Q,2022,Q1
NetCashProvidedByUsedInInvestingActivities,cash_flow,投资活动现金流,USD,-63659000000.0,2021-06-30,2020-07-01,10-Q,2021,Q2
NetCashProvidedByUsedInInvestingActivities,cash_flow,投资活动现金流,USD,-63659000000.0,2021-06-30,2020-07-01,10-Q,2022,Q2
NetCashProvidedByUsedInInvestingActivities,cash_flow,投资活动现金流,USD,-30746000000.0,2021-06-30,2021-01-01,10-Q,2021,Q2
NetCashProvidedByUsedInInvestingActivities,cash_flow,投资活动现金流,USD,-30746000000.0,2021-06-30,2021-01-01,10-Q,2022,Q2
NetCashProvidedByUsedInInvestingActivities,cash_flow,投资活动现金流,USD,-22080000000.0,2021-06-30,2021-04-01,10-Q,2021,Q2
NetCashProvidedByUsedInInvestingActivities,cash_flow,投资活动现金流,USD,-22080000000.0,2021-06-30,2021-04-01,10-Q,2022,Q2
NetCashProvidedByUsedInInvestingActivities,cash_flow,投资活动现金流,USD,-62611000000.0,2021-09-30,2020-10-01,10-Q,2021,Q3
NetCashProvidedByUsedInInvestingActivities,cash_flow,投资活动现金流,USD,-62611000000.0,2021-09-30,2020-10-01,10-Q,2022,Q3
NetCashProvidedByUsedInInvestingActivities,cash_flow,投资活动现金流,USD,-45574000000.0,2021-09-30,2021-01-01,10-Q,2021,Q3
NetCashProvidedByUsedInInvestingActivities,cash_flow,投资活动现金流,USD,-45574000000.0,2021-09-30,2021-01-01,10-Q,2022,Q3
NetCashProvidedByUsedInInvestingActivities,cash_flow,投资活动现金流,USD,-14828000000.0,2021-09-30,2021-07-01,10-Q,2021,Q3
NetCashProvidedByUsedInInvestingActivities,cash_flow,投资活动现金流,USD,-14828000000.0,2021-09-30,2021-07-01,10-Q,2022,Q3
NetCashProvidedByUsedInInvestingActivities,cash_flow,投资活动现金流,USD,-58154000000.0,2021-12-31,2021-01-01,10-K,2021,FY
NetCashProvidedByUsedInInvestingActivities,cash_flow,投资活动现金流,USD,-58154000000.0,2021-12-31,2021-01-01,10-K,2022,FY
NetCashProvidedByUsedInInvestingActivities,cash_flow,投资活动现金流,USD,-58154000000.0,2021-12-31,2021-01-01,10-K,2023,FY
NetCashProvidedByUsedInInvestingActivities,cash_flow,投资活动现金流,USD,-48582000000.0,2022-03-31,2021-04-01,10-Q,2022,Q1
NetCashProvidedByUsedInInvestingActivities,cash_flow,投资活动现金流,USD,-48582000000.0,2022-03-31,2021-04-01,10-Q,2023,Q1
NetCashProvidedByUsedInInvestingActivities,cash_flow,投资活动现金流,USD,906000000.0,2022-03-31,2022-01-01,10-Q,2022,Q1
NetCashProvidedByUsedInInvestingActivities,cash_flow,投资活动现金流,USD,906000000.0,2022-03-31,2022-01-01,10-Q,2023,Q1
NetCashProvidedByUsedInInvestingActivities,cash_flow,投资活动现金流,USD,-38580000000.0,2022-06-30,2021-07-01,10-Q,2022,Q2
NetCashProvidedByUsedInInvestingActivities,cash_flow,投资活动现金流,USD,-38580000000.0,2022-06-30,2021-07-01,10-Q,2023,Q2
NetCashProvidedByUsedInInvestingActivities,cash_flow,投资活动现金流,USD,-11172000000.0,2022-06-30,2022-01-01,10-Q,2022,Q2
NetCashProvidedByUsedInInvestingActivities,cash_flow,投资活动现金流,USD,-11172000000.0,2022-06-30,2022-01-01,10-Q,2023,Q2
NetCashProvidedByUsedInInvestingActivities,cash_flow,投资活动现金流,USD,-12078000000.0,2022-06-30,2022-04-01,10-Q,2022,Q2
NetCashProvidedByUsedInInvestingActivities,cash_flow,投资活动现金流,USD,-12078000000.0,2022-06-30,2022-04-01,10-Q,2023,Q2
NetCashProvidedByUsedInInvestingActivities,cash_flow,投资活动现金流,USD,-39360000000.0,2022-09-30,2021-10-01,10-Q,2022,Q3
NetCashProvidedByUsedInInvestingActivities,cash_flow,投资活动现金流,USD,-39360000000.0,2022-09-30,2021-10-01,10-Q,2023,Q3
NetCashProvidedByUsedInInvestingActivities,cash_flow,投资活动现金流,USD,-26780000000.0,2022-09-30,2022-01-01,10-Q,2022,Q3
NetCashProvidedByUsedInInvestingActivities,cash_flow,投资活动现金流,USD,-26780000000.0,2022-09-30,2022-01-01,10-Q,2023,Q3
NetCashProvidedByUsedInInvestingActivities,cash_flow,投资活动现金流,USD,-15608000000.0,2022-09-30,2022-07-01,10-Q,2022,Q3
NetCashProvidedByUsedInInvestingActivities,cash_flow,投资活动现金流,USD,-15608000000.0,2022-09-30,2022-07-01,10-Q,2023,Q3
NetCashProvidedByUsedInInvestingActivities,cash_flow,投资活动现金流,USD,-37601000000.0,2022-12-31,2022-01-01,10-K,2022,FY
NetCashProvidedByUsedInInvestingActivities,cash_flow,投资活动现金流,USD,-37601000000.0,2022-12-31,2022-01-01,10-K,2023,FY
NetCashProvidedByUsedInInvestingActivities,cash_flow,投资活动现金流,USD,-37601000000.0,2022-12-31,2022-01-01,10-K,2024,FY
NetCashProvidedByUsedInInvestingActivities,cash_flow,投资活动现金流,USD,-54313000000.0,2023-03-31,2022-04-01,10-Q,2023,Q1
NetCashProvidedByUsedInInvestingActivities,cash_flow,投资活动现金流,USD,-54313000000.0,2023-03-31,2022-04-01,10-Q,2024,Q1
NetCashProvidedByUsedInInvestingActivities,cash_flow,投资活动现金流,USD,-15806000000.0,2023-03-31,2023-01-01,10-Q,2023,Q1
NetCashProvidedByUsedInInvestingActivities,cash_flow,投资活动现金流,USD,-15806000000.0,2023-03-31,2023-01-01,10-Q,2024,Q1
NetCashProvidedByUsedInInvestingActivities,cash_flow,投资活动现金流,USD,-51908000000.0,2023-06-30,2022-07-01,10-Q,2023,Q2
NetCashProvidedByUsedInInvestingActivities,cash_flow,投资活动现金流,USD,-51908000000.0,2023-06-30,2022-07-01,10-Q,2024,Q2
NetCashProvidedByUsedInInvestingActivities,cash_flow,投资活动现金流,USD,-25479000000.0,2023-06-30,2023-01-01,10-Q,2023,Q2
NetCashProvidedByUsedInInvestingActivities,cash_flow,投资活动现金流,USD,-25479000000.0,2023-06-30,2023-01-01,10-Q,2024,Q2
NetCashProvidedByUsedInInvestingActivities,cash_flow,投资活动现金流,USD,-9673000000.0,2023-06-30,2023-04-01,10-Q,2023,Q2
NetCashProvidedByUsedInInvestingActivities,cash_flow,投资活动现金流,USD,-9673000000.0,2023-06-30,2023-04-01,10-Q,2024,Q2
NetCashProvidedByUsedInInvestingActivities,cash_flow,投资活动现金流,USD,-48053000000.0,2023-09-30,2022-10-01,10-Q,2023,Q3
NetCashProvidedByUsedInInvestingActivities,cash_flow,投资活动现金流,USD,-48053000000.0,2023-09-30,2022-10-01,10-Q,2024,Q3
NetCashProvidedByUsedInInvestingActivities,cash_flow,投资活动现金流,USD,-37232000000.0,2023-09-30,2023-01-01,10-Q,2023,Q3
NetCashProvidedByUsedInInvestingActivities,cash_flow,投资活动现金流,USD,-37232000000.0,2023-09-30,2023-01-01,10-Q,2024,Q3
NetCashProvidedByUsedInInvestingActivities,cash_flow,投资活动现金流,USD,-11753000000.0,2023-09-30,2023-07-01,10-Q,2023,Q3
NetCashProvidedByUsedInInvestingActivities,cash_flow,投资活动现金流,USD,-11753000000.0,2023-09-30,2023-07-01,10-Q,2024,Q3
NetCashProvidedByUsedInInvestingActivities,cash_flow,投资活动现金流,USD,-49833000000.0,2023-12-31,2023-01-01,10-K,2023,FY
NetCashProvidedByUsedInInvestingActivities,cash_flow,投资活动现金流,USD,-49833000000.0,2023-12-31,2023-01-01,10-K,2024,FY
NetCashProvidedByUsedInInvestingActivities,cash_flow,投资活动现金流,USD,-51889000000.0,2024-03-31,2023-04-01,10-Q,2024,Q1
NetCashProvidedByUsedInInvestingActivities,cash_flow,投资活动现金流,USD,-51889000000.0,2024-03-31,2023-04-01,10-Q,2025,Q1
NetCashProvidedByUsedInInvestingActivities,cash_flow,投资活动现金流,USD,-17862000000.0,2024-03-31,2024-01-01,10-Q,2024,Q1
NetCashProvidedByUsedInInvestingActivities,cash_flow,投资活动现金流,USD,-17862000000.0,2024-03-31,2024-01-01,10-Q,2025,Q1
NetCashProvidedByUsedInInvestingActivities,cash_flow,投资活动现金流,USD,-64354000000.0,2024-06-30,2023-07-01,10-Q,2024,Q2
NetCashProvidedByUsedInInvestingActivities,cash_flow,投资活动现金流,USD,-64354000000.0,2024-06-30,2023-07-01,10-Q,2025,Q2
NetCashProvidedByUsedInInvestingActivities,cash_flow,投资活动现金流,USD,-40000000000.0,2024-06-30,2024-01-01,10-Q,2024,Q2
NetCashProvidedByUsedInInvestingActivities,cash_flow,投资活动现金流,USD,-40000000000.0,2024-06-30,2024-01-01,10-Q,2025,Q2
NetCashProvidedByUsedInInvestingActivities,cash_flow,投资活动现金流,USD,-22138000000.0,2024-06-30,2024-04-01,10-Q,2024,Q2
NetCashProvidedByUsedInInvestingActivities,cash_flow,投资活动现金流,USD,-22138000000.0,2024-06-30,2024-04-01,10-Q,2025,Q2
NetCashProvidedByUsedInInvestingActivities,cash_flow,投资活动现金流,USD,-69500000000.0,2024-09-30,2023-10-01,10-Q,2024,Q3
NetCashProvidedByUsedInInvestingActivities,cash_flow,投资活动现金流,USD,-56899000000.0,2024-09-30,2024-01-01,10-Q,2024,Q3
NetCashProvidedByUsedInInvestingActivities,cash_flow,投资活动现金流,USD,-16899000000.0,2024-09-30,2024-07-01,10-Q,2024,Q3
NetCashProvidedByUsedInInvestingActivities,cash_flow,投资活动现金流,USD,-94342000000.0,2024-12-31,2024-01-01,10-K,2024,FY
NetCashProvidedByUsedInInvestingActivities,cash_flow,投资活动现金流,USD,-106283000000.0,2025-03-31,2024-04-01,10-Q,2025,Q1
NetCashProvidedByUsedInInvestingActivities,cash_flow,投资活动现金流,USD,-29803000000.0,2025-03-31,2025-01-01,10-Q,2025,Q1
NetCashProvidedByUsedInInvestingActivities,cash_flow,投资活动现金流,USD,-123569000000.0,2025-06-30,2024-07-01,10-Q,2025,Q2
NetCashProvidedByUsedInInvestingActivities,cash_flow,投资活动现金流,USD,-69227000000.0,2025-06-30,2025-01-01,10-Q,2025,Q2
NetCashProvidedByUsedInInvestingActivities,cash_flow,投资活动现金流,USD,-39424000000.0,2025-06-30,2025-04-01,10-Q,2025,Q2
NetCashProvidedByUsedInFinancingActivities,cash_flow,筹资活动现金流,USD,-1989000000.0,2021-03-31,2020-04-01,10-Q,2021,Q1
NetCashProvidedByUsedInFinancingActivities,cash_flow,筹资活动现金流,USD,-1989000000.0,2021-03-31,2020-04-01,10-Q,2022,Q1
NetCashProvidedByUsedInFinancingActivities,cash_flow,筹资活动现金流,USD,-3476000000.0,2021-03-31,2021-01-01,10-Q,2021,Q1
NetCashProvidedByUsedInFinancingActivities,cash_flow,筹资活动现金流,USD,-3476000000.0,2021-03-31,2021-01-01,10-Q,2022,Q1
NetCashProvidedByUsedInFinancingActivities,cash_flow,筹资活动现金流,USD,6246000000.0,2021-06-30,2020-07-01,10-Q,2021,Q2
NetCashProvidedByUsedInFinancingActivities,cash_flow,筹资活动现金流,USD,6246000000.0,2021-06-30,2020-07-01,10-Q,2022,Q2
NetCashProvidedByUsedInFinancingActivities,cash_flow,筹资活动现金流,USD,12167000000.0,2021-06-30,2021-01-01,10-Q,2021,Q2
NetCashProvidedByUsedInFinancingActivities,cash_flow,筹资活动现金流,USD,12167000000.0,2021-06-30,2021-01-01,10-Q,2022,Q2
NetCashProvidedByUsedInFinancingActivities,cash_flow,筹资活动现金流,USD,15643000000.0,2021-06-30,2021-04-01,10-Q,2021,Q2
NetCashProvidedByUsedInFinancingActivities,cash_flow,筹资活动现金流,USD,15643000000.0,2021-06-30,2021-04-01,10-Q,2022,Q2
NetCashProvidedByUsedInFinancingActivities,cash_flow,筹资活动现金流,USD,7575000000.0,2021-09-30,2020-10-01,10-Q,2021,Q3
NetCashProvidedByUsedInFinancingActivities,cash_flow,筹资活动现金流,USD,7575000000.0,2021-09-30,2020-10-01,10-Q,2022,Q3
NetCashProvidedByUsedInFinancingActivities,cash_flow,筹资活动现金流,USD,9391000000.0,2021-09-30,2021-01-01,10-Q,2021,Q3
NetCashProvidedByUsedInFinancingActivities,cash_flow,筹资活动现金流,USD,9391000000.0,2021-09-30,2021-01-01,10-Q,2022,Q3
NetCashProvidedByUsedInFinancingActivities,cash_flow,筹资活动现金流,USD,-2776000000.0,2021-09-30,2021-07-01,10-Q,2021,Q3
NetCashProvidedByUsedInFinancingActivities,cash_flow,筹资活动现金流,USD,-2776000000.0,2021-09-30,2021-07-01,10-Q,2022,Q3
NetCashProvidedByUsedInFinancingActivities,cash_flow,筹资活动现金流,USD,6291000000.0,2021-12-31,2021-01-01,10-K,2021,FY
NetCashProvidedByUsedInFinancingActivities,cash_flow,筹资活动现金流,USD,6291000000.0,2021-12-31,2021-01-01,10-K,2022,FY
NetCashProvidedByUsedInFinancingActivities,cash_flow,筹资活动现金流,USD,6291000000.0,2021-12-31,2021-01-01,10-K,2023,FY
NetCashProvidedByUsedInFinancingActivities,cash_flow,筹资活动现金流,USD,11757000000.0,2022-03-31,2021-04-01,10-Q,2022,Q1
NetCashProvidedByUsedInFinancingActivities,cash_flow,筹资活动现金流,USD,11757000000.0,2022-03-31,2021-04-01,10-Q,2023,Q1
NetCashProvidedByUsedInFinancingActivities,cash_flow,筹资活动现金流,USD,1990000000.0,2022-03-31,2022-01-01,10-Q,2022,Q1
NetCashProvidedByUsedInFinancingActivities,cash_flow,筹资活动现金流,USD,1990000000.0,2022-03-31,2022-01-01,10-Q,2023,Q1
NetCashProvidedByUsedInFinancingActivities,cash_flow,筹资活动现金流,USD,740000000.0,2022-06-30,2021-07-01,10-Q,2022,Q2
NetCashProvidedByUsedInFinancingActivities,cash_flow,筹资活动现金流,USD,740000000.0,2022-06-30,2021-07-01,10-Q,2023,Q2
NetCashProvidedByUsedInFinancingActivities,cash_flow,筹资活动现金流,USD,6616000000.0,2022-06-30,2022-01-01,10-Q,2022,Q2
NetCashProvidedByUsedInFinancingActivities,cash_flow,筹资活动现金流,USD,6616000000.0,2022-06-30,2022-01-01,10-Q,2023,Q2
NetCashProvidedByUsedInFinancingActivities,cash_flow,筹资活动现金流,USD,4626000000.0,2022-06-30,2022-04-01,10-Q,2022,Q2
NetCashProvidedByUsedInFinancingActivities,cash_flow,筹资活动现金流,USD,4626000000.0,2022-06-30,2022-04-01,10-Q,2023,Q2
NetCashProvidedByUsedInFinancingActivities,cash_flow,筹资活动现金流,USD,6532000000.0,2022-09-30,2021-10-01,10-Q,2022,Q3
NetCashProvidedByUsedInFinancingActivities,cash_flow,筹资活动现金流,USD,6532000000.0,2022-09-30,2021-10-01,10-Q,2023,Q3
NetCashProvidedByUsedInFinancingActivities,cash_flow,筹资活动现金流,USD,9632000000.0,2022-09-30,2022-01-01,10-Q,2022,Q3
NetCashProvidedByUsedInFinancingActivities,cash_flow,筹资活动现金流,USD,9632000000.0,2022-09-30,2022-01-01,10-Q,2023,Q3
NetCashProvidedByUsedInFinancingActivities,cash_flow,筹资活动现金流,USD,3016000000.0,2022-09-30,2022-07-01,10-Q,2022,Q3
NetCashProvidedByUsedInFinancingActivities,cash_flow,筹资活动现金流,USD,3016000000.0,2022-09-30,2022-07-01,10-Q,2023,Q3
NetCashProvidedByUsedInFinancingActivities,cash_flow,筹资活动现金流,USD,9718000000.0,2022-12-31,2022-01-01,10-K,2022,FY
NetCashProvidedByUsedInFinancingActivities,cash_flow,筹资活动现金流,USD,9718000000.0,2022-12-31,2022-01-01,10-K,2023,FY
NetCashProvidedByUsedInFinancingActivities,cash_flow,筹资活动现金流,USD,9718000000.0,2022-12-31,2022-01-01,10-K,2024,FY
NetCashProvidedByUsedInFinancingActivities,cash_flow,筹资活动现金流,USD,14082000000.0,2023-03-31,2022-04-01,10-Q,2023,Q1
NetCashProvidedByUsedInFinancingActivities,cash_flow,筹资活动现金流,USD,14082000000.0,2023-03-31,2022-04-01,10-Q,2024,Q1
NetCashProvidedByUsedInFinancingActivities,cash_flow,筹资活动现金流,USD,6354000000.0,2023-03-31,2023-01-01,10-Q,2023,Q1
NetCashProvidedByUsedInFinancingActivities,cash_flow,筹资活动现金流,USD,6354000000.0,2023-03-31,2023-01-01,10-Q,2024,Q1
NetCashProvidedByUsedInFinancingActivities,cash_flow,筹资活动现金流,USD,2917000000.0,2023-06-30,2022-07-01,10-Q,2023,Q2
NetCashProvidedByUsedInFinancingActivities,cash_flow,筹资活动现金流,USD,2917000000.0,2023-06-30,2022-07-01,10-Q,2024,Q2
NetCashProvidedByUsedInFinancingActivities,cash_flow,筹资活动现金流,USD,-185000000.0,2023-06-30,2023-01-01,10-Q,2023,Q2
NetCashProvidedByUsedInFinancingActivities,cash_flow,筹资活动现金流,USD,-185000000.0,2023-06-30,2023-01-01,10-Q,2024,Q2
NetCashProvidedByUsedInFinancingActivities,cash_flow,筹资活动现金流,USD,-6539000000.0,2023-06-30,2023-04-01,10-Q,2023,Q2
NetCashProvidedByUsedInFinancingActivities,cash_flow,筹资活动现金流,USD,-6539000000.0,2023-06-30,2023-04-01,10-Q,2024,Q2
NetCashProvidedByUsedInFinancingActivities,cash_flow,筹资活动现金流,USD,-9047000000.0,2023-09-30,2022-10-01,10-Q,2023,Q3
NetCashProvidedByUsedInFinancingActivities,cash_flow,筹资活动现金流,USD,-9047000000.0,2023-09-30,2022-10-01,10-Q,2024,Q3
NetCashProvidedByUsedInFinancingActivities,cash_flow,筹资活动现金流,USD,-9133000000.0,2023-09-30,2023-01-01,10-Q,2023,Q3
NetCashProvidedByUsedInFinancingActivities,cash_flow,筹资活动现金流,USD,-9133000000.0,2023-09-30,2023-01-01,10-Q,2024,Q3
NetCashProvidedByUsedInFinancingActivities,cash_flow,筹资活动现金流,USD,-8948000000.0,2023-09-30,2023-07-01,10-Q,2023,Q3
NetCashProvidedByUsedInFinancingActivities,cash_flow,筹资活动现金流,USD,-8948000000.0,2023-09-30,2023-07-01,10-Q,2024,Q3
NetCashProvidedByUsedInFinancingActivities,cash_flow,筹资活动现金流,USD,-15879000000.0,2023-12-31,2023-01-01,10-K,2023,FY
NetCashProvidedByUsedInFinancingActivities,cash_flow,筹资活动现金流,USD,-15879000000.0,2023-12-31,2023-01-01,10-K,2024,FY
NetCashProvidedByUsedInFinancingActivities,cash_flow,筹资活动现金流,USD,-23489000000.0,2024-03-31,2023-04-01,10-Q,2024,Q1
NetCashProvidedByUsedInFinancingActivities,cash_flow,筹资活动现金流,USD,-23489000000.0,2024-03-31,2023-04-01,10-Q,2025,Q1
NetCashProvidedByUsedInFinancingActivities,cash_flow,筹资活动现金流,USD,-1256000000.0,2024-03-31,2024-01-01,10-Q,2024,Q1
NetCashProvidedByUsedInFinancingActivities,cash_flow,筹资活动现金流,USD,-1256000000.0,2024-03-31,2024-01-01,10-Q,2025,Q1
NetCashProvidedByUsedInFinancingActivities,cash_flow,筹资活动现金流,USD,-21440000000.0,2024-06-30,2023-07-01,10-Q,2024,Q2
NetCashProvidedByUsedInFinancingActivities,cash_flow,筹资活动现金流,USD,-21440000000.0,2024-06-30,2023-07-01,10-Q,2025,Q2
NetCashProvidedByUsedInFinancingActivities,cash_flow,筹资活动现金流,USD,-5746000000.0,2024-06-30,2024-01-01,10-Q,2024,Q2
NetCashProvidedByUsedInFinancingActivities,cash_flow,筹资活动现金流,USD,-5746000000.0,2024-06-30,2024-01-01,10-Q,2025,Q2
NetCashProvidedByUsedInFinancingActivities,cash_flow,筹资活动现金流,USD,-4490000000.0,2024-06-30,2024-04-01,10-Q,2024,Q2
NetCashProvidedByUsedInFinancingActivities,cash_flow,筹资活动现金流,USD,-4490000000.0,2024-06-30,2024-04-01,10-Q,2025,Q2
NetCashProvidedByUsedInFinancingActivities,cash_flow,筹资活动现金流,USD,-15250000000.0,2024-09-30,2023-10-01,10-Q,2024,Q3
NetCashProvidedByUsedInFinancingActivities,cash_flow,筹资活动现金流,USD,-8504000000.0,2024-09-30,2024-01-01,10-Q,2024,Q3
NetCashProvidedByUsedInFinancingActivities,cash_flow,筹资活动现金流,USD,-2758000000.0,2024-09-30,2024-07-01,10-Q,2024,Q3
NetCashProvidedByUsedInFinancingActivities,cash_flow,筹资活动现金流,USD,-11812000000.0,2024-12-31,2024-01-01,10-K,2024,FY
NetCashProvidedByUsedInFinancingActivities,cash_flow,筹资活动现金流,USD,-10603000000.0,2025-03-31,2024-04-01,10-Q,2025,Q1
NetCashProvidedByUsedInFinancingActivities,cash_flow,筹资活动现金流,USD,-47000000.0,2025-03-31,2025-01-01,10-Q,2025,Q1
NetCashProvidedByUsedInFinancingActivities,cash_flow,筹资活动现金流,USD,-8652000000.0,2025-06-30,2024-07-01,10-Q,2025,Q2
NetCashProvidedByUsedInFinancingActivities,cash_flow,筹资活动现金流,USD,-2586000000.0,2025-06-30,2025-01-01,10-Q,2025,Q2
NetCashProvidedByUsedInFinancingActivities,cash_flow,筹资活动现金流,USD,-2539000000.0,2025-06-30,2025-04-01,10-Q,2025,Q2
PaymentsForRepurchaseOfCommonStock,cash_flow,回购股票支出,USD,0.0,2021-03-31,2020-04-01,10-Q,2022,Q1
PaymentsForRepurchaseOfCommonStock,cash_flow,回购股票支出,USD,0.0,2021-03-31,2021-01-01,10-Q,2022,Q1
PaymentsForRepurchaseOfCommonStock,cash_flow,回购股票支出,USD,0.0,2021-06-30,2020-07-01,10-Q,2022,Q2
PaymentsForRepurchaseOfCommonStock,cash_flow,回购股票支出,USD,0.0,2021-06-30,2021-01-01,10-Q,2022,Q2
PaymentsForRepurchaseOfCommonStock,cash_flow,回购股票支出,USD,0.0,2021-06-30,2021-04-01,10-Q,2022,Q2
PaymentsForRepurchaseOfCommonStock,cash_flow,回购股票支出,USD,0.0,2021-09-30,2020-10-01,10-Q,2022,Q3
PaymentsForRepurchaseOfCommonStock,cash_flow,回购股票支出,USD,0.0,2021-09-30,2021-01-01,10-Q,2022,Q3
PaymentsForRepurchaseOfCommonStock,cash_flow,回购股票支出,USD,0.0,2021-09-30,2021-07-01,10-Q,2022,Q3
PaymentsForRepurchaseOfCommonStock,cash_flow,回购股票支出,USD,0.0,2021-12-31,2021-01-01,10-K,2022,FY
PaymentsForRepurchaseOfCommonStock,cash_flow,回购股票支出,USD,0.0,2021-12-31,2021-01-01,10-K,2023,FY
PaymentsForRepurchaseOfCommonStock,cash_flow,回购股票支出,USD,2666000000.0,2022-03-31,2021-04-01,10-Q,2022,Q1
PaymentsForRepurchaseOfCommonStock,cash_flow,回购股票支出,USD,2666000000.0,2022-03-31,2021-04-01,10-Q,2023,Q1
PaymentsForRepurchaseOfCommonStock,cash_flow,回购股票支出,USD,2666000000.0,2022-03-31,2022-01-01,10-Q,2022,Q1
PaymentsForRepurchaseOfCommonStock,cash_flow,回购股票支出,USD,2666000000.0,2022-03-31,2022-01-01,10-Q,2023,Q1
PaymentsForRepurchaseOfCommonStock,cash_flow,回购股票支出,USD,6000000000.0,2022-06-30,2021-07-01,10-Q,2022,Q2
PaymentsForRepurchaseOfCommonStock,cash_flow,回购股票支出,USD,6000000000.0,2022-06-30,2021-07-01,10-Q,2023,Q2
PaymentsForRepurchaseOfCommonStock,cash_flow,回购股票支出,USD,6000000000.0,2022-06-30,2022-01-01,10-Q,2022,Q2
PaymentsForRepurchaseOfCommonStock,cash_flow,回购股票支出,USD,6000000000.0,2022-06-30,2022-01-01,10-Q,2023,Q2
PaymentsForRepurchaseOfCommonStock,cash_flow,回购股票支出,USD,3334000000.0,2022-06-30,2022-04-01,10-Q,2022,Q2
PaymentsForRepurchaseOfCommonStock,cash_flow,回购股票支出,USD,3334000000.0,2022-06-30,2022-04-01,10-Q,2023,Q2
PaymentsForRepurchaseOfCommonStock,cash_flow,回购股票支出,USD,6000000000.0,2022-09-30,2021-10-01,10-Q,2022,Q3
PaymentsForRepurchaseOfCommonStock,cash_flow,回购股票支出,USD,6000000000.0,2022-09-30,2021-10-01,10-Q,2023,Q3
PaymentsForRepurchaseOfCommonStock,cash_flow,回购股票支出,USD,6000000000.0,2022-09-30,2022-01-01,10-Q,2022,Q3
PaymentsForRepurchaseOfCommonStock,cash_flow,回购股票支出,USD,6000000000.0,2022-09-30,2022-01-01,10-Q,2023,Q3
PaymentsForRepurchaseOfCommonStock,cash_flow,回购股票支出,USD,0.0,2022-09-30,2022-07-01,10-Q,2022,Q3
PaymentsForRepurchaseOfCommonStock,cash_flow,回购股票支出,USD,0.0,2022-09-30,2022-07-01,10-Q,2023,Q3
PaymentsForRepurchaseOfCommonStock,cash_flow,回购股票支出,USD,6000000000.0,2022-12-31,2022-01-01,10-K,2022,FY
PaymentsForRepurchaseOfCommonStock,cash_flow,回购股票支出,USD,6000000000.0,2022-12-31,2022-01-01,10-K,2023,FY
PaymentsForRepurchaseOfCommonStock,cash_flow,回购股票支出,USD,6000000000.0,2022-12-31,2022-01-01,10-K,2024,FY
PaymentsForRepurchaseOfCommonStock,cash_flow,回购股票支出,USD,3334000000.0,2023-03-31,2022-04-01,10-Q,2023,Q1
PaymentsForRepurchaseOfCommonStock,cash_flow,回购股票支出,USD,3334000000.0,2023-03-31,2022-04-01,10-Q,2024,Q1
PaymentsForRepurchaseOfCommonStock,cash_flow,回购股票支出,USD,0.0,2023-03-31,2023-01-01,10-Q,2023,Q1
PaymentsForRepurchaseOfCommonStock,cash_flow,回购股票支出,USD,0.0,2023-03-31,2023-01-01,10-Q,2024,Q1
PaymentsForRepurchaseOfCommonStock,cash_flow,回购股票支出,USD,0.0,2023-06-30,2022-07-01,10-Q,2023,Q2
PaymentsForRepurchaseOfCommonStock,cash_flow,回购股票支出,USD,0.0,2023-06-30,2023-01-01,10-Q,2023,Q2
PaymentsForRepurchaseOfCommonStock,cash_flow,回购股票支出,USD,0.0,2023-06-30,2023-04-01,10-Q,2023,Q2
PaymentsForRepurchaseOfCommonStock,cash_flow,回购股票支出,USD,0.0,2023-09-30,2022-10-01,10-Q,2023,Q3
PaymentsForRepurchaseOfCommonStock,cash_flow,回购股票支出,USD,0.0,2023-09-30,2023-01-01,10-Q,2023,Q3
PaymentsForRepurchaseOfCommonStock,cash_flow,回购股票支出,USD,0.0,2023-09-30,2023-07-01,10-Q,2023,Q3
PaymentsForRepurchaseOfCommonStock,cash_flow,回购股票支出,USD,0.0,2023-12-31,2023-01-01,10-K,2023,FY
PaymentsForRepurchaseOfCommonStock,cash_flow,回购股票支出,USD,0.0,2023-12-31,2023-01-01,10-K,2024,FY
PaymentsForRepurchaseOfCommonStock,cash_flow,回购股票支出,USD,0.0,2024-03-31,2023-04-01,10-Q,2024,Q1
PaymentsForRepurchaseOfCommonStock,cash_flow,回购股票支出,USD,0.0,2024-03-31,2024-01-01,10-Q,2024,Q1
PaymentsForRepurchaseOfCommonStock,cash_flow,回购股票支出,USD,0.0,2024-12-31,2024-01-01,10-K,2024,FY
