concept,category,chinese_name,unit,value,end_date,start_date,form,fiscal_year,fiscal_period
RevenueFromContractWithCustomerExcludingAssessedTax,income_statement,销售收入,USD,108518000000.0,2021-03-31,2021-01-01,10-Q,2021,Q1
RevenueFromContractWithCustomerExcludingAssessedTax,income_statement,销售收入,USD,108518000000.0,2021-03-31,2021-01-01,10-Q,2022,Q1
RevenueFromContractWithCustomerExcludingAssessedTax,income_statement,销售收入,USD,221598000000.0,2021-06-30,2021-01-01,10-Q,2021,Q2
RevenueFromContractWithCustomerExcludingAssessedTax,income_statement,销售收入,USD,221598000000.0,2021-06-30,2021-01-01,10-Q,2022,Q2
RevenueFromContractWithCustomerExcludingAssessedTax,income_statement,销售收入,USD,113080000000.0,2021-06-30,2021-04-01,10-Q,2021,Q2
RevenueFromContractWithCustomerExcludingAssessedTax,income_statement,销售收入,USD,113080000000.0,2021-06-30,2021-04-01,10-Q,2022,Q2
RevenueFromContractWithCustomerExcludingAssessedTax,income_statement,销售收入,USD,332410000000.0,2021-09-30,2021-01-01,10-Q,2021,Q3
RevenueFromContractWithCustomerExcludingAssessedTax,income_statement,销售收入,USD,332410000000.0,2021-09-30,2021-01-01,10-Q,2022,Q3
RevenueFromContractWithCustomerExcludingAssessedTax,income_statement,销售收入,USD,110812000000.0,2021-09-30,2021-07-01,10-Q,2021,Q3
RevenueFromContractWithCustomerExcludingAssessedTax,income_statement,销售收入,USD,110812000000.0,2021-09-30,2021-07-01,10-Q,2022,Q3
RevenueFromContractWithCustomerExcludingAssessedTax,income_statement,销售收入,USD,469822000000.0,2021-12-31,2021-01-01,10-K,2021,FY
RevenueFromContractWithCustomerExcludingAssessedTax,income_statement,销售收入,USD,469822000000.0,2021-12-31,2021-01-01,10-K,2022,FY
RevenueFromContractWithCustomerExcludingAssessedTax,income_statement,销售收入,USD,469822000000.0,2021-12-31,2021-01-01,10-K,2023,FY
RevenueFromContractWithCustomerExcludingAssessedTax,income_statement,销售收入,USD,116444000000.0,2022-03-31,2022-01-01,10-Q,2022,Q1
RevenueFromContractWithCustomerExcludingAssessedTax,income_statement,销售收入,USD,116444000000.0,2022-03-31,2022-01-01,10-Q,2023,Q1
RevenueFromContractWithCustomerExcludingAssessedTax,income_statement,销售收入,USD,237678000000.0,2022-06-30,2022-01-01,10-Q,2022,Q2
RevenueFromContractWithCustomerExcludingAssessedTax,income_statement,销售收入,USD,237678000000.0,2022-06-30,2022-01-01,10-Q,2023,Q2
RevenueFromContractWithCustomerExcludingAssessedTax,income_statement,销售收入,USD,121234000000.0,2022-06-30,2022-04-01,10-Q,2022,Q2
RevenueFromContractWithCustomerExcludingAssessedTax,income_statement,销售收入,USD,121234000000.0,2022-06-30,2022-04-01,10-Q,2023,Q2
RevenueFromContractWithCustomerExcludingAssessedTax,income_statement,销售收入,USD,364779000000.0,2022-09-30,2022-01-01,10-Q,2022,Q3
RevenueFromContractWithCustomerExcludingAssessedTax,income_statement,销售收入,USD,364779000000.0,2022-09-30,2022-01-01,10-Q,2023,Q3
RevenueFromContractWithCustomerExcludingAssessedTax,income_statement,销售收入,USD,127101000000.0,2022-09-30,2022-07-01,10-Q,2022,Q3
RevenueFromContractWithCustomerExcludingAssessedTax,income_statement,销售收入,USD,127101000000.0,2022-09-30,2022-07-01,10-Q,2023,Q3
RevenueFromContractWithCustomerExcludingAssessedTax,income_statement,销售收入,USD,513983000000.0,2022-12-31,2022-01-01,10-K,2022,FY
RevenueFromContractWithCustomerExcludingAssessedTax,income_statement,销售收入,USD,513983000000.0,2022-12-31,2022-01-01,10-K,2023,FY
RevenueFromContractWithCustomerExcludingAssessedTax,income_statement,销售收入,USD,513983000000.0,2022-12-31,2022-01-01,10-K,2024,FY
RevenueFromContractWithCustomerExcludingAssessedTax,income_statement,销售收入,USD,127358000000.0,2023-03-31,2023-01-01,10-Q,2023,Q1
RevenueFromContractWithCustomerExcludingAssessedTax,income_statement,销售收入,USD,127358000000.0,2023-03-31,2023-01-01,10-Q,2024,Q1
RevenueFromContractWithCustomerExcludingAssessedTax,income_statement,销售收入,USD,261741000000.0,2023-06-30,2023-01-01,10-Q,2023,Q2
RevenueFromContractWithCustomerExcludingAssessedTax,income_statement,销售收入,USD,261741000000.0,2023-06-30,2023-01-01,10-Q,2024,Q2
RevenueFromContractWithCustomerExcludingAssessedTax,income_statement,销售收入,USD,134383000000.0,2023-06-30,2023-04-01,10-Q,2023,Q2
RevenueFromContractWithCustomerExcludingAssessedTax,income_statement,销售收入,USD,134383000000.0,2023-06-30,2023-04-01,10-Q,2024,Q2
RevenueFromContractWithCustomerExcludingAssessedTax,income_statement,销售收入,USD,404824000000.0,2023-09-30,2023-01-01,10-Q,2023,Q3
RevenueFromContractWithCustomerExcludingAssessedTax,income_statement,销售收入,USD,404824000000.0,2023-09-30,2023-01-01,10-Q,2024,Q3
RevenueFromContractWithCustomerExcludingAssessedTax,income_statement,销售收入,USD,143083000000.0,2023-09-30,2023-07-01,10-Q,2023,Q3
RevenueFromContractWithCustomerExcludingAssessedTax,income_statement,销售收入,USD,143083000000.0,2023-09-30,2023-07-01,10-Q,2024,Q3
RevenueFromContractWithCustomerExcludingAssessedTax,income_statement,销售收入,USD,574785000000.0,2023-12-31,2023-01-01,10-K,2023,FY
RevenueFromContractWithCustomerExcludingAssessedTax,income_statement,销售收入,USD,574785000000.0,2023-12-31,2023-01-01,10-K,2024,FY
RevenueFromContractWithCustomerExcludingAssessedTax,income_statement,销售收入,USD,143313000000.0,2024-03-31,2024-01-01,10-Q,2024,Q1
RevenueFromContractWithCustomerExcludingAssessedTax,income_statement,销售收入,USD,143313000000.0,2024-03-31,2024-01-01,10-Q,2025,Q1
RevenueFromContractWithCustomerExcludingAssessedTax,income_statement,销售收入,USD,291290000000.0,2024-06-30,2024-01-01,10-Q,2024,Q2
RevenueFromContractWithCustomerExcludingAssessedTax,income_statement,销售收入,USD,291290000000.0,2024-06-30,2024-01-01,10-Q,2025,Q2
RevenueFromContractWithCustomerExcludingAssessedTax,income_statement,销售收入,USD,147977000000.0,2024-06-30,2024-04-01,10-Q,2024,Q2
RevenueFromContractWithCustomerExcludingAssessedTax,income_statement,销售收入,USD,147977000000.0,2024-06-30,2024-04-01,10-Q,2025,Q2
RevenueFromContractWithCustomerExcludingAssessedTax,income_statement,销售收入,USD,450167000000.0,2024-09-30,2024-01-01,10-Q,2024,Q3
RevenueFromContractWithCustomerExcludingAssessedTax,income_statement,销售收入,USD,158877000000.0,2024-09-30,2024-07-01,10-Q,2024,Q3
RevenueFromContractWithCustomerExcludingAssessedTax,income_statement,销售收入,USD,637959000000.0,2024-12-31,2024-01-01,10-K,2024,FY
RevenueFromContractWithCustomerExcludingAssessedTax,income_statement,销售收入,USD,155667000000.0,2025-03-31,2025-01-01,10-Q,2025,Q1
RevenueFromContractWithCustomerExcludingAssessedTax,income_statement,销售收入,USD,323369000000.0,2025-06-30,2025-01-01,10-Q,2025,Q2
RevenueFromContractWithCustomerExcludingAssessedTax,income_statement,销售收入,USD,167702000000.0,2025-06-30,2025-04-01,10-Q,2025,Q2
OperatingIncomeLoss,income_statement,营业利润,USD,8865000000.0,2021-03-31,2021-01-01,10-Q,2021,Q1
OperatingIncomeLoss,income_statement,营业利润,USD,8865000000.0,2021-03-31,2021-01-01,10-Q,2022,Q1
OperatingIncomeLoss,income_statement,营业利润,USD,16567000000.0,2021-06-30,2021-01-01,10-Q,2021,Q2
OperatingIncomeLoss,income_statement,营业利润,USD,16567000000.0,2021-06-30,2021-01-01,10-Q,2022,Q2
OperatingIncomeLoss,income_statement,营业利润,USD,7702000000.0,2021-06-30,2021-04-01,10-Q,2021,Q2
OperatingIncomeLoss,income_statement,营业利润,USD,7702000000.0,2021-06-30,2021-04-01,10-Q,2022,Q2
OperatingIncomeLoss,income_statement,营业利润,USD,21419000000.0,2021-09-30,2021-01-01,10-Q,2021,Q3
OperatingIncomeLoss,income_statement,营业利润,USD,21419000000.0,2021-09-30,2021-01-01,10-Q,2022,Q3
OperatingIncomeLoss,income_statement,营业利润,USD,4852000000.0,2021-09-30,2021-07-01,10-Q,2021,Q3
OperatingIncomeLoss,income_statement,营业利润,USD,4852000000.0,2021-09-30,2021-07-01,10-Q,2022,Q3
OperatingIncomeLoss,income_statement,营业利润,USD,24879000000.0,2021-12-31,2021-01-01,10-K,2021,FY
OperatingIncomeLoss,income_statement,营业利润,USD,24879000000.0,2021-12-31,2021-01-01,10-K,2022,FY
OperatingIncomeLoss,income_statement,营业利润,USD,24879000000.0,2021-12-31,2021-01-01,10-K,2023,FY
OperatingIncomeLoss,income_statement,营业利润,USD,3669000000.0,2022-03-31,2022-01-01,10-Q,2022,Q1
OperatingIncomeLoss,income_statement,营业利润,USD,3669000000.0,2022-03-31,2022-01-01,10-Q,2023,Q1
OperatingIncomeLoss,income_statement,营业利润,USD,6986000000.0,2022-06-30,2022-01-01,10-Q,2022,Q2
OperatingIncomeLoss,income_statement,营业利润,USD,6986000000.0,2022-06-30,2022-01-01,10-Q,2023,Q2
OperatingIncomeLoss,income_statement,营业利润,USD,3317000000.0,2022-06-30,2022-04-01,10-Q,2022,Q2
OperatingIncomeLoss,income_statement,营业利润,USD,3317000000.0,2022-06-30,2022-04-01,10-Q,2023,Q2
OperatingIncomeLoss,income_statement,营业利润,USD,9511000000.0,2022-09-30,2022-01-01,10-Q,2022,Q3
OperatingIncomeLoss,income_statement,营业利润,USD,9511000000.0,2022-09-30,2022-01-01,10-Q,2023,Q3
OperatingIncomeLoss,income_statement,营业利润,USD,2525000000.0,2022-09-30,2022-07-01,10-Q,2022,Q3
OperatingIncomeLoss,income_statement,营业利润,USD,2525000000.0,2022-09-30,2022-07-01,10-Q,2023,Q3
OperatingIncomeLoss,income_statement,营业利润,USD,12248000000.0,2022-12-31,2022-01-01,10-K,2022,FY
OperatingIncomeLoss,income_statement,营业利润,USD,12248000000.0,2022-12-31,2022-01-01,10-K,2023,FY
OperatingIncomeLoss,income_statement,营业利润,USD,12248000000.0,2022-12-31,2022-01-01,10-K,2024,FY
OperatingIncomeLoss,income_statement,营业利润,USD,4774000000.0,2023-03-31,2023-01-01,10-Q,2023,Q1
OperatingIncomeLoss,income_statement,营业利润,USD,4774000000.0,2023-03-31,2023-01-01,10-Q,2024,Q1
OperatingIncomeLoss,income_statement,营业利润,USD,12455000000.0,2023-06-30,2023-01-01,10-Q,2023,Q2
OperatingIncomeLoss,income_statement,营业利润,USD,12455000000.0,2023-06-30,2023-01-01,10-Q,2024,Q2
OperatingIncomeLoss,income_statement,营业利润,USD,7681000000.0,2023-06-30,2023-04-01,10-Q,2023,Q2
OperatingIncomeLoss,income_statement,营业利润,USD,7681000000.0,2023-06-30,2023-04-01,10-Q,2024,Q2
OperatingIncomeLoss,income_statement,营业利润,USD,23643000000.0,2023-09-30,2023-01-01,10-Q,2023,Q3
OperatingIncomeLoss,income_statement,营业利润,USD,23643000000.0,2023-09-30,2023-01-01,10-Q,2024,Q3
OperatingIncomeLoss,income_statement,营业利润,USD,11188000000.0,2023-09-30,2023-07-01,10-Q,2023,Q3
OperatingIncomeLoss,income_statement,营业利润,USD,11188000000.0,2023-09-30,2023-07-01,10-Q,2024,Q3
OperatingIncomeLoss,income_statement,营业利润,USD,36852000000.0,2023-12-31,2023-01-01,10-K,2023,FY
OperatingIncomeLoss,income_statement,营业利润,USD,36852000000.0,2023-12-31,2023-01-01,10-K,2024,FY
OperatingIncomeLoss,income_statement,营业利润,USD,15307000000.0,2024-03-31,2024-01-01,10-Q,2024,Q1
OperatingIncomeLoss,income_statement,营业利润,USD,15307000000.0,2024-03-31,2024-01-01,10-Q,2025,Q1
OperatingIncomeLoss,income_statement,营业利润,USD,29979000000.0,2024-06-30,2024-01-01,10-Q,2024,Q2
OperatingIncomeLoss,income_statement,营业利润,USD,29979000000.0,2024-06-30,2024-01-01,10-Q,2025,Q2
OperatingIncomeLoss,income_statement,营业利润,USD,14672000000.0,2024-06-30,2024-04-01,10-Q,2024,Q2
OperatingIncomeLoss,income_statement,营业利润,USD,14672000000.0,2024-06-30,2024-04-01,10-Q,2025,Q2
OperatingIncomeLoss,income_statement,营业利润,USD,47390000000.0,2024-09-30,2024-01-01,10-Q,2024,Q3
OperatingIncomeLoss,income_statement,营业利润,USD,17411000000.0,2024-09-30,2024-07-01,10-Q,2024,Q3
OperatingIncomeLoss,income_statement,营业利润,USD,68593000000.0,2024-12-31,2024-01-01,10-K,2024,FY
OperatingIncomeLoss,income_statement,营业利润,USD,18405000000.0,2025-03-31,2025-01-01,10-Q,2025,Q1
OperatingIncomeLoss,income_statement,营业利润,USD,37576000000.0,2025-06-30,2025-01-01,10-Q,2025,Q2
OperatingIncomeLoss,income_statement,营业利润,USD,19171000000.0,2025-06-30,2025-04-01,10-Q,2025,Q2
NetIncomeLoss,income_statement,净利润,USD,26903000000.0,2021-03-31,2020-04-01,10-Q,2021,Q1
NetIncomeLoss,income_statement,净利润,USD,26903000000.0,2021-03-31,2020-04-01,10-Q,2022,Q1
NetIncomeLoss,income_statement,净利润,USD,8107000000.0,2021-03-31,2021-01-01,10-Q,2021,Q1
NetIncomeLoss,income_statement,净利润,USD,8107000000.0,2021-03-31,2021-01-01,10-Q,2022,Q1
NetIncomeLoss,income_statement,净利润,USD,29438000000.0,2021-06-30,2020-07-01,10-Q,2021,Q2
NetIncomeLoss,income_statement,净利润,USD,29438000000.0,2021-06-30,2020-07-01,10-Q,2022,Q2
NetIncomeLoss,income_statement,净利润,USD,15885000000.0,2021-06-30,2021-01-01,10-Q,2021,Q2
NetIncomeLoss,income_statement,净利润,USD,15885000000.0,2021-06-30,2021-01-01,10-Q,2022,Q2
NetIncomeLoss,income_statement,净利润,USD,7778000000.0,2021-06-30,2021-04-01,10-Q,2021,Q2
NetIncomeLoss,income_statement,净利润,USD,7778000000.0,2021-06-30,2021-04-01,10-Q,2022,Q2
NetIncomeLoss,income_statement,净利润,USD,26263000000.0,2021-09-30,2020-10-01,10-Q,2021,Q3
NetIncomeLoss,income_statement,净利润,USD,26263000000.0,2021-09-30,2020-10-01,10-Q,2022,Q3
NetIncomeLoss,income_statement,净利润,USD,19041000000.0,2021-09-30,2021-01-01,10-Q,2021,Q3
NetIncomeLoss,income_statement,净利润,USD,19041000000.0,2021-09-30,2021-01-01,10-Q,2022,Q3
NetIncomeLoss,income_statement,净利润,USD,3156000000.0,2021-09-30,2021-07-01,10-Q,2021,Q3
NetIncomeLoss,income_statement,净利润,USD,3156000000.0,2021-09-30,2021-07-01,10-Q,2022,Q3
NetIncomeLoss,income_statement,净利润,USD,33364000000.0,2021-12-31,2021-01-01,10-K,2021,FY
NetIncomeLoss,income_statement,净利润,USD,33364000000.0,2021-12-31,2021-01-01,10-K,2022,FY
NetIncomeLoss,income_statement,净利润,USD,33364000000.0,2021-12-31,2021-01-01,10-K,2023,FY
NetIncomeLoss,income_statement,净利润,USD,21413000000.0,2022-03-31,2021-04-01,10-Q,2022,Q1
NetIncomeLoss,income_statement,净利润,USD,21413000000.0,2022-03-31,2021-04-01,10-Q,2023,Q1
NetIncomeLoss,income_statement,净利润,USD,-3844000000.0,2022-03-31,2022-01-01,10-Q,2022,Q1
NetIncomeLoss,income_statement,净利润,USD,-3844000000.0,2022-03-31,2022-01-01,10-Q,2023,Q1
NetIncomeLoss,income_statement,净利润,USD,11607000000.0,2022-06-30,2021-07-01,10-Q,2022,Q2
NetIncomeLoss,income_statement,净利润,USD,11607000000.0,2022-06-30,2021-07-01,10-Q,2023,Q2
NetIncomeLoss,income_statement,净利润,USD,-5872000000.0,2022-06-30,2022-01-01,10-Q,2022,Q2
NetIncomeLoss,income_statement,净利润,USD,-5872000000.0,2022-06-30,2022-01-01,10-Q,2023,Q2
NetIncomeLoss,income_statement,净利润,USD,-2028000000.0,2022-06-30,2022-04-01,10-Q,2022,Q2
NetIncomeLoss,income_statement,净利润,USD,-2028000000.0,2022-06-30,2022-04-01,10-Q,2023,Q2
NetIncomeLoss,income_statement,净利润,USD,11323000000.0,2022-09-30,2021-10-01,10-Q,2022,Q3
NetIncomeLoss,income_statement,净利润,USD,11323000000.0,2022-09-30,2021-10-01,10-Q,2023,Q3
NetIncomeLoss,income_statement,净利润,USD,-3000000000.0,2022-09-30,2022-01-01,10-Q,2022,Q3
NetIncomeLoss,income_statement,净利润,USD,-3000000000.0,2022-09-30,2022-01-01,10-Q,2023,Q3
NetIncomeLoss,income_statement,净利润,USD,2872000000.0,2022-09-30,2022-07-01,10-Q,2022,Q3
NetIncomeLoss,income_statement,净利润,USD,2872000000.0,2022-09-30,2022-07-01,10-Q,2023,Q3
NetIncomeLoss,income_statement,净利润,USD,-2722000000.0,2022-12-31,2022-01-01,10-K,2022,FY
NetIncomeLoss,income_statement,净利润,USD,-2722000000.0,2022-12-31,2022-01-01,10-K,2023,FY
NetIncomeLoss,income_statement,净利润,USD,-2722000000.0,2022-12-31,2022-01-01,10-K,2024,FY
NetIncomeLoss,income_statement,净利润,USD,4294000000.0,2023-03-31,2022-04-01,10-Q,2023,Q1
NetIncomeLoss,income_statement,净利润,USD,4294000000.0,2023-03-31,2022-04-01,10-Q,2024,Q1
NetIncomeLoss,income_statement,净利润,USD,3172000000.0,2023-03-31,2023-01-01,10-Q,2023,Q1
NetIncomeLoss,income_statement,净利润,USD,3172000000.0,2023-03-31,2023-01-01,10-Q,2024,Q1
NetIncomeLoss,income_statement,净利润,USD,13072000000.0,2023-06-30,2022-07-01,10-Q,2023,Q2
NetIncomeLoss,income_statement,净利润,USD,13072000000.0,2023-06-30,2022-07-01,10-Q,2024,Q2
NetIncomeLoss,income_statement,净利润,USD,9922000000.0,2023-06-30,2023-01-01,10-Q,2023,Q2
NetIncomeLoss,income_statement,净利润,USD,9922000000.0,2023-06-30,2023-01-01,10-Q,2024,Q2
NetIncomeLoss,income_statement,净利润,USD,6750000000.0,2023-06-30,2023-04-01,10-Q,2023,Q2
NetIncomeLoss,income_statement,净利润,USD,6750000000.0,2023-06-30,2023-04-01,10-Q,2024,Q2
NetIncomeLoss,income_statement,净利润,USD,20079000000.0,2023-09-30,2022-10-01,10-Q,2023,Q3
NetIncomeLoss,income_statement,净利润,USD,20079000000.0,2023-09-30,2022-10-01,10-Q,2024,Q3
NetIncomeLoss,income_statement,净利润,USD,19801000000.0,2023-09-30,2023-01-01,10-Q,2023,Q3
NetIncomeLoss,income_statement,净利润,USD,19801000000.0,2023-09-30,2023-01-01,10-Q,2024,Q3
NetIncomeLoss,income_statement,净利润,USD,9879000000.0,2023-09-30,2023-07-01,10-Q,2023,Q3
NetIncomeLoss,income_statement,净利润,USD,9879000000.0,2023-09-30,2023-07-01,10-Q,2024,Q3
NetIncomeLoss,income_statement,净利润,USD,30425000000.0,2023-12-31,2023-01-01,10-K,2023,FY
NetIncomeLoss,income_statement,净利润,USD,30425000000.0,2023-12-31,2023-01-01,10-K,2024,FY
NetIncomeLoss,income_statement,净利润,USD,37684000000.0,2024-03-31,2023-04-01,10-Q,2024,Q1
NetIncomeLoss,income_statement,净利润,USD,37684000000.0,2024-03-31,2023-04-01,10-Q,2025,Q1
NetIncomeLoss,income_statement,净利润,USD,10431000000.0,2024-03-31,2024-01-01,10-Q,2024,Q1
NetIncomeLoss,income_statement,净利润,USD,10431000000.0,2024-03-31,2024-01-01,10-Q,2025,Q1
NetIncomeLoss,income_statement,净利润,USD,44419000000.0,2024-06-30,2023-07-01,10-Q,2024,Q2
NetIncomeLoss,income_statement,净利润,USD,44419000000.0,2024-06-30,2023-07-01,10-Q,2025,Q2
NetIncomeLoss,income_statement,净利润,USD,23916000000.0,2024-06-30,2024-01-01,10-Q,2024,Q2
NetIncomeLoss,income_statement,净利润,USD,23916000000.0,2024-06-30,2024-01-01,10-Q,2025,Q2
NetIncomeLoss,income_statement,净利润,USD,13485000000.0,2024-06-30,2024-04-01,10-Q,2024,Q2
NetIncomeLoss,income_statement,净利润,USD,13485000000.0,2024-06-30,2024-04-01,10-Q,2025,Q2
NetIncomeLoss,income_statement,净利润,USD,49868000000.0,2024-09-30,2023-10-01,10-Q,2024,Q3
NetIncomeLoss,income_statement,净利润,USD,39244000000.0,2024-09-30,2024-01-01,10-Q,2024,Q3
NetIncomeLoss,income_statement,净利润,USD,15328000000.0,2024-09-30,2024-07-01,10-Q,2024,Q3
NetIncomeLoss,income_statement,净利润,USD,59248000000.0,2024-12-31,2024-01-01,10-K,2024,FY
NetIncomeLoss,income_statement,净利润,USD,65944000000.0,2025-03-31,2024-04-01,10-Q,2025,Q1
NetIncomeLoss,income_statement,净利润,USD,17127000000.0,2025-03-31,2025-01-01,10-Q,2025,Q1
NetIncomeLoss,income_statement,净利润,USD,70623000000.0,2025-06-30,2024-07-01,10-Q,2025,Q2
NetIncomeLoss,income_statement,净利润,USD,35291000000.0,2025-06-30,2025-01-01,10-Q,2025,Q2
NetIncomeLoss,income_statement,净利润,USD,18164000000.0,2025-06-30,2025-04-01,10-Q,2025,Q2
EarningsPerShareBasic,income_statement,基本每股收益,USD/shares,16.09,2021-03-31,2021-01-01,10-Q,2021,Q1
EarningsPerShareBasic,income_statement,基本每股收益,USD/shares,16.09,2021-03-31,2021-01-01,10-Q,2022,Q1
EarningsPerShareBasic,income_statement,基本每股收益,USD/shares,31.49,2021-06-30,2021-01-01,10-Q,2021,Q2
EarningsPerShareBasic,income_statement,基本每股收益,USD/shares,1.57,2021-06-30,2021-01-01,10-Q,2022,Q2
EarningsPerShareBasic,income_statement,基本每股收益,USD/shares,15.4,2021-06-30,2021-04-01,10-Q,2021,Q2
EarningsPerShareBasic,income_statement,基本每股收益,USD/shares,0.77,2021-06-30,2021-04-01,10-Q,2022,Q2
EarningsPerShareBasic,income_statement,基本每股收益,USD/shares,37.69,2021-09-30,2021-01-01,10-Q,2021,Q3
EarningsPerShareBasic,income_statement,基本每股收益,USD/shares,1.88,2021-09-30,2021-01-01,10-Q,2022,Q3
EarningsPerShareBasic,income_statement,基本每股收益,USD/shares,6.23,2021-09-30,2021-07-01,10-Q,2021,Q3
EarningsPerShareBasic,income_statement,基本每股收益,USD/shares,0.31,2021-09-30,2021-07-01,10-Q,2022,Q3
EarningsPerShareBasic,income_statement,基本每股收益,USD/shares,65.96,2021-12-31,2021-01-01,10-K,2021,FY
EarningsPerShareBasic,income_statement,基本每股收益,USD/shares,3.3,2021-12-31,2021-01-01,10-K,2022,FY
EarningsPerShareBasic,income_statement,基本每股收益,USD/shares,3.3,2021-12-31,2021-01-01,10-K,2023,FY
EarningsPerShareBasic,income_statement,基本每股收益,USD/shares,-7.56,2022-03-31,2022-01-01,10-Q,2022,Q1
EarningsPerShareBasic,income_statement,基本每股收益,USD/shares,-0.38,2022-03-31,2022-01-01,10-Q,2023,Q1
EarningsPerShareBasic,income_statement,基本每股收益,USD/shares,-0.58,2022-06-30,2022-01-01,10-Q,2022,Q2
EarningsPerShareBasic,income_statement,基本每股收益,USD/shares,-0.58,2022-06-30,2022-01-01,10-Q,2023,Q2
EarningsPerShareBasic,income_statement,基本每股收益,USD/shares,-0.2,2022-06-30,2022-04-01,10-Q,2022,Q2
EarningsPerShareBasic,income_statement,基本每股收益,USD/shares,-0.2,2022-06-30,2022-04-01,10-Q,2023,Q2
EarningsPerShareBasic,income_statement,基本每股收益,USD/shares,-0.29,2022-09-30,2022-01-01,10-Q,2022,Q3
EarningsPerShareBasic,income_statement,基本每股收益,USD/shares,-0.29,2022-09-30,2022-01-01,10-Q,2023,Q3
EarningsPerShareBasic,income_statement,基本每股收益,USD/shares,0.28,2022-09-30,2022-07-01,10-Q,2022,Q3
EarningsPerShareBasic,income_statement,基本每股收益,USD/shares,0.28,2022-09-30,2022-07-01,10-Q,2023,Q3
EarningsPerShareBasic,income_statement,基本每股收益,USD/shares,-0.27,2022-12-31,2022-01-01,10-K,2022,FY
EarningsPerShareBasic,income_statement,基本每股收益,USD/shares,-0.27,2022-12-31,2022-01-01,10-K,2023,FY
EarningsPerShareBasic,income_statement,基本每股收益,USD/shares,-0.27,2022-12-31,2022-01-01,10-K,2024,FY
EarningsPerShareBasic,income_statement,基本每股收益,USD/shares,0.31,2023-03-31,2023-01-01,10-Q,2023,Q1
EarningsPerShareBasic,income_statement,基本每股收益,USD/shares,0.31,2023-03-31,2023-01-01,10-Q,2024,Q1
EarningsPerShareBasic,income_statement,基本每股收益,USD/shares,0.97,2023-06-30,2023-01-01,10-Q,2023,Q2
EarningsPerShareBasic,income_statement,基本每股收益,USD/shares,0.97,2023-06-30,2023-01-01,10-Q,2024,Q2
EarningsPerShareBasic,income_statement,基本每股收益,USD/shares,0.66,2023-06-30,2023-04-01,10-Q,2023,Q2
EarningsPerShareBasic,income_statement,基本每股收益,USD/shares,0.66,2023-06-30,2023-04-01,10-Q,2024,Q2
EarningsPerShareBasic,income_statement,基本每股收益,USD/shares,1.93,2023-09-30,2023-01-01,10-Q,2023,Q3
EarningsPerShareBasic,income_statement,基本每股收益,USD/shares,1.93,2023-09-30,2023-01-01,10-Q,2024,Q3
EarningsPerShareBasic,income_statement,基本每股收益,USD/shares,0.96,2023-09-30,2023-07-01,10-Q,2023,Q3
EarningsPerShareBasic,income_statement,基本每股收益,USD/shares,0.96,2023-09-30,2023-07-01,10-Q,2024,Q3
EarningsPerShareBasic,income_statement,基本每股收益,USD/shares,2.95,2023-12-31,2023-01-01,10-K,2023,FY
EarningsPerShareBasic,income_statement,基本每股收益,USD/shares,2.95,2023-12-31,2023-01-01,10-K,2024,FY
EarningsPerShareBasic,income_statement,基本每股收益,USD/shares,1.0,2024-03-31,2024-01-01,10-Q,2024,Q1
EarningsPerShareBasic,income_statement,基本每股收益,USD/shares,1.0,2024-03-31,2024-01-01,10-Q,2025,Q1
EarningsPerShareBasic,income_statement,基本每股收益,USD/shares,2.3,2024-06-30,2024-01-01,10-Q,2024,Q2
EarningsPerShareBasic,income_statement,基本每股收益,USD/shares,2.3,2024-06-30,2024-01-01,10-Q,2025,Q2
EarningsPerShareBasic,income_statement,基本每股收益,USD/shares,1.29,2024-06-30,2024-04-01,10-Q,2024,Q2
EarningsPerShareBasic,income_statement,基本每股收益,USD/shares,1.29,2024-06-30,2024-04-01,10-Q,2025,Q2
EarningsPerShareBasic,income_statement,基本每股收益,USD/shares,3.76,2024-09-30,2024-01-01,10-Q,2024,Q3
EarningsPerShareBasic,income_statement,基本每股收益,USD/shares,1.46,2024-09-30,2024-07-01,10-Q,2024,Q3
EarningsPerShareBasic,income_statement,基本每股收益,USD/shares,5.66,2024-12-31,2024-01-01,10-K,2024,FY
EarningsPerShareBasic,income_statement,基本每股收益,USD/shares,1.62,2025-03-31,2025-01-01,10-Q,2025,Q1
EarningsPerShareBasic,income_statement,基本每股收益,USD/shares,3.32,2025-06-30,2025-01-01,10-Q,2025,Q2
EarningsPerShareBasic,income_statement,基本每股收益,USD/shares,1.71,2025-06-30,2025-04-01,10-Q,2025,Q2
EarningsPerShareDiluted,income_statement,稀释每股收益,USD/shares,15.79,2021-03-31,2021-01-01,10-Q,2021,Q1
EarningsPerShareDiluted,income_statement,稀释每股收益,USD/shares,15.79,2021-03-31,2021-01-01,10-Q,2022,Q1
EarningsPerShareDiluted,income_statement,稀释每股收益,USD/shares,30.92,2021-06-30,2021-01-01,10-Q,2021,Q2
EarningsPerShareDiluted,income_statement,稀释每股收益,USD/shares,1.55,2021-06-30,2021-01-01,10-Q,2022,Q2
EarningsPerShareDiluted,income_statement,稀释每股收益,USD/shares,15.12,2021-06-30,2021-04-01,10-Q,2021,Q2
EarningsPerShareDiluted,income_statement,稀释每股收益,USD/shares,0.76,2021-06-30,2021-04-01,10-Q,2022,Q2
EarningsPerShareDiluted,income_statement,稀释每股收益,USD/shares,37.02,2021-09-30,2021-01-01,10-Q,2021,Q3
EarningsPerShareDiluted,income_statement,稀释每股收益,USD/shares,1.85,2021-09-30,2021-01-01,10-Q,2022,Q3
EarningsPerShareDiluted,income_statement,稀释每股收益,USD/shares,6.12,2021-09-30,2021-07-01,10-Q,2021,Q3
EarningsPerShareDiluted,income_statement,稀释每股收益,USD/shares,0.31,2021-09-30,2021-07-01,10-Q,2022,Q3
EarningsPerShareDiluted,income_statement,稀释每股收益,USD/shares,64.81,2021-12-31,2021-01-01,10-K,2021,FY
EarningsPerShareDiluted,income_statement,稀释每股收益,USD/shares,3.24,2021-12-31,2021-01-01,10-K,2022,FY
EarningsPerShareDiluted,income_statement,稀释每股收益,USD/shares,3.24,2021-12-31,2021-01-01,10-K,2023,FY
EarningsPerShareDiluted,income_statement,稀释每股收益,USD/shares,-7.56,2022-03-31,2022-01-01,10-Q,2022,Q1
EarningsPerShareDiluted,income_statement,稀释每股收益,USD/shares,-0.38,2022-03-31,2022-01-01,10-Q,2023,Q1
EarningsPerShareDiluted,income_statement,稀释每股收益,USD/shares,-0.58,2022-06-30,2022-01-01,10-Q,2022,Q2
EarningsPerShareDiluted,income_statement,稀释每股收益,USD/shares,-0.58,2022-06-30,2022-01-01,10-Q,2023,Q2
EarningsPerShareDiluted,income_statement,稀释每股收益,USD/shares,-0.2,2022-06-30,2022-04-01,10-Q,2022,Q2
EarningsPerShareDiluted,income_statement,稀释每股收益,USD/shares,-0.2,2022-06-30,2022-04-01,10-Q,2023,Q2
EarningsPerShareDiluted,income_statement,稀释每股收益,USD/shares,-0.29,2022-09-30,2022-01-01,10-Q,2022,Q3
EarningsPerShareDiluted,income_statement,稀释每股收益,USD/shares,-0.29,2022-09-30,2022-01-01,10-Q,2023,Q3
EarningsPerShareDiluted,income_statement,稀释每股收益,USD/shares,0.28,2022-09-30,2022-07-01,10-Q,2022,Q3
EarningsPerShareDiluted,income_statement,稀释每股收益,USD/shares,0.28,2022-09-30,2022-07-01,10-Q,2023,Q3
EarningsPerShareDiluted,income_statement,稀释每股收益,USD/shares,-0.27,2022-12-31,2022-01-01,10-K,2022,FY
EarningsPerShareDiluted,income_statement,稀释每股收益,USD/shares,-0.27,2022-12-31,2022-01-01,10-K,2023,FY
EarningsPerShareDiluted,income_statement,稀释每股收益,USD/shares,-0.27,2022-12-31,2022-01-01,10-K,2024,FY
EarningsPerShareDiluted,income_statement,稀释每股收益,USD/shares,0.31,2023-03-31,2023-01-01,10-Q,2023,Q1
EarningsPerShareDiluted,income_statement,稀释每股收益,USD/shares,0.31,2023-03-31,2023-01-01,10-Q,2024,Q1
EarningsPerShareDiluted,income_statement,稀释每股收益,USD/shares,0.95,2023-06-30,2023-01-01,10-Q,2023,Q2
EarningsPerShareDiluted,income_statement,稀释每股收益,USD/shares,0.95,2023-06-30,2023-01-01,10-Q,2024,Q2
EarningsPerShareDiluted,income_statement,稀释每股收益,USD/shares,0.65,2023-06-30,2023-04-01,10-Q,2023,Q2
EarningsPerShareDiluted,income_statement,稀释每股收益,USD/shares,0.65,2023-06-30,2023-04-01,10-Q,2024,Q2
EarningsPerShareDiluted,income_statement,稀释每股收益,USD/shares,1.89,2023-09-30,2023-01-01,10-Q,2023,Q3
EarningsPerShareDiluted,income_statement,稀释每股收益,USD/shares,1.89,2023-09-30,2023-01-01,10-Q,2024,Q3
EarningsPerShareDiluted,income_statement,稀释每股收益,USD/shares,0.94,2023-09-30,2023-07-01,10-Q,2023,Q3
EarningsPerShareDiluted,income_statement,稀释每股收益,USD/shares,0.94,2023-09-30,2023-07-01,10-Q,2024,Q3
EarningsPerShareDiluted,income_statement,稀释每股收益,USD/shares,2.9,2023-12-31,2023-01-01,10-K,2023,FY
EarningsPerShareDiluted,income_statement,稀释每股收益,USD/shares,2.9,2023-12-31,2023-01-01,10-K,2024,FY
EarningsPerShareDiluted,income_statement,稀释每股收益,USD/shares,0.98,2024-03-31,2024-01-01,10-Q,2024,Q1
EarningsPerShareDiluted,income_statement,稀释每股收益,USD/shares,0.98,2024-03-31,2024-01-01,10-Q,2025,Q1
EarningsPerShareDiluted,income_statement,稀释每股收益,USD/shares,2.24,2024-06-30,2024-01-01,10-Q,2024,Q2
EarningsPerShareDiluted,income_statement,稀释每股收益,USD/shares,2.24,2024-06-30,2024-01-01,10-Q,2025,Q2
EarningsPerShareDiluted,income_statement,稀释每股收益,USD/shares,1.26,2024-06-30,2024-04-01,10-Q,2024,Q2
EarningsPerShareDiluted,income_statement,稀释每股收益,USD/shares,1.26,2024-06-30,2024-04-01,10-Q,2025,Q2
EarningsPerShareDiluted,income_statement,稀释每股收益,USD/shares,3.67,2024-09-30,2024-01-01,10-Q,2024,Q3
EarningsPerShareDiluted,income_statement,稀释每股收益,USD/shares,1.43,2024-09-30,2024-07-01,10-Q,2024,Q3
EarningsPerShareDiluted,income_statement,稀释每股收益,USD/shares,5.53,2024-12-31,2024-01-01,10-K,2024,FY
EarningsPerShareDiluted,income_statement,稀释每股收益,USD/shares,1.59,2025-03-31,2025-01-01,10-Q,2025,Q1
EarningsPerShareDiluted,income_statement,稀释每股收益,USD/shares,3.27,2025-06-30,2025-01-01,10-Q,2025,Q2
EarningsPerShareDiluted,income_statement,稀释每股收益,USD/shares,1.68,2025-06-30,2025-04-01,10-Q,2025,Q2
DepreciationDepletionAndAmortization,income_statement,折旧摊销,USD,27397000000.0,2021-03-31,2020-04-01,10-Q,2021,Q1
DepreciationDepletionAndAmortization,income_statement,折旧摊销,USD,27397000000.0,2021-03-31,2020-04-01,10-Q,2022,Q1
DepreciationDepletionAndAmortization,income_statement,折旧摊销,USD,7508000000.0,2021-03-31,2021-01-01,10-Q,2021,Q1
DepreciationDepletionAndAmortization,income_statement,折旧摊销,USD,7508000000.0,2021-03-31,2021-01-01,10-Q,2022,Q1
DepreciationDepletionAndAmortization,income_statement,折旧摊销,USD,29687000000.0,2021-06-30,2020-07-01,10-Q,2021,Q2
DepreciationDepletionAndAmortization,income_statement,折旧摊销,USD,29687000000.0,2021-06-30,2020-07-01,10-Q,2022,Q2
DepreciationDepletionAndAmortization,income_statement,折旧摊销,USD,15546000000.0,2021-06-30,2021-01-01,10-Q,2021,Q2
DepreciationDepletionAndAmortization,income_statement,折旧摊销,USD,15546000000.0,2021-06-30,2021-01-01,10-Q,2022,Q2
DepreciationDepletionAndAmortization,income_statement,折旧摊销,USD,8038000000.0,2021-06-30,2021-04-01,10-Q,2021,Q2
DepreciationDepletionAndAmortization,income_statement,折旧摊销,USD,8038000000.0,2021-06-30,2021-04-01,10-Q,2022,Q2
DepreciationDepletionAndAmortization,income_statement,折旧摊销,USD,32112000000.0,2021-09-30,2020-10-01,10-Q,2021,Q3
DepreciationDepletionAndAmortization,income_statement,折旧摊销,USD,32112000000.0,2021-09-30,2020-10-01,10-Q,2022,Q3
DepreciationDepletionAndAmortization,income_statement,折旧摊销,USD,24494000000.0,2021-09-30,2021-01-01,10-Q,2021,Q3
DepreciationDepletionAndAmortization,income_statement,折旧摊销,USD,24494000000.0,2021-09-30,2021-01-01,10-Q,2022,Q3
DepreciationDepletionAndAmortization,income_statement,折旧摊销,USD,8948000000.0,2021-09-30,2021-07-01,10-Q,2021,Q3
DepreciationDepletionAndAmortization,income_statement,折旧摊销,USD,8948000000.0,2021-09-30,2021-07-01,10-Q,2022,Q3
DepreciationDepletionAndAmortization,income_statement,折旧摊销,USD,34296000000.0,2021-12-31,2021-01-01,10-K,2021,FY
DepreciationDepletionAndAmortization,income_statement,折旧摊销,USD,34433000000.0,2021-12-31,2021-01-01,10-K,2022,FY
DepreciationDepletionAndAmortization,income_statement,折旧摊销,USD,34433000000.0,2021-12-31,2021-01-01,10-K,2023,FY
DepreciationDepletionAndAmortization,income_statement,折旧摊销,USD,35766000000.0,2022-03-31,2021-04-01,10-Q,2022,Q1
DepreciationDepletionAndAmortization,income_statement,折旧摊销,USD,36088000000.0,2022-03-31,2021-04-01,10-Q,2023,Q1
DepreciationDepletionAndAmortization,income_statement,折旧摊销,USD,8978000000.0,2022-03-31,2022-01-01,10-Q,2022,Q1
DepreciationDepletionAndAmortization,income_statement,折旧摊销,USD,9193000000.0,2022-03-31,2022-01-01,10-Q,2023,Q1
DepreciationDepletionAndAmortization,income_statement,折旧摊销,USD,37322000000.0,2022-06-30,2021-07-01,10-Q,2022,Q2
DepreciationDepletionAndAmortization,income_statement,折旧摊销,USD,37748000000.0,2022-06-30,2021-07-01,10-Q,2023,Q2
DepreciationDepletionAndAmortization,income_statement,折旧摊销,USD,18572000000.0,2022-06-30,2022-01-01,10-Q,2022,Q2
DepreciationDepletionAndAmortization,income_statement,折旧摊销,USD,18909000000.0,2022-06-30,2022-01-01,10-Q,2023,Q2
DepreciationDepletionAndAmortization,income_statement,折旧摊销,USD,9594000000.0,2022-06-30,2022-04-01,10-Q,2022,Q2
DepreciationDepletionAndAmortization,income_statement,折旧摊销,USD,9716000000.0,2022-06-30,2022-04-01,10-Q,2023,Q2
DepreciationDepletionAndAmortization,income_statement,折旧摊销,USD,38578000000.0,2022-09-30,2021-10-01,10-Q,2022,Q3
DepreciationDepletionAndAmortization,income_statement,折旧摊销,USD,39103000000.0,2022-09-30,2021-10-01,10-Q,2023,Q3
DepreciationDepletionAndAmortization,income_statement,折旧摊销,USD,28776000000.0,2022-09-30,2022-01-01,10-Q,2022,Q3
DepreciationDepletionAndAmortization,income_statement,折旧摊销,USD,29236000000.0,2022-09-30,2022-01-01,10-Q,2023,Q3
DepreciationDepletionAndAmortization,income_statement,折旧摊销,USD,10204000000.0,2022-09-30,2022-07-01,10-Q,2022,Q3
DepreciationDepletionAndAmortization,income_statement,折旧摊销,USD,10327000000.0,2022-09-30,2022-07-01,10-Q,2023,Q3
DepreciationDepletionAndAmortization,income_statement,折旧摊销,USD,41921000000.0,2022-12-31,2022-01-01,10-K,2022,FY
DepreciationDepletionAndAmortization,income_statement,折旧摊销,USD,41921000000.0,2022-12-31,2022-01-01,10-K,2023,FY
DepreciationDepletionAndAmortization,income_statement,折旧摊销,USD,41921000000.0,2022-12-31,2022-01-01,10-K,2024,FY
DepreciationDepletionAndAmortization,income_statement,折旧摊销,USD,43851000000.0,2023-03-31,2022-04-01,10-Q,2023,Q1
DepreciationDepletionAndAmortization,income_statement,折旧摊销,USD,43851000000.0,2023-03-31,2022-04-01,10-Q,2024,Q1
DepreciationDepletionAndAmortization,income_statement,折旧摊销,USD,11123000000.0,2023-03-31,2023-01-01,10-Q,2023,Q1
DepreciationDepletionAndAmortization,income_statement,折旧摊销,USD,11123000000.0,2023-03-31,2023-01-01,10-Q,2024,Q1
DepreciationDepletionAndAmortization,income_statement,折旧摊销,USD,45724000000.0,2023-06-30,2022-07-01,10-Q,2023,Q2
DepreciationDepletionAndAmortization,income_statement,折旧摊销,USD,45724000000.0,2023-06-30,2022-07-01,10-Q,2024,Q2
DepreciationDepletionAndAmortization,income_statement,折旧摊销,USD,22712000000.0,2023-06-30,2023-01-01,10-Q,2023,Q2
DepreciationDepletionAndAmortization,income_statement,折旧摊销,USD,22712000000.0,2023-06-30,2023-01-01,10-Q,2024,Q2
DepreciationDepletionAndAmortization,income_statement,折旧摊销,USD,11589000000.0,2023-06-30,2023-04-01,10-Q,2023,Q2
DepreciationDepletionAndAmortization,income_statement,折旧摊销,USD,11589000000.0,2023-06-30,2023-04-01,10-Q,2024,Q2
DepreciationDepletionAndAmortization,income_statement,折旧摊销,USD,47528000000.0,2023-09-30,2022-10-01,10-Q,2023,Q3
DepreciationDepletionAndAmortization,income_statement,折旧摊销,USD,47528000000.0,2023-09-30,2022-10-01,10-Q,2024,Q3
DepreciationDepletionAndAmortization,income_statement,折旧摊销,USD,34843000000.0,2023-09-30,2023-01-01,10-Q,2023,Q3
DepreciationDepletionAndAmortization,income_statement,折旧摊销,USD,34843000000.0,2023-09-30,2023-01-01,10-Q,2024,Q3
DepreciationDepletionAndAmortization,income_statement,折旧摊销,USD,12131000000.0,2023-09-30,2023-07-01,10-Q,2023,Q3
DepreciationDepletionAndAmortization,income_statement,折旧摊销,USD,12131000000.0,2023-09-30,2023-07-01,10-Q,2024,Q3
DepreciationDepletionAndAmortization,income_statement,折旧摊销,USD,48663000000.0,2023-12-31,2023-01-01,10-K,2023,FY
DepreciationDepletionAndAmortization,income_statement,折旧摊销,USD,48663000000.0,2023-12-31,2023-01-01,10-K,2024,FY
DepreciationDepletionAndAmortization,income_statement,折旧摊销,USD,49224000000.0,2024-03-31,2023-04-01,10-Q,2024,Q1
DepreciationDepletionAndAmortization,income_statement,折旧摊销,USD,49224000000.0,2024-03-31,2023-04-01,10-Q,2025,Q1
DepreciationDepletionAndAmortization,income_statement,折旧摊销,USD,11684000000.0,2024-03-31,2024-01-01,10-Q,2024,Q1
DepreciationDepletionAndAmortization,income_statement,折旧摊销,USD,11684000000.0,2024-03-31,2024-01-01,10-Q,2025,Q1
DepreciationDepletionAndAmortization,income_statement,折旧摊销,USD,49673000000.0,2024-06-30,2023-07-01,10-Q,2024,Q2
DepreciationDepletionAndAmortization,income_statement,折旧摊销,USD,49673000000.0,2024-06-30,2023-07-01,10-Q,2025,Q2
DepreciationDepletionAndAmortization,income_statement,折旧摊销,USD,23722000000.0,2024-06-30,2024-01-01,10-Q,2024,Q2
DepreciationDepletionAndAmortization,income_statement,折旧摊销,USD,23722000000.0,2024-06-30,2024-01-01,10-Q,2025,Q2
DepreciationDepletionAndAmortization,income_statement,折旧摊销,USD,12038000000.0,2024-06-30,2024-04-01,10-Q,2024,Q2
DepreciationDepletionAndAmortization,income_statement,折旧摊销,USD,12038000000.0,2024-06-30,2024-04-01,10-Q,2025,Q2
DepreciationDepletionAndAmortization,income_statement,折旧摊销,USD,50984000000.0,2024-09-30,2023-10-01,10-Q,2024,Q3
DepreciationDepletionAndAmortization,income_statement,折旧摊销,USD,37164000000.0,2024-09-30,2024-01-01,10-Q,2024,Q3
DepreciationDepletionAndAmortization,income_statement,折旧摊销,USD,13442000000.0,2024-09-30,2024-07-01,10-Q,2024,Q3
DepreciationDepletionAndAmortization,income_statement,折旧摊销,USD,52795000000.0,2024-12-31,2024-01-01,10-K,2024,FY
DepreciationDepletionAndAmortization,income_statement,折旧摊销,USD,55373000000.0,2025-03-31,2024-04-01,10-Q,2025,Q1
DepreciationDepletionAndAmortization,income_statement,折旧摊销,USD,14262000000.0,2025-03-31,2025-01-01,10-Q,2025,Q1
DepreciationDepletionAndAmortization,income_statement,折旧摊销,USD,58562000000.0,2025-06-30,2024-07-01,10-Q,2025,Q2
DepreciationDepletionAndAmortization,income_statement,折旧摊销,USD,29489000000.0,2025-06-30,2025-01-01,10-Q,2025,Q2
DepreciationDepletionAndAmortization,income_statement,折旧摊销,USD,15227000000.0,2025-06-30,2025-04-01,10-Q,2025,Q2
