concept,category,chinese_name,unit,value,end_date,start_date,form,fiscal_year,fiscal_period
Assets,balance_sheet,总资产,USD,28791000000.0,2021-01-31,,10-K,2021,FY
Assets,balance_sheet,总资产,USD,28791000000.0,2021-01-31,,10-Q,2022,Q1
Assets,balance_sheet,总资产,USD,28791000000.0,2021-01-31,,10-Q,2022,Q2
Assets,balance_sheet,总资产,USD,28791000000.0,2021-01-31,,10-Q,2022,Q3
Assets,balance_sheet,总资产,USD,28791000000.0,2021-01-31,,10-K,2022,FY
Assets,balance_sheet,总资产,USD,30796000000.0,2021-05-02,,10-Q,2022,Q1
Assets,balance_sheet,总资产,USD,38650000000.0,2021-08-01,,10-Q,2022,Q2
Assets,balance_sheet,总资产,USD,40632000000.0,2021-10-31,,10-Q,2022,Q3
Assets,balance_sheet,总资产,USD,44187000000.0,2022-01-30,,10-K,2022,FY
Assets,balance_sheet,总资产,USD,44187000000.0,2022-01-30,,10-Q,2023,Q1
Assets,balance_sheet,总资产,USD,44187000000.0,2022-01-30,,10-Q,2023,Q2
Assets,balance_sheet,总资产,USD,44187000000.0,2022-01-30,,10-Q,2023,Q3
Assets,balance_sheet,总资产,USD,44187000000.0,2022-01-30,,10-K,2023,FY
Assets,balance_sheet,总资产,USD,45212000000.0,2022-05-01,,10-Q,2023,Q1
Assets,balance_sheet,总资产,USD,43476000000.0,2022-07-31,,10-Q,2023,Q2
Assets,balance_sheet,总资产,USD,40488000000.0,2022-10-30,,10-Q,2023,Q3
Assets,balance_sheet,总资产,USD,41182000000.0,2023-01-29,,10-K,2023,FY
Assets,balance_sheet,总资产,USD,41182000000.0,2023-01-29,,10-Q,2024,Q1
Assets,balance_sheet,总资产,USD,41182000000.0,2023-01-29,,10-Q,2024,Q2
Assets,balance_sheet,总资产,USD,41182000000.0,2023-01-29,,10-Q,2024,Q3
Assets,balance_sheet,总资产,USD,41182000000.0,2023-01-29,,10-K,2024,FY
Assets,balance_sheet,总资产,USD,44460000000.0,2023-04-30,,10-Q,2024,Q1
Assets,balance_sheet,总资产,USD,49555000000.0,2023-07-30,,10-Q,2024,Q2
Assets,balance_sheet,总资产,USD,54148000000.0,2023-10-29,,10-Q,2024,Q3
Assets,balance_sheet,总资产,USD,65728000000.0,2024-01-28,,10-K,2024,FY
Assets,balance_sheet,总资产,USD,65728000000.0,2024-01-28,,10-Q,2025,Q1
Assets,balance_sheet,总资产,USD,65728000000.0,2024-01-28,,10-Q,2025,Q2
Assets,balance_sheet,总资产,USD,65728000000.0,2024-01-28,,10-Q,2025,Q3
Assets,balance_sheet,总资产,USD,65728000000.0,2024-01-28,,10-K,2025,FY
Assets,balance_sheet,总资产,USD,77072000000.0,2024-04-28,,10-Q,2025,Q1
Assets,balance_sheet,总资产,USD,85227000000.0,2024-07-28,,10-Q,2025,Q2
Assets,balance_sheet,总资产,USD,96013000000.0,2024-10-27,,10-Q,2025,Q3
Assets,balance_sheet,总资产,USD,111601000000.0,2025-01-26,,10-K,2025,FY
Assets,balance_sheet,总资产,USD,111601000000.0,2025-01-26,,10-Q,2026,Q1
Assets,balance_sheet,总资产,USD,125254000000.0,2025-04-27,,10-Q,2026,Q1
AssetsCurrent,balance_sheet,流动资产,USD,16055000000.0,2021-01-31,,10-K,2021,FY
AssetsCurrent,balance_sheet,流动资产,USD,16055000000.0,2021-01-31,,10-Q,2022,Q1
AssetsCurrent,balance_sheet,流动资产,USD,16055000000.0,2021-01-31,,10-Q,2022,Q2
AssetsCurrent,balance_sheet,流动资产,USD,16055000000.0,2021-01-31,,10-Q,2022,Q3
AssetsCurrent,balance_sheet,流动资产,USD,16055000000.0,2021-01-31,,10-K,2022,FY
AssetsCurrent,balance_sheet,流动资产,USD,18127000000.0,2021-05-02,,10-Q,2022,Q1
AssetsCurrent,balance_sheet,流动资产,USD,25806000000.0,2021-08-01,,10-Q,2022,Q2
AssetsCurrent,balance_sheet,流动资产,USD,25806000000.0,2021-10-31,,10-Q,2022,Q3
AssetsCurrent,balance_sheet,流动资产,USD,28829000000.0,2022-01-30,,10-K,2022,FY
AssetsCurrent,balance_sheet,流动资产,USD,28829000000.0,2022-01-30,,10-Q,2023,Q1
AssetsCurrent,balance_sheet,流动资产,USD,28829000000.0,2022-01-30,,10-Q,2023,Q2
AssetsCurrent,balance_sheet,流动资产,USD,28829000000.0,2022-01-30,,10-Q,2023,Q3
AssetsCurrent,balance_sheet,流动资产,USD,28829000000.0,2022-01-30,,10-K,2023,FY
AssetsCurrent,balance_sheet,流动资产,USD,29575000000.0,2022-05-01,,10-Q,2023,Q1
AssetsCurrent,balance_sheet,流动资产,USD,27418000000.0,2022-07-31,,10-Q,2023,Q2
AssetsCurrent,balance_sheet,流动资产,USD,23223000000.0,2022-10-30,,10-Q,2023,Q3
AssetsCurrent,balance_sheet,流动资产,USD,23073000000.0,2023-01-29,,10-K,2023,FY
AssetsCurrent,balance_sheet,流动资产,USD,23073000000.0,2023-01-29,,10-Q,2024,Q1
AssetsCurrent,balance_sheet,流动资产,USD,23073000000.0,2023-01-29,,10-Q,2024,Q2
AssetsCurrent,balance_sheet,流动资产,USD,23073000000.0,2023-01-29,,10-Q,2024,Q3
AssetsCurrent,balance_sheet,流动资产,USD,23073000000.0,2023-01-29,,10-K,2024,FY
AssetsCurrent,balance_sheet,流动资产,USD,24883000000.0,2023-04-30,,10-Q,2024,Q1
AssetsCurrent,balance_sheet,流动资产,USD,28797000000.0,2023-07-30,,10-Q,2024,Q2
AssetsCurrent,balance_sheet,流动资产,USD,32658000000.0,2023-10-29,,10-Q,2024,Q3
AssetsCurrent,balance_sheet,流动资产,USD,44345000000.0,2024-01-28,,10-K,2024,FY
AssetsCurrent,balance_sheet,流动资产,USD,44345000000.0,2024-01-28,,10-Q,2025,Q1
AssetsCurrent,balance_sheet,流动资产,USD,44345000000.0,2024-01-28,,10-Q,2025,Q2
AssetsCurrent,balance_sheet,流动资产,USD,44345000000.0,2024-01-28,,10-Q,2025,Q3
AssetsCurrent,balance_sheet,流动资产,USD,44345000000.0,2024-01-28,,10-K,2025,FY
AssetsCurrent,balance_sheet,流动资产,USD,53729000000.0,2024-04-28,,10-Q,2025,Q1
AssetsCurrent,balance_sheet,流动资产,USD,59633000000.0,2024-07-28,,10-Q,2025,Q2
AssetsCurrent,balance_sheet,流动资产,USD,67640000000.0,2024-10-27,,10-Q,2025,Q3
AssetsCurrent,balance_sheet,流动资产,USD,80126000000.0,2025-01-26,,10-K,2025,FY
AssetsCurrent,balance_sheet,流动资产,USD,80126000000.0,2025-01-26,,10-Q,2026,Q1
AssetsCurrent,balance_sheet,流动资产,USD,89935000000.0,2025-04-27,,10-Q,2026,Q1
CashAndCashEquivalentsAtCarryingValue,balance_sheet,现金及现金等价物,USD,847000000.0,2021-01-31,,10-K,2021,FY
CashAndCashEquivalentsAtCarryingValue,balance_sheet,现金及现金等价物,USD,847000000.0,2021-01-31,,10-Q,2022,Q1
CashAndCashEquivalentsAtCarryingValue,balance_sheet,现金及现金等价物,USD,847000000.0,2021-01-31,,10-Q,2022,Q2
CashAndCashEquivalentsAtCarryingValue,balance_sheet,现金及现金等价物,USD,847000000.0,2021-01-31,,10-Q,2022,Q3
CashAndCashEquivalentsAtCarryingValue,balance_sheet,现金及现金等价物,USD,847000000.0,2021-01-31,,10-K,2022,FY
CashAndCashEquivalentsAtCarryingValue,balance_sheet,现金及现金等价物,USD,978000000.0,2021-05-02,,10-Q,2022,Q1
CashAndCashEquivalentsAtCarryingValue,balance_sheet,现金及现金等价物,USD,5628000000.0,2021-08-01,,10-Q,2022,Q2
CashAndCashEquivalentsAtCarryingValue,balance_sheet,现金及现金等价物,USD,1288000000.0,2021-10-31,,10-Q,2022,Q3
CashAndCashEquivalentsAtCarryingValue,balance_sheet,现金及现金等价物,USD,1990000000.0,2022-01-30,,10-K,2022,FY
CashAndCashEquivalentsAtCarryingValue,balance_sheet,现金及现金等价物,USD,1990000000.0,2022-01-30,,10-Q,2023,Q1
CashAndCashEquivalentsAtCarryingValue,balance_sheet,现金及现金等价物,USD,1990000000.0,2022-01-30,,10-Q,2023,Q2
CashAndCashEquivalentsAtCarryingValue,balance_sheet,现金及现金等价物,USD,1990000000.0,2022-01-30,,10-Q,2023,Q3
CashAndCashEquivalentsAtCarryingValue,balance_sheet,现金及现金等价物,USD,1990000000.0,2022-01-30,,10-K,2023,FY
CashAndCashEquivalentsAtCarryingValue,balance_sheet,现金及现金等价物,USD,3887000000.0,2022-05-01,,10-Q,2023,Q1
CashAndCashEquivalentsAtCarryingValue,balance_sheet,现金及现金等价物,USD,3013000000.0,2022-07-31,,10-Q,2023,Q2
CashAndCashEquivalentsAtCarryingValue,balance_sheet,现金及现金等价物,USD,3013000000.0,2022-07-31,,10-Q,2024,Q2
CashAndCashEquivalentsAtCarryingValue,balance_sheet,现金及现金等价物,USD,2800000000.0,2022-10-30,,10-Q,2023,Q3
CashAndCashEquivalentsAtCarryingValue,balance_sheet,现金及现金等价物,USD,3389000000.0,2023-01-29,,10-K,2023,FY
CashAndCashEquivalentsAtCarryingValue,balance_sheet,现金及现金等价物,USD,3389000000.0,2023-01-29,,10-Q,2024,Q1
CashAndCashEquivalentsAtCarryingValue,balance_sheet,现金及现金等价物,USD,3389000000.0,2023-01-29,,10-Q,2024,Q2
CashAndCashEquivalentsAtCarryingValue,balance_sheet,现金及现金等价物,USD,3389000000.0,2023-01-29,,10-Q,2024,Q3
CashAndCashEquivalentsAtCarryingValue,balance_sheet,现金及现金等价物,USD,3389000000.0,2023-01-29,,10-K,2024,FY
CashAndCashEquivalentsAtCarryingValue,balance_sheet,现金及现金等价物,USD,5079000000.0,2023-04-30,,10-Q,2024,Q1
CashAndCashEquivalentsAtCarryingValue,balance_sheet,现金及现金等价物,USD,5783000000.0,2023-07-30,,10-Q,2024,Q2
CashAndCashEquivalentsAtCarryingValue,balance_sheet,现金及现金等价物,USD,5783000000.0,2023-07-30,,10-Q,2025,Q2
CashAndCashEquivalentsAtCarryingValue,balance_sheet,现金及现金等价物,USD,5519000000.0,2023-10-29,,10-Q,2024,Q3
CashAndCashEquivalentsAtCarryingValue,balance_sheet,现金及现金等价物,USD,7280000000.0,2024-01-28,,10-K,2024,FY
CashAndCashEquivalentsAtCarryingValue,balance_sheet,现金及现金等价物,USD,7280000000.0,2024-01-28,,10-Q,2025,Q1
CashAndCashEquivalentsAtCarryingValue,balance_sheet,现金及现金等价物,USD,7280000000.0,2024-01-28,,10-Q,2025,Q2
CashAndCashEquivalentsAtCarryingValue,balance_sheet,现金及现金等价物,USD,7280000000.0,2024-01-28,,10-Q,2025,Q3
CashAndCashEquivalentsAtCarryingValue,balance_sheet,现金及现金等价物,USD,7280000000.0,2024-01-28,,10-K,2025,FY
CashAndCashEquivalentsAtCarryingValue,balance_sheet,现金及现金等价物,USD,7587000000.0,2024-04-28,,10-Q,2025,Q1
CashAndCashEquivalentsAtCarryingValue,balance_sheet,现金及现金等价物,USD,8563000000.0,2024-07-28,,10-Q,2025,Q2
CashAndCashEquivalentsAtCarryingValue,balance_sheet,现金及现金等价物,USD,9107000000.0,2024-10-27,,10-Q,2025,Q3
CashAndCashEquivalentsAtCarryingValue,balance_sheet,现金及现金等价物,USD,8589000000.0,2025-01-26,,10-K,2025,FY
CashAndCashEquivalentsAtCarryingValue,balance_sheet,现金及现金等价物,USD,8589000000.0,2025-01-26,,10-Q,2026,Q1
CashAndCashEquivalentsAtCarryingValue,balance_sheet,现金及现金等价物,USD,15234000000.0,2025-04-27,,10-Q,2026,Q1
AccountsReceivableNetCurrent,balance_sheet,应收账款净额,USD,2429000000.0,2021-01-31,,10-K,2021,FY
AccountsReceivableNetCurrent,balance_sheet,应收账款净额,USD,2429000000.0,2021-01-31,,10-Q,2022,Q1
AccountsReceivableNetCurrent,balance_sheet,应收账款净额,USD,2429000000.0,2021-01-31,,10-Q,2022,Q2
AccountsReceivableNetCurrent,balance_sheet,应收账款净额,USD,2429000000.0,2021-01-31,,10-Q,2022,Q3
AccountsReceivableNetCurrent,balance_sheet,应收账款净额,USD,2429000000.0,2021-01-31,,10-K,2022,FY
AccountsReceivableNetCurrent,balance_sheet,应收账款净额,USD,3024000000.0,2021-05-02,,10-Q,2022,Q1
AccountsReceivableNetCurrent,balance_sheet,应收账款净额,USD,3586000000.0,2021-08-01,,10-Q,2022,Q2
AccountsReceivableNetCurrent,balance_sheet,应收账款净额,USD,3954000000.0,2021-10-31,,10-Q,2022,Q3
AccountsReceivableNetCurrent,balance_sheet,应收账款净额,USD,4650000000.0,2022-01-30,,10-K,2022,FY
AccountsReceivableNetCurrent,balance_sheet,应收账款净额,USD,4650000000.0,2022-01-30,,10-Q,2023,Q1
AccountsReceivableNetCurrent,balance_sheet,应收账款净额,USD,4650000000.0,2022-01-30,,10-Q,2023,Q2
AccountsReceivableNetCurrent,balance_sheet,应收账款净额,USD,4650000000.0,2022-01-30,,10-Q,2023,Q3
AccountsReceivableNetCurrent,balance_sheet,应收账款净额,USD,4650000000.0,2022-01-30,,10-K,2023,FY
AccountsReceivableNetCurrent,balance_sheet,应收账款净额,USD,5438000000.0,2022-05-01,,10-Q,2023,Q1
AccountsReceivableNetCurrent,balance_sheet,应收账款净额,USD,5317000000.0,2022-07-31,,10-Q,2023,Q2
AccountsReceivableNetCurrent,balance_sheet,应收账款净额,USD,4908000000.0,2022-10-30,,10-Q,2023,Q3
AccountsReceivableNetCurrent,balance_sheet,应收账款净额,USD,3827000000.0,2023-01-29,,10-K,2023,FY
AccountsReceivableNetCurrent,balance_sheet,应收账款净额,USD,3827000000.0,2023-01-29,,10-Q,2024,Q1
AccountsReceivableNetCurrent,balance_sheet,应收账款净额,USD,3827000000.0,2023-01-29,,10-Q,2024,Q2
AccountsReceivableNetCurrent,balance_sheet,应收账款净额,USD,3827000000.0,2023-01-29,,10-Q,2024,Q3
AccountsReceivableNetCurrent,balance_sheet,应收账款净额,USD,3827000000.0,2023-01-29,,10-K,2024,FY
AccountsReceivableNetCurrent,balance_sheet,应收账款净额,USD,4080000000.0,2023-04-30,,10-Q,2024,Q1
AccountsReceivableNetCurrent,balance_sheet,应收账款净额,USD,7066000000.0,2023-07-30,,10-Q,2024,Q2
AccountsReceivableNetCurrent,balance_sheet,应收账款净额,USD,8309000000.0,2023-10-29,,10-Q,2024,Q3
AccountsReceivableNetCurrent,balance_sheet,应收账款净额,USD,9999000000.0,2024-01-28,,10-K,2024,FY
AccountsReceivableNetCurrent,balance_sheet,应收账款净额,USD,9999000000.0,2024-01-28,,10-Q,2025,Q1
AccountsReceivableNetCurrent,balance_sheet,应收账款净额,USD,9999000000.0,2024-01-28,,10-Q,2025,Q2
AccountsReceivableNetCurrent,balance_sheet,应收账款净额,USD,9999000000.0,2024-01-28,,10-Q,2025,Q3
AccountsReceivableNetCurrent,balance_sheet,应收账款净额,USD,9999000000.0,2024-01-28,,10-K,2025,FY
AccountsReceivableNetCurrent,balance_sheet,应收账款净额,USD,12365000000.0,2024-04-28,,10-Q,2025,Q1
AccountsReceivableNetCurrent,balance_sheet,应收账款净额,USD,14132000000.0,2024-07-28,,10-Q,2025,Q2
AccountsReceivableNetCurrent,balance_sheet,应收账款净额,USD,17693000000.0,2024-10-27,,10-Q,2025,Q3
AccountsReceivableNetCurrent,balance_sheet,应收账款净额,USD,23065000000.0,2025-01-26,,10-K,2025,FY
AccountsReceivableNetCurrent,balance_sheet,应收账款净额,USD,23065000000.0,2025-01-26,,10-Q,2026,Q1
AccountsReceivableNetCurrent,balance_sheet,应收账款净额,USD,22132000000.0,2025-04-27,,10-Q,2026,Q1
InventoryNet,balance_sheet,存货净额,USD,1826000000.0,2021-01-31,,10-K,2021,FY
InventoryNet,balance_sheet,存货净额,USD,1826000000.0,2021-01-31,,10-Q,2022,Q1
InventoryNet,balance_sheet,存货净额,USD,1826000000.0,2021-01-31,,10-Q,2022,Q2
InventoryNet,balance_sheet,存货净额,USD,1826000000.0,2021-01-31,,10-Q,2022,Q3
InventoryNet,balance_sheet,存货净额,USD,1826000000.0,2021-01-31,,10-K,2022,FY
InventoryNet,balance_sheet,存货净额,USD,1992000000.0,2021-05-02,,10-Q,2022,Q1
InventoryNet,balance_sheet,存货净额,USD,2114000000.0,2021-08-01,,10-Q,2022,Q2
InventoryNet,balance_sheet,存货净额,USD,2233000000.0,2021-10-31,,10-Q,2022,Q3
InventoryNet,balance_sheet,存货净额,USD,2605000000.0,2022-01-30,,10-K,2022,FY
InventoryNet,balance_sheet,存货净额,USD,2605000000.0,2022-01-30,,10-Q,2023,Q1
InventoryNet,balance_sheet,存货净额,USD,2605000000.0,2022-01-30,,10-Q,2023,Q2
InventoryNet,balance_sheet,存货净额,USD,2605000000.0,2022-01-30,,10-Q,2023,Q3
InventoryNet,balance_sheet,存货净额,USD,2605000000.0,2022-01-30,,10-K,2023,FY
InventoryNet,balance_sheet,存货净额,USD,3163000000.0,2022-05-01,,10-Q,2023,Q1
InventoryNet,balance_sheet,存货净额,USD,3889000000.0,2022-07-31,,10-Q,2023,Q2
InventoryNet,balance_sheet,存货净额,USD,4454000000.0,2022-10-30,,10-Q,2023,Q3
InventoryNet,balance_sheet,存货净额,USD,5159000000.0,2023-01-29,,10-K,2023,FY
InventoryNet,balance_sheet,存货净额,USD,5159000000.0,2023-01-29,,10-Q,2024,Q1
InventoryNet,balance_sheet,存货净额,USD,5159000000.0,2023-01-29,,10-Q,2024,Q2
InventoryNet,balance_sheet,存货净额,USD,5159000000.0,2023-01-29,,10-Q,2024,Q3
InventoryNet,balance_sheet,存货净额,USD,5159000000.0,2023-01-29,,10-K,2024,FY
InventoryNet,balance_sheet,存货净额,USD,4611000000.0,2023-04-30,,10-Q,2024,Q1
InventoryNet,balance_sheet,存货净额,USD,4319000000.0,2023-07-30,,10-Q,2024,Q2
InventoryNet,balance_sheet,存货净额,USD,4779000000.0,2023-10-29,,10-Q,2024,Q3
InventoryNet,balance_sheet,存货净额,USD,5282000000.0,2024-01-28,,10-K,2024,FY
InventoryNet,balance_sheet,存货净额,USD,5282000000.0,2024-01-28,,10-Q,2025,Q1
InventoryNet,balance_sheet,存货净额,USD,5282000000.0,2024-01-28,,10-Q,2025,Q2
InventoryNet,balance_sheet,存货净额,USD,5282000000.0,2024-01-28,,10-Q,2025,Q3
InventoryNet,balance_sheet,存货净额,USD,5282000000.0,2024-01-28,,10-K,2025,FY
InventoryNet,balance_sheet,存货净额,USD,5864000000.0,2024-04-28,,10-Q,2025,Q1
InventoryNet,balance_sheet,存货净额,USD,6675000000.0,2024-07-28,,10-Q,2025,Q2
InventoryNet,balance_sheet,存货净额,USD,7654000000.0,2024-10-27,,10-Q,2025,Q3
InventoryNet,balance_sheet,存货净额,USD,10080000000.0,2025-01-26,,10-K,2025,FY
InventoryNet,balance_sheet,存货净额,USD,10080000000.0,2025-01-26,,10-Q,2026,Q1
InventoryNet,balance_sheet,存货净额,USD,11333000000.0,2025-04-27,,10-Q,2026,Q1
Liabilities,balance_sheet,总负债,USD,11898000000.0,2021-01-31,,10-K,2021,FY
Liabilities,balance_sheet,总负债,USD,11898000000.0,2021-01-31,,10-Q,2022,Q1
Liabilities,balance_sheet,总负债,USD,11898000000.0,2021-01-31,,10-Q,2022,Q2
Liabilities,balance_sheet,总负债,USD,11898000000.0,2021-01-31,,10-Q,2022,Q3
Liabilities,balance_sheet,总负债,USD,11898000000.0,2021-01-31,,10-K,2022,FY
Liabilities,balance_sheet,总负债,USD,12022000000.0,2021-05-02,,10-Q,2022,Q1
Liabilities,balance_sheet,总负债,USD,17503000000.0,2021-08-01,,10-Q,2022,Q2
Liabilities,balance_sheet,总负债,USD,16834000000.0,2021-10-31,,10-Q,2022,Q3
Liabilities,balance_sheet,总负债,USD,17575000000.0,2022-01-30,,10-K,2022,FY
Liabilities,balance_sheet,总负债,USD,17575000000.0,2022-01-30,,10-Q,2023,Q1
Liabilities,balance_sheet,总负债,USD,17575000000.0,2022-01-30,,10-Q,2023,Q2
Liabilities,balance_sheet,总负债,USD,17575000000.0,2022-01-30,,10-Q,2023,Q3
Liabilities,balance_sheet,总负债,USD,17575000000.0,2022-01-30,,10-K,2023,FY
Liabilities,balance_sheet,总负债,USD,18892000000.0,2022-05-01,,10-Q,2023,Q1
Liabilities,balance_sheet,总负债,USD,19625000000.0,2022-07-31,,10-Q,2023,Q2
Liabilities,balance_sheet,总负债,USD,19139000000.0,2022-10-30,,10-Q,2023,Q3
Liabilities,balance_sheet,总负债,USD,19081000000.0,2023-01-29,,10-K,2023,FY
Liabilities,balance_sheet,总负债,USD,19081000000.0,2023-01-29,,10-Q,2024,Q1
Liabilities,balance_sheet,总负债,USD,19081000000.0,2023-01-29,,10-Q,2024,Q2
Liabilities,balance_sheet,总负债,USD,19081000000.0,2023-01-29,,10-Q,2024,Q3
Liabilities,balance_sheet,总负债,USD,19081000000.0,2023-01-29,,10-K,2024,FY
Liabilities,balance_sheet,总负债,USD,19940000000.0,2023-04-30,,10-Q,2024,Q1
Liabilities,balance_sheet,总负债,USD,22054000000.0,2023-07-30,,10-Q,2024,Q2
Liabilities,balance_sheet,总负债,USD,20883000000.0,2023-10-29,,10-Q,2024,Q3
Liabilities,balance_sheet,总负债,USD,22750000000.0,2024-01-28,,10-K,2024,FY
Liabilities,balance_sheet,总负债,USD,22750000000.0,2024-01-28,,10-Q,2025,Q1
Liabilities,balance_sheet,总负债,USD,22750000000.0,2024-01-28,,10-Q,2025,Q2
Liabilities,balance_sheet,总负债,USD,22750000000.0,2024-01-28,,10-Q,2025,Q3
Liabilities,balance_sheet,总负债,USD,22750000000.0,2024-01-28,,10-K,2025,FY
Liabilities,balance_sheet,总负债,USD,27930000000.0,2024-04-28,,10-Q,2025,Q1
Liabilities,balance_sheet,总负债,USD,27070000000.0,2024-07-28,,10-Q,2025,Q2
Liabilities,balance_sheet,总负债,USD,30114000000.0,2024-10-27,,10-Q,2025,Q3
Liabilities,balance_sheet,总负债,USD,32274000000.0,2025-01-26,,10-K,2025,FY
Liabilities,balance_sheet,总负债,USD,32274000000.0,2025-01-26,,10-Q,2026,Q1
Liabilities,balance_sheet,总负债,USD,41411000000.0,2025-04-27,,10-Q,2026,Q1
LiabilitiesCurrent,balance_sheet,流动负债,USD,3925000000.0,2021-01-31,,10-K,2021,FY
LiabilitiesCurrent,balance_sheet,流动负债,USD,3925000000.0,2021-01-31,,10-Q,2022,Q1
LiabilitiesCurrent,balance_sheet,流动负债,USD,3925000000.0,2021-01-31,,10-Q,2022,Q2
LiabilitiesCurrent,balance_sheet,流动负债,USD,3925000000.0,2021-01-31,,10-Q,2022,Q3
LiabilitiesCurrent,balance_sheet,流动负债,USD,3925000000.0,2021-01-31,,10-K,2022,FY
LiabilitiesCurrent,balance_sheet,流动负债,USD,4004000000.0,2021-05-02,,10-Q,2022,Q1
LiabilitiesCurrent,balance_sheet,流动负债,USD,4448000000.0,2021-08-01,,10-Q,2022,Q2
LiabilitiesCurrent,balance_sheet,流动负债,USD,3612000000.0,2021-10-31,,10-Q,2022,Q3
LiabilitiesCurrent,balance_sheet,流动负债,USD,4335000000.0,2022-01-30,,10-K,2022,FY
LiabilitiesCurrent,balance_sheet,流动负债,USD,4335000000.0,2022-01-30,,10-Q,2023,Q1
LiabilitiesCurrent,balance_sheet,流动负债,USD,4335000000.0,2022-01-30,,10-Q,2023,Q2
LiabilitiesCurrent,balance_sheet,流动负债,USD,4335000000.0,2022-01-30,,10-Q,2023,Q3
LiabilitiesCurrent,balance_sheet,流动负债,USD,4335000000.0,2022-01-30,,10-K,2023,FY
LiabilitiesCurrent,balance_sheet,流动负债,USD,5562000000.0,2022-05-01,,10-Q,2023,Q1
LiabilitiesCurrent,balance_sheet,流动负债,USD,7573000000.0,2022-07-31,,10-Q,2023,Q2
LiabilitiesCurrent,balance_sheet,流动负债,USD,6855000000.0,2022-10-30,,10-Q,2023,Q3
LiabilitiesCurrent,balance_sheet,流动负债,USD,6563000000.0,2023-01-29,,10-K,2023,FY
LiabilitiesCurrent,balance_sheet,流动负债,USD,6563000000.0,2023-01-29,,10-Q,2024,Q1
LiabilitiesCurrent,balance_sheet,流动负债,USD,6563000000.0,2023-01-29,,10-Q,2024,Q2
LiabilitiesCurrent,balance_sheet,流动负债,USD,6563000000.0,2023-01-29,,10-Q,2024,Q3
LiabilitiesCurrent,balance_sheet,流动负债,USD,6563000000.0,2023-01-29,,10-K,2024,FY
LiabilitiesCurrent,balance_sheet,流动负债,USD,7260000000.0,2023-04-30,,10-Q,2024,Q1
LiabilitiesCurrent,balance_sheet,流动负债,USD,10334000000.0,2023-07-30,,10-Q,2024,Q2
LiabilitiesCurrent,balance_sheet,流动负债,USD,9101000000.0,2023-10-29,,10-Q,2024,Q3
LiabilitiesCurrent,balance_sheet,流动负债,USD,10631000000.0,2024-01-28,,10-K,2024,FY
LiabilitiesCurrent,balance_sheet,流动负债,USD,10631000000.0,2024-01-28,,10-Q,2025,Q1
LiabilitiesCurrent,balance_sheet,流动负债,USD,10631000000.0,2024-01-28,,10-Q,2025,Q2
LiabilitiesCurrent,balance_sheet,流动负债,USD,10631000000.0,2024-01-28,,10-Q,2025,Q3
LiabilitiesCurrent,balance_sheet,流动负债,USD,10631000000.0,2024-01-28,,10-K,2025,FY
LiabilitiesCurrent,balance_sheet,流动负债,USD,15223000000.0,2024-04-28,,10-Q,2025,Q1
LiabilitiesCurrent,balance_sheet,流动负债,USD,13969000000.0,2024-07-28,,10-Q,2025,Q2
LiabilitiesCurrent,balance_sheet,流动负债,USD,16479000000.0,2024-10-27,,10-Q,2025,Q3
LiabilitiesCurrent,balance_sheet,流动负债,USD,18047000000.0,2025-01-26,,10-K,2025,FY
LiabilitiesCurrent,balance_sheet,流动负债,USD,18047000000.0,2025-01-26,,10-Q,2026,Q1
LiabilitiesCurrent,balance_sheet,流动负债,USD,26542000000.0,2025-04-27,,10-Q,2026,Q1
AccountsPayableCurrent,balance_sheet,应付账款,USD,1201000000.0,2021-01-31,,10-K,2021,FY
AccountsPayableCurrent,balance_sheet,应付账款,USD,1201000000.0,2021-01-31,,10-Q,2022,Q1
AccountsPayableCurrent,balance_sheet,应付账款,USD,1201000000.0,2021-01-31,,10-Q,2022,Q2
AccountsPayableCurrent,balance_sheet,应付账款,USD,1201000000.0,2021-01-31,,10-Q,2022,Q3
AccountsPayableCurrent,balance_sheet,应付账款,USD,1149000000.0,2021-01-31,,10-K,2022,FY
AccountsPayableCurrent,balance_sheet,应付账款,USD,1218000000.0,2021-05-02,,10-Q,2022,Q1
AccountsPayableCurrent,balance_sheet,应付账款,USD,1474000000.0,2021-08-01,,10-Q,2022,Q2
AccountsPayableCurrent,balance_sheet,应付账款,USD,1664000000.0,2021-10-31,,10-Q,2022,Q3
AccountsPayableCurrent,balance_sheet,应付账款,USD,1783000000.0,2022-01-30,,10-K,2022,FY
AccountsPayableCurrent,balance_sheet,应付账款,USD,1783000000.0,2022-01-30,,10-Q,2023,Q1
AccountsPayableCurrent,balance_sheet,应付账款,USD,1783000000.0,2022-01-30,,10-Q,2023,Q2
AccountsPayableCurrent,balance_sheet,应付账款,USD,1783000000.0,2022-01-30,,10-Q,2023,Q3
AccountsPayableCurrent,balance_sheet,应付账款,USD,1783000000.0,2022-01-30,,10-K,2023,FY
AccountsPayableCurrent,balance_sheet,应付账款,USD,1999000000.0,2022-05-01,,10-Q,2023,Q1
AccountsPayableCurrent,balance_sheet,应付账款,USD,2421000000.0,2022-07-31,,10-Q,2023,Q2
AccountsPayableCurrent,balance_sheet,应付账款,USD,1491000000.0,2022-10-30,,10-Q,2023,Q3
AccountsPayableCurrent,balance_sheet,应付账款,USD,1193000000.0,2023-01-29,,10-K,2023,FY
AccountsPayableCurrent,balance_sheet,应付账款,USD,1193000000.0,2023-01-29,,10-Q,2024,Q1
AccountsPayableCurrent,balance_sheet,应付账款,USD,1193000000.0,2023-01-29,,10-Q,2024,Q2
AccountsPayableCurrent,balance_sheet,应付账款,USD,1193000000.0,2023-01-29,,10-Q,2024,Q3
AccountsPayableCurrent,balance_sheet,应付账款,USD,1193000000.0,2023-01-29,,10-K,2024,FY
AccountsPayableCurrent,balance_sheet,应付账款,USD,1141000000.0,2023-04-30,,10-Q,2024,Q1
AccountsPayableCurrent,balance_sheet,应付账款,USD,1929000000.0,2023-07-30,,10-Q,2024,Q2
AccountsPayableCurrent,balance_sheet,应付账款,USD,2380000000.0,2023-10-29,,10-Q,2024,Q3
AccountsPayableCurrent,balance_sheet,应付账款,USD,2699000000.0,2024-01-28,,10-K,2024,FY
AccountsPayableCurrent,balance_sheet,应付账款,USD,2699000000.0,2024-01-28,,10-Q,2025,Q1
AccountsPayableCurrent,balance_sheet,应付账款,USD,2699000000.0,2024-01-28,,10-Q,2025,Q2
AccountsPayableCurrent,balance_sheet,应付账款,USD,2699000000.0,2024-01-28,,10-Q,2025,Q3
AccountsPayableCurrent,balance_sheet,应付账款,USD,2699000000.0,2024-01-28,,10-K,2025,FY
AccountsPayableCurrent,balance_sheet,应付账款,USD,2715000000.0,2024-04-28,,10-Q,2025,Q1
AccountsPayableCurrent,balance_sheet,应付账款,USD,3680000000.0,2024-07-28,,10-Q,2025,Q2
AccountsPayableCurrent,balance_sheet,应付账款,USD,5353000000.0,2024-10-27,,10-Q,2025,Q3
AccountsPayableCurrent,balance_sheet,应付账款,USD,6310000000.0,2025-01-26,,10-K,2025,FY
AccountsPayableCurrent,balance_sheet,应付账款,USD,6310000000.0,2025-01-26,,10-Q,2026,Q1
AccountsPayableCurrent,balance_sheet,应付账款,USD,7331000000.0,2025-04-27,,10-Q,2026,Q1
LongTermDebtNoncurrent,balance_sheet,长期债务,USD,5964000000.0,2021-01-31,,10-K,2021,FY
LongTermDebtNoncurrent,balance_sheet,长期债务,USD,5964000000.0,2021-01-31,,10-Q,2022,Q1
LongTermDebtNoncurrent,balance_sheet,长期债务,USD,5964000000.0,2021-01-31,,10-Q,2022,Q2
LongTermDebtNoncurrent,balance_sheet,长期债务,USD,5964000000.0,2021-01-31,,10-Q,2022,Q3
LongTermDebtNoncurrent,balance_sheet,长期债务,USD,5964000000.0,2021-01-31,,10-K,2022,FY
LongTermDebtNoncurrent,balance_sheet,长期债务,USD,5964000000.0,2021-05-02,,10-Q,2022,Q1
LongTermDebtNoncurrent,balance_sheet,长期债务,USD,10943000000.0,2021-08-01,,10-Q,2022,Q2
LongTermDebtNoncurrent,balance_sheet,长期债务,USD,10944000000.0,2021-10-31,,10-Q,2022,Q3
LongTermDebtNoncurrent,balance_sheet,长期债务,USD,10946000000.0,2022-01-30,,10-K,2022,FY
LongTermDebtNoncurrent,balance_sheet,长期债务,USD,10946000000.0,2022-01-30,,10-Q,2023,Q1
LongTermDebtNoncurrent,balance_sheet,长期债务,USD,10946000000.0,2022-01-30,,10-Q,2023,Q2
LongTermDebtNoncurrent,balance_sheet,长期债务,USD,10946000000.0,2022-01-30,,10-Q,2023,Q3
LongTermDebtNoncurrent,balance_sheet,长期债务,USD,10946000000.0,2022-01-30,,10-K,2023,FY
LongTermDebtNoncurrent,balance_sheet,长期债务,USD,10947000000.0,2022-05-01,,10-Q,2023,Q1
LongTermDebtNoncurrent,balance_sheet,长期债务,USD,9700000000.0,2022-07-31,,10-Q,2023,Q2
LongTermDebtNoncurrent,balance_sheet,长期债务,USD,9701000000.0,2022-10-30,,10-Q,2023,Q3
LongTermDebtNoncurrent,balance_sheet,长期债务,USD,9703000000.0,2023-01-29,,10-K,2023,FY
LongTermDebtNoncurrent,balance_sheet,长期债务,USD,9703000000.0,2023-01-29,,10-Q,2024,Q1
LongTermDebtNoncurrent,balance_sheet,长期债务,USD,9703000000.0,2023-01-29,,10-Q,2024,Q2
LongTermDebtNoncurrent,balance_sheet,长期债务,USD,9703000000.0,2023-01-29,,10-Q,2024,Q3
LongTermDebtNoncurrent,balance_sheet,长期债务,USD,9703000000.0,2023-01-29,,10-K,2024,FY
LongTermDebtNoncurrent,balance_sheet,长期债务,USD,9704000000.0,2023-04-30,,10-Q,2024,Q1
LongTermDebtNoncurrent,balance_sheet,长期债务,USD,8456000000.0,2023-07-30,,10-Q,2024,Q2
LongTermDebtNoncurrent,balance_sheet,长期债务,USD,8457000000.0,2023-10-29,,10-Q,2024,Q3
LongTermDebtNoncurrent,balance_sheet,长期债务,USD,8459000000.0,2024-01-28,,10-K,2024,FY
LongTermDebtNoncurrent,balance_sheet,长期债务,USD,8459000000.0,2024-01-28,,10-Q,2025,Q1
LongTermDebtNoncurrent,balance_sheet,长期债务,USD,8459000000.0,2024-01-28,,10-Q,2025,Q2
LongTermDebtNoncurrent,balance_sheet,长期债务,USD,8459000000.0,2024-01-28,,10-Q,2025,Q3
LongTermDebtNoncurrent,balance_sheet,长期债务,USD,8459000000.0,2024-01-28,,10-K,2025,FY
LongTermDebtNoncurrent,balance_sheet,长期债务,USD,8460000000.0,2024-04-28,,10-Q,2025,Q1
LongTermDebtNoncurrent,balance_sheet,长期债务,USD,8461000000.0,2024-07-28,,10-Q,2025,Q2
LongTermDebtNoncurrent,balance_sheet,长期债务,USD,8462000000.0,2024-10-27,,10-Q,2025,Q3
LongTermDebtNoncurrent,balance_sheet,长期债务,USD,8463000000.0,2025-01-26,,10-K,2025,FY
LongTermDebtNoncurrent,balance_sheet,长期债务,USD,8463000000.0,2025-01-26,,10-Q,2026,Q1
LongTermDebtNoncurrent,balance_sheet,长期债务,USD,8464000000.0,2025-04-27,,10-Q,2026,Q1
StockholdersEquity,balance_sheet,股东权益,USD,16893000000.0,2021-01-31,,10-K,2021,FY
StockholdersEquity,balance_sheet,股东权益,USD,16893000000.0,2021-01-31,,10-Q,2022,Q1
StockholdersEquity,balance_sheet,股东权益,USD,16893000000.0,2021-01-31,,10-Q,2022,Q2
StockholdersEquity,balance_sheet,股东权益,USD,16893000000.0,2021-01-31,,10-Q,2022,Q3
StockholdersEquity,balance_sheet,股东权益,USD,16893000000.0,2021-01-31,,10-K,2022,FY
StockholdersEquity,balance_sheet,股东权益,USD,16893000000.0,2021-01-31,,10-Q,2023,Q1
StockholdersEquity,balance_sheet,股东权益,USD,16893000000.0,2021-01-31,,10-Q,2023,Q2
StockholdersEquity,balance_sheet,股东权益,USD,16893000000.0,2021-01-31,,10-Q,2023,Q3
StockholdersEquity,balance_sheet,股东权益,USD,16893000000.0,2021-01-31,,10-K,2023,FY
StockholdersEquity,balance_sheet,股东权益,USD,16893000000.0,2021-01-31,,10-K,2024,FY
StockholdersEquity,balance_sheet,股东权益,USD,18774000000.0,2021-05-02,,10-Q,2022,Q1
StockholdersEquity,balance_sheet,股东权益,USD,18774000000.0,2021-05-02,,10-Q,2022,Q2
StockholdersEquity,balance_sheet,股东权益,USD,18774000000.0,2021-05-02,,10-Q,2023,Q1
StockholdersEquity,balance_sheet,股东权益,USD,18774000000.0,2021-05-02,,10-Q,2023,Q2
StockholdersEquity,balance_sheet,股东权益,USD,21147000000.0,2021-08-01,,10-Q,2022,Q2
StockholdersEquity,balance_sheet,股东权益,USD,21147000000.0,2021-08-01,,10-Q,2022,Q3
StockholdersEquity,balance_sheet,股东权益,USD,21147000000.0,2021-08-01,,10-Q,2023,Q2
StockholdersEquity,balance_sheet,股东权益,USD,21147000000.0,2021-08-01,,10-Q,2023,Q3
StockholdersEquity,balance_sheet,股东权益,USD,23798000000.0,2021-10-31,,10-Q,2022,Q3
StockholdersEquity,balance_sheet,股东权益,USD,23798000000.0,2021-10-31,,10-Q,2023,Q3
StockholdersEquity,balance_sheet,股东权益,USD,26612000000.0,2022-01-30,,10-K,2022,FY
StockholdersEquity,balance_sheet,股东权益,USD,26612000000.0,2022-01-30,,10-Q,2023,Q1
StockholdersEquity,balance_sheet,股东权益,USD,26612000000.0,2022-01-30,,10-Q,2023,Q2
StockholdersEquity,balance_sheet,股东权益,USD,26612000000.0,2022-01-30,,10-Q,2023,Q3
StockholdersEquity,balance_sheet,股东权益,USD,26612000000.0,2022-01-30,,10-K,2023,FY
StockholdersEquity,balance_sheet,股东权益,USD,26612000000.0,2022-01-30,,10-Q,2024,Q1
StockholdersEquity,balance_sheet,股东权益,USD,26612000000.0,2022-01-30,,10-Q,2024,Q2
StockholdersEquity,balance_sheet,股东权益,USD,26612000000.0,2022-01-30,,10-Q,2024,Q3
StockholdersEquity,balance_sheet,股东权益,USD,26612000000.0,2022-01-30,,10-K,2024,FY
StockholdersEquity,balance_sheet,股东权益,USD,26612000000.0,2022-01-30,,10-K,2025,FY
StockholdersEquity,balance_sheet,股东权益,USD,26320000000.0,2022-05-01,,10-Q,2023,Q1
StockholdersEquity,balance_sheet,股东权益,USD,26320000000.0,2022-05-01,,10-Q,2023,Q2
StockholdersEquity,balance_sheet,股东权益,USD,26320000000.0,2022-05-01,,10-Q,2024,Q1
StockholdersEquity,balance_sheet,股东权益,USD,26320000000.0,2022-05-01,,10-Q,2024,Q2
StockholdersEquity,balance_sheet,股东权益,USD,23851000000.0,2022-07-31,,10-Q,2023,Q2
StockholdersEquity,balance_sheet,股东权益,USD,23851000000.0,2022-07-31,,10-Q,2023,Q3
StockholdersEquity,balance_sheet,股东权益,USD,23851000000.0,2022-07-31,,10-Q,2024,Q2
StockholdersEquity,balance_sheet,股东权益,USD,23851000000.0,2022-07-31,,10-Q,2024,Q3
StockholdersEquity,balance_sheet,股东权益,USD,21349000000.0,2022-10-30,,10-Q,2023,Q3
StockholdersEquity,balance_sheet,股东权益,USD,21349000000.0,2022-10-30,,10-Q,2024,Q3
StockholdersEquity,balance_sheet,股东权益,USD,22101000000.0,2023-01-29,,10-K,2023,FY
StockholdersEquity,balance_sheet,股东权益,USD,22101000000.0,2023-01-29,,10-Q,2024,Q1
StockholdersEquity,balance_sheet,股东权益,USD,22101000000.0,2023-01-29,,10-Q,2024,Q2
StockholdersEquity,balance_sheet,股东权益,USD,22101000000.0,2023-01-29,,10-Q,2024,Q3
StockholdersEquity,balance_sheet,股东权益,USD,22101000000.0,2023-01-29,,10-K,2024,FY
StockholdersEquity,balance_sheet,股东权益,USD,22101000000.0,2023-01-29,,10-Q,2025,Q1
StockholdersEquity,balance_sheet,股东权益,USD,22101000000.0,2023-01-29,,10-Q,2025,Q2
StockholdersEquity,balance_sheet,股东权益,USD,22101000000.0,2023-01-29,,10-Q,2025,Q3
StockholdersEquity,balance_sheet,股东权益,USD,22101000000.0,2023-01-29,,10-K,2025,FY
StockholdersEquity,balance_sheet,股东权益,USD,24520000000.0,2023-04-30,,10-Q,2024,Q1
StockholdersEquity,balance_sheet,股东权益,USD,24520000000.0,2023-04-30,,10-Q,2024,Q2
StockholdersEquity,balance_sheet,股东权益,USD,24520000000.0,2023-04-30,,10-Q,2025,Q1
StockholdersEquity,balance_sheet,股东权益,USD,24520000000.0,2023-04-30,,10-Q,2025,Q2
StockholdersEquity,balance_sheet,股东权益,USD,27501000000.0,2023-07-30,,10-Q,2024,Q2
StockholdersEquity,balance_sheet,股东权益,USD,27501000000.0,2023-07-30,,10-Q,2024,Q3
StockholdersEquity,balance_sheet,股东权益,USD,27501000000.0,2023-07-30,,10-Q,2025,Q2
StockholdersEquity,balance_sheet,股东权益,USD,27501000000.0,2023-07-30,,10-Q,2025,Q3
StockholdersEquity,balance_sheet,股东权益,USD,33265000000.0,2023-10-29,,10-Q,2024,Q3
StockholdersEquity,balance_sheet,股东权益,USD,33265000000.0,2023-10-29,,10-Q,2025,Q3
StockholdersEquity,balance_sheet,股东权益,USD,42978000000.0,2024-01-28,,10-K,2024,FY
StockholdersEquity,balance_sheet,股东权益,USD,42978000000.0,2024-01-28,,10-Q,2025,Q1
StockholdersEquity,balance_sheet,股东权益,USD,42978000000.0,2024-01-28,,10-Q,2025,Q2
StockholdersEquity,balance_sheet,股东权益,USD,42978000000.0,2024-01-28,,10-Q,2025,Q3
StockholdersEquity,balance_sheet,股东权益,USD,42978000000.0,2024-01-28,,10-K,2025,FY
StockholdersEquity,balance_sheet,股东权益,USD,42978000000.0,2024-01-28,,10-Q,2026,Q1
StockholdersEquity,balance_sheet,股东权益,USD,49142000000.0,2024-04-28,,10-Q,2025,Q1
StockholdersEquity,balance_sheet,股东权益,USD,49142000000.0,2024-04-28,,10-Q,2025,Q2
StockholdersEquity,balance_sheet,股东权益,USD,49142000000.0,2024-04-28,,10-Q,2026,Q1
StockholdersEquity,balance_sheet,股东权益,USD,58157000000.0,2024-07-28,,10-Q,2025,Q2
StockholdersEquity,balance_sheet,股东权益,USD,58157000000.0,2024-07-28,,10-Q,2025,Q3
StockholdersEquity,balance_sheet,股东权益,USD,65899000000.0,2024-10-27,,10-Q,2025,Q3
StockholdersEquity,balance_sheet,股东权益,USD,79327000000.0,2025-01-26,,10-K,2025,FY
StockholdersEquity,balance_sheet,股东权益,USD,79327000000.0,2025-01-26,,10-Q,2026,Q1
StockholdersEquity,balance_sheet,股东权益,USD,83843000000.0,2025-04-27,,10-Q,2026,Q1
CommonStockSharesIssued,balance_sheet,发行的普通股股数,shares,965000000.0,2021-01-31,,10-K,2021,FY
CommonStockSharesIssued,balance_sheet,发行的普通股股数,shares,3859000000.0,2021-01-31,,10-K,2022,FY
CommonStockSharesIssued,balance_sheet,发行的普通股股数,shares,2506000000.0,2022-01-30,,10-K,2022,FY
CommonStockSharesIssued,balance_sheet,发行的普通股股数,shares,2506000000.0,2022-01-30,,10-K,2023,FY
CommonStockSharesIssued,balance_sheet,发行的普通股股数,shares,2466000000.0,2023-01-29,,10-K,2023,FY
CommonStockSharesIssued,balance_sheet,发行的普通股股数,shares,2466000000.0,2023-01-29,,10-K,2024,FY
CommonStockSharesIssued,balance_sheet,发行的普通股股数,shares,2464000000.0,2024-01-28,,10-K,2024,FY
CommonStockSharesIssued,balance_sheet,发行的普通股股数,shares,24643000000.0,2024-01-28,,10-K,2025,FY
CommonStockSharesIssued,balance_sheet,发行的普通股股数,shares,24477000000.0,2025-01-26,,10-K,2025,FY
RetainedEarningsAccumulatedDeficit,balance_sheet,留存收益,USD,18908000000.0,2021-01-31,,10-K,2021,FY
RetainedEarningsAccumulatedDeficit,balance_sheet,留存收益,USD,18908000000.0,2021-01-31,,10-Q,2022,Q1
RetainedEarningsAccumulatedDeficit,balance_sheet,留存收益,USD,18908000000.0,2021-01-31,,10-Q,2022,Q2
RetainedEarningsAccumulatedDeficit,balance_sheet,留存收益,USD,18908000000.0,2021-01-31,,10-Q,2022,Q3
RetainedEarningsAccumulatedDeficit,balance_sheet,留存收益,USD,18908000000.0,2021-01-31,,10-K,2022,FY
RetainedEarningsAccumulatedDeficit,balance_sheet,留存收益,USD,20721000000.0,2021-05-02,,10-Q,2022,Q1
RetainedEarningsAccumulatedDeficit,balance_sheet,留存收益,USD,22995000000.0,2021-08-01,,10-Q,2022,Q2
RetainedEarningsAccumulatedDeficit,balance_sheet,留存收益,USD,25359000000.0,2021-10-31,,10-Q,2022,Q3
RetainedEarningsAccumulatedDeficit,balance_sheet,留存收益,USD,16235000000.0,2022-01-30,,10-K,2022,FY
RetainedEarningsAccumulatedDeficit,balance_sheet,留存收益,USD,16235000000.0,2022-01-30,,10-Q,2023,Q1
RetainedEarningsAccumulatedDeficit,balance_sheet,留存收益,USD,16235000000.0,2022-01-30,,10-Q,2023,Q2
RetainedEarningsAccumulatedDeficit,balance_sheet,留存收益,USD,16235000000.0,2022-01-30,,10-Q,2023,Q3
RetainedEarningsAccumulatedDeficit,balance_sheet,留存收益,USD,16235000000.0,2022-01-30,,10-K,2023,FY
RetainedEarningsAccumulatedDeficit,balance_sheet,留存收益,USD,15758000000.0,2022-05-01,,10-Q,2023,Q1
RetainedEarningsAccumulatedDeficit,balance_sheet,留存收益,USD,12971000000.0,2022-07-31,,10-Q,2023,Q2
RetainedEarningsAccumulatedDeficit,balance_sheet,留存收益,USD,9905000000.0,2022-10-30,,10-Q,2023,Q3
RetainedEarningsAccumulatedDeficit,balance_sheet,留存收益,USD,10171000000.0,2023-01-29,,10-K,2023,FY
RetainedEarningsAccumulatedDeficit,balance_sheet,留存收益,USD,10171000000.0,2023-01-29,,10-Q,2024,Q1
RetainedEarningsAccumulatedDeficit,balance_sheet,留存收益,USD,10171000000.0,2023-01-29,,10-Q,2024,Q2
RetainedEarningsAccumulatedDeficit,balance_sheet,留存收益,USD,10171000000.0,2023-01-29,,10-Q,2024,Q3
RetainedEarningsAccumulatedDeficit,balance_sheet,留存收益,USD,10171000000.0,2023-01-29,,10-K,2024,FY
RetainedEarningsAccumulatedDeficit,balance_sheet,留存收益,USD,12115000000.0,2023-04-30,,10-Q,2024,Q1
RetainedEarningsAccumulatedDeficit,balance_sheet,留存收益,USD,14921000000.0,2023-07-30,,10-Q,2024,Q2
RetainedEarningsAccumulatedDeficit,balance_sheet,留存收益,USD,20360000000.0,2023-10-29,,10-Q,2024,Q3
RetainedEarningsAccumulatedDeficit,balance_sheet,留存收益,USD,29817000000.0,2024-01-28,,10-K,2024,FY
RetainedEarningsAccumulatedDeficit,balance_sheet,留存收益,USD,29817000000.0,2024-01-28,,10-Q,2025,Q1
RetainedEarningsAccumulatedDeficit,balance_sheet,留存收益,USD,29817000000.0,2024-01-28,,10-Q,2025,Q2
RetainedEarningsAccumulatedDeficit,balance_sheet,留存收益,USD,29817000000.0,2024-01-28,,10-Q,2025,Q3
RetainedEarningsAccumulatedDeficit,balance_sheet,留存收益,USD,29817000000.0,2024-01-28,,10-K,2025,FY
RetainedEarningsAccumulatedDeficit,balance_sheet,留存收益,USD,36598000000.0,2024-04-28,,10-Q,2025,Q1
RetainedEarningsAccumulatedDeficit,balance_sheet,留存收益,USD,45961000000.0,2024-07-28,,10-Q,2025,Q2
RetainedEarningsAccumulatedDeficit,balance_sheet,留存收益,USD,53950000000.0,2024-10-27,,10-Q,2025,Q3
RetainedEarningsAccumulatedDeficit,balance_sheet,留存收益,USD,68038000000.0,2025-01-26,,10-K,2025,FY
RetainedEarningsAccumulatedDeficit,balance_sheet,留存收益,USD,68038000000.0,2025-01-26,,10-Q,2026,Q1
RetainedEarningsAccumulatedDeficit,balance_sheet,留存收益,USD,72158000000.0,2025-04-27,,10-Q,2026,Q1
