concept,category,chinese_name,unit,value,end_date,start_date,form,fiscal_year,fiscal_period
NetCashProvidedByUsedInOperatingActivities,cash_flow,经营活动现金流,USD,5822000000.0,2021-01-31,2020-01-27,10-K,2021,FY
NetCashProvidedByUsedInOperatingActivities,cash_flow,经营活动现金流,USD,5822000000.0,2021-01-31,2020-01-27,10-K,2022,FY
NetCashProvidedByUsedInOperatingActivities,cash_flow,经营活动现金流,USD,5822000000.0,2021-01-31,2020-01-27,10-K,2023,FY
NetCashProvidedByUsedInOperatingActivities,cash_flow,经营活动现金流,USD,1874000000.0,2021-05-02,2021-02-01,10-Q,2022,Q1
NetCashProvidedByUsedInOperatingActivities,cash_flow,经营活动现金流,USD,1874000000.0,2021-05-02,2021-02-01,10-Q,2023,Q1
NetCashProvidedByUsedInOperatingActivities,cash_flow,经营活动现金流,USD,4556000000.0,2021-08-01,2021-02-01,10-Q,2022,Q2
NetCashProvidedByUsedInOperatingActivities,cash_flow,经营活动现金流,USD,4556000000.0,2021-08-01,2021-02-01,10-Q,2023,Q2
NetCashProvidedByUsedInOperatingActivities,cash_flow,经营活动现金流,USD,6075000000.0,2021-10-31,2021-02-01,10-Q,2022,Q3
NetCashProvidedByUsedInOperatingActivities,cash_flow,经营活动现金流,USD,6075000000.0,2021-10-31,2021-02-01,10-Q,2023,Q3
NetCashProvidedByUsedInOperatingActivities,cash_flow,经营活动现金流,USD,9108000000.0,2022-01-30,2021-02-01,10-K,2022,FY
NetCashProvidedByUsedInOperatingActivities,cash_flow,经营活动现金流,USD,9108000000.0,2022-01-30,2021-02-01,10-K,2023,FY
NetCashProvidedByUsedInOperatingActivities,cash_flow,经营活动现金流,USD,9108000000.0,2022-01-30,2021-02-01,10-K,2024,FY
NetCashProvidedByUsedInOperatingActivities,cash_flow,经营活动现金流,USD,1731000000.0,2022-05-01,2022-01-31,10-Q,2023,Q1
NetCashProvidedByUsedInOperatingActivities,cash_flow,经营活动现金流,USD,1731000000.0,2022-05-01,2022-01-31,10-Q,2024,Q1
NetCashProvidedByUsedInOperatingActivities,cash_flow,经营活动现金流,USD,3001000000.0,2022-07-31,2022-01-31,10-Q,2023,Q2
NetCashProvidedByUsedInOperatingActivities,cash_flow,经营活动现金流,USD,3001000000.0,2022-07-31,2022-01-31,10-Q,2024,Q2
NetCashProvidedByUsedInOperatingActivities,cash_flow,经营活动现金流,USD,3393000000.0,2022-10-30,2022-01-31,10-Q,2023,Q3
NetCashProvidedByUsedInOperatingActivities,cash_flow,经营活动现金流,USD,3393000000.0,2022-10-30,2022-01-31,10-Q,2024,Q3
NetCashProvidedByUsedInOperatingActivities,cash_flow,经营活动现金流,USD,5641000000.0,2023-01-29,2022-01-31,10-K,2023,FY
NetCashProvidedByUsedInOperatingActivities,cash_flow,经营活动现金流,USD,5641000000.0,2023-01-29,2022-01-31,10-K,2024,FY
NetCashProvidedByUsedInOperatingActivities,cash_flow,经营活动现金流,USD,5641000000.0,2023-01-29,2022-01-31,10-K,2025,FY
NetCashProvidedByUsedInOperatingActivities,cash_flow,经营活动现金流,USD,2911000000.0,2023-04-30,2023-01-30,10-Q,2024,Q1
NetCashProvidedByUsedInOperatingActivities,cash_flow,经营活动现金流,USD,2911000000.0,2023-04-30,2023-01-30,10-Q,2025,Q1
NetCashProvidedByUsedInOperatingActivities,cash_flow,经营活动现金流,USD,9259000000.0,2023-07-30,2023-01-30,10-Q,2024,Q2
NetCashProvidedByUsedInOperatingActivities,cash_flow,经营活动现金流,USD,9259000000.0,2023-07-30,2023-01-30,10-Q,2025,Q2
NetCashProvidedByUsedInOperatingActivities,cash_flow,经营活动现金流,USD,16591000000.0,2023-10-29,2023-01-30,10-Q,2024,Q3
NetCashProvidedByUsedInOperatingActivities,cash_flow,经营活动现金流,USD,16591000000.0,2023-10-29,2023-01-30,10-Q,2025,Q3
NetCashProvidedByUsedInOperatingActivities,cash_flow,经营活动现金流,USD,28090000000.0,2024-01-28,2023-01-30,10-K,2024,FY
NetCashProvidedByUsedInOperatingActivities,cash_flow,经营活动现金流,USD,28090000000.0,2024-01-28,2023-01-30,10-K,2025,FY
NetCashProvidedByUsedInOperatingActivities,cash_flow,经营活动现金流,USD,15345000000.0,2024-04-28,2024-01-29,10-Q,2025,Q1
NetCashProvidedByUsedInOperatingActivities,cash_flow,经营活动现金流,USD,15345000000.0,2024-04-28,2024-01-29,10-Q,2026,Q1
NetCashProvidedByUsedInOperatingActivities,cash_flow,经营活动现金流,USD,29833000000.0,2024-07-28,2024-01-29,10-Q,2025,Q2
NetCashProvidedByUsedInOperatingActivities,cash_flow,经营活动现金流,USD,47460000000.0,2024-10-27,2024-01-29,10-Q,2025,Q3
NetCashProvidedByUsedInOperatingActivities,cash_flow,经营活动现金流,USD,64089000000.0,2025-01-26,2024-01-29,10-K,2025,FY
NetCashProvidedByUsedInOperatingActivities,cash_flow,经营活动现金流,USD,27414000000.0,2025-04-27,2025-01-27,10-Q,2026,Q1
NetCashProvidedByUsedInInvestingActivities,cash_flow,投资活动现金流,USD,-19675000000.0,2021-01-31,2020-01-27,10-K,2021,FY
NetCashProvidedByUsedInInvestingActivities,cash_flow,投资活动现金流,USD,-19675000000.0,2021-01-31,2020-01-27,10-K,2022,FY
NetCashProvidedByUsedInInvestingActivities,cash_flow,投资活动现金流,USD,-19675000000.0,2021-01-31,2020-01-27,10-K,2023,FY
NetCashProvidedByUsedInInvestingActivities,cash_flow,投资活动现金流,USD,-1272000000.0,2021-05-02,2021-02-01,10-Q,2022,Q1
NetCashProvidedByUsedInInvestingActivities,cash_flow,投资活动现金流,USD,-1272000000.0,2021-05-02,2021-02-01,10-Q,2023,Q1
NetCashProvidedByUsedInInvestingActivities,cash_flow,投资活动现金流,USD,-3805000000.0,2021-08-01,2021-02-01,10-Q,2022,Q2
NetCashProvidedByUsedInInvestingActivities,cash_flow,投资活动现金流,USD,-3805000000.0,2021-08-01,2021-02-01,10-Q,2023,Q2
NetCashProvidedByUsedInInvestingActivities,cash_flow,投资活动现金流,USD,-8244000000.0,2021-10-31,2021-02-01,10-Q,2022,Q3
NetCashProvidedByUsedInInvestingActivities,cash_flow,投资活动现金流,USD,-8244000000.0,2021-10-31,2021-02-01,10-Q,2023,Q3
NetCashProvidedByUsedInInvestingActivities,cash_flow,投资活动现金流,USD,-9830000000.0,2022-01-30,2021-02-01,10-K,2022,FY
NetCashProvidedByUsedInInvestingActivities,cash_flow,投资活动现金流,USD,-9830000000.0,2022-01-30,2021-02-01,10-K,2023,FY
NetCashProvidedByUsedInInvestingActivities,cash_flow,投资活动现金流,USD,-9830000000.0,2022-01-30,2021-02-01,10-K,2024,FY
NetCashProvidedByUsedInInvestingActivities,cash_flow,投资活动现金流,USD,2612000000.0,2022-05-01,2022-01-31,10-Q,2023,Q1
NetCashProvidedByUsedInInvestingActivities,cash_flow,投资活动现金流,USD,2612000000.0,2022-05-01,2022-01-31,10-Q,2024,Q1
NetCashProvidedByUsedInInvestingActivities,cash_flow,投资活动现金流,USD,4230000000.0,2022-07-31,2022-01-31,10-Q,2023,Q2
NetCashProvidedByUsedInInvestingActivities,cash_flow,投资活动现金流,USD,4230000000.0,2022-07-31,2022-01-31,10-Q,2024,Q2
NetCashProvidedByUsedInInvestingActivities,cash_flow,投资活动现金流,USD,7378000000.0,2022-10-30,2022-01-31,10-Q,2023,Q3
NetCashProvidedByUsedInInvestingActivities,cash_flow,投资活动现金流,USD,7378000000.0,2022-10-30,2022-01-31,10-Q,2024,Q3
NetCashProvidedByUsedInInvestingActivities,cash_flow,投资活动现金流,USD,7375000000.0,2023-01-29,2022-01-31,10-K,2023,FY
NetCashProvidedByUsedInInvestingActivities,cash_flow,投资活动现金流,USD,7375000000.0,2023-01-29,2022-01-31,10-K,2024,FY
NetCashProvidedByUsedInInvestingActivities,cash_flow,投资活动现金流,USD,7375000000.0,2023-01-29,2022-01-31,10-K,2025,FY
NetCashProvidedByUsedInInvestingActivities,cash_flow,投资活动现金流,USD,-841000000.0,2023-04-30,2023-01-30,10-Q,2024,Q1
NetCashProvidedByUsedInInvestingActivities,cash_flow,投资活动现金流,USD,-841000000.0,2023-04-30,2023-01-30,10-Q,2025,Q1
NetCashProvidedByUsedInInvestingActivities,cash_flow,投资活动现金流,USD,-1287000000.0,2023-07-30,2023-01-30,10-Q,2024,Q2
NetCashProvidedByUsedInInvestingActivities,cash_flow,投资活动现金流,USD,-1287000000.0,2023-07-30,2023-01-30,10-Q,2025,Q2
NetCashProvidedByUsedInInvestingActivities,cash_flow,投资活动现金流,USD,-4457000000.0,2023-10-29,2023-01-30,10-Q,2024,Q3
NetCashProvidedByUsedInInvestingActivities,cash_flow,投资活动现金流,USD,-4457000000.0,2023-10-29,2023-01-30,10-Q,2025,Q3
NetCashProvidedByUsedInInvestingActivities,cash_flow,投资活动现金流,USD,-10566000000.0,2024-01-28,2023-01-30,10-K,2024,FY
NetCashProvidedByUsedInInvestingActivities,cash_flow,投资活动现金流,USD,-10566000000.0,2024-01-28,2023-01-30,10-K,2025,FY
NetCashProvidedByUsedInInvestingActivities,cash_flow,投资活动现金流,USD,-5693000000.0,2024-04-28,2024-01-29,10-Q,2025,Q1
NetCashProvidedByUsedInInvestingActivities,cash_flow,投资活动现金流,USD,-5693000000.0,2024-04-28,2024-01-29,10-Q,2026,Q1
NetCashProvidedByUsedInInvestingActivities,cash_flow,投资活动现金流,USD,-8877000000.0,2024-07-28,2024-01-29,10-Q,2025,Q2
NetCashProvidedByUsedInInvestingActivities,cash_flow,投资活动现金流,USD,-13223000000.0,2024-10-27,2024-01-29,10-Q,2025,Q3
NetCashProvidedByUsedInInvestingActivities,cash_flow,投资活动现金流,USD,-20421000000.0,2025-01-26,2024-01-29,10-K,2025,FY
NetCashProvidedByUsedInInvestingActivities,cash_flow,投资活动现金流,USD,-5216000000.0,2025-04-27,2025-01-27,10-Q,2026,Q1
NetCashProvidedByUsedInFinancingActivities,cash_flow,筹资活动现金流,USD,3804000000.0,2021-01-31,2020-01-27,10-K,2021,FY
NetCashProvidedByUsedInFinancingActivities,cash_flow,筹资活动现金流,USD,3804000000.0,2021-01-31,2020-01-27,10-K,2022,FY
NetCashProvidedByUsedInFinancingActivities,cash_flow,筹资活动现金流,USD,3804000000.0,2021-01-31,2020-01-27,10-K,2023,FY
NetCashProvidedByUsedInFinancingActivities,cash_flow,筹资活动现金流,USD,-471000000.0,2021-05-02,2021-02-01,10-Q,2022,Q1
NetCashProvidedByUsedInFinancingActivities,cash_flow,筹资活动现金流,USD,-471000000.0,2021-05-02,2021-02-01,10-Q,2023,Q1
NetCashProvidedByUsedInFinancingActivities,cash_flow,筹资活动现金流,USD,4030000000.0,2021-08-01,2021-02-01,10-Q,2022,Q2
NetCashProvidedByUsedInFinancingActivities,cash_flow,筹资活动现金流,USD,4030000000.0,2021-08-01,2021-02-01,10-Q,2023,Q2
NetCashProvidedByUsedInFinancingActivities,cash_flow,筹资活动现金流,USD,2610000000.0,2021-10-31,2021-02-01,10-Q,2022,Q3
NetCashProvidedByUsedInFinancingActivities,cash_flow,筹资活动现金流,USD,2610000000.0,2021-10-31,2021-02-01,10-Q,2023,Q3
NetCashProvidedByUsedInFinancingActivities,cash_flow,筹资活动现金流,USD,1865000000.0,2022-01-30,2021-02-01,10-K,2022,FY
NetCashProvidedByUsedInFinancingActivities,cash_flow,筹资活动现金流,USD,1865000000.0,2022-01-30,2021-02-01,10-K,2023,FY
NetCashProvidedByUsedInFinancingActivities,cash_flow,筹资活动现金流,USD,1865000000.0,2022-01-30,2021-02-01,10-K,2024,FY
NetCashProvidedByUsedInFinancingActivities,cash_flow,筹资活动现金流,USD,-2446000000.0,2022-05-01,2022-01-31,10-Q,2023,Q1
NetCashProvidedByUsedInFinancingActivities,cash_flow,筹资活动现金流,USD,-2446000000.0,2022-05-01,2022-01-31,10-Q,2024,Q1
NetCashProvidedByUsedInFinancingActivities,cash_flow,筹资活动现金流,USD,-6208000000.0,2022-07-31,2022-01-31,10-Q,2023,Q2
NetCashProvidedByUsedInFinancingActivities,cash_flow,筹资活动现金流,USD,-6208000000.0,2022-07-31,2022-01-31,10-Q,2024,Q2
NetCashProvidedByUsedInFinancingActivities,cash_flow,筹资活动现金流,USD,-9961000000.0,2022-10-30,2022-01-31,10-Q,2023,Q3
NetCashProvidedByUsedInFinancingActivities,cash_flow,筹资活动现金流,USD,-9961000000.0,2022-10-30,2022-01-31,10-Q,2024,Q3
NetCashProvidedByUsedInFinancingActivities,cash_flow,筹资活动现金流,USD,-11617000000.0,2023-01-29,2022-01-31,10-K,2023,FY
NetCashProvidedByUsedInFinancingActivities,cash_flow,筹资活动现金流,USD,-11617000000.0,2023-01-29,2022-01-31,10-K,2024,FY
NetCashProvidedByUsedInFinancingActivities,cash_flow,筹资活动现金流,USD,-11617000000.0,2023-01-29,2022-01-31,10-K,2025,FY
NetCashProvidedByUsedInFinancingActivities,cash_flow,筹资活动现金流,USD,-380000000.0,2023-04-30,2023-01-30,10-Q,2024,Q1
NetCashProvidedByUsedInFinancingActivities,cash_flow,筹资活动现金流,USD,-380000000.0,2023-04-30,2023-01-30,10-Q,2025,Q1
NetCashProvidedByUsedInFinancingActivities,cash_flow,筹资活动现金流,USD,-5479000000.0,2023-07-30,2023-01-30,10-Q,2024,Q2
NetCashProvidedByUsedInFinancingActivities,cash_flow,筹资活动现金流,USD,-5479000000.0,2023-07-30,2023-01-30,10-Q,2025,Q2
NetCashProvidedByUsedInFinancingActivities,cash_flow,筹资活动现金流,USD,-10004000000.0,2023-10-29,2023-01-30,10-Q,2024,Q3
NetCashProvidedByUsedInFinancingActivities,cash_flow,筹资活动现金流,USD,-10004000000.0,2023-10-29,2023-01-30,10-Q,2025,Q3
NetCashProvidedByUsedInFinancingActivities,cash_flow,筹资活动现金流,USD,-13633000000.0,2024-01-28,2023-01-30,10-K,2024,FY
NetCashProvidedByUsedInFinancingActivities,cash_flow,筹资活动现金流,USD,-13633000000.0,2024-01-28,2023-01-30,10-K,2025,FY
NetCashProvidedByUsedInFinancingActivities,cash_flow,筹资活动现金流,USD,-9345000000.0,2024-04-28,2024-01-29,10-Q,2025,Q1
NetCashProvidedByUsedInFinancingActivities,cash_flow,筹资活动现金流,USD,-9345000000.0,2024-04-28,2024-01-29,10-Q,2026,Q1
NetCashProvidedByUsedInFinancingActivities,cash_flow,筹资活动现金流,USD,-19665000000.0,2024-07-28,2024-01-29,10-Q,2025,Q2
NetCashProvidedByUsedInFinancingActivities,cash_flow,筹资活动现金流,USD,-32410000000.0,2024-10-27,2024-01-29,10-Q,2025,Q3
NetCashProvidedByUsedInFinancingActivities,cash_flow,筹资活动现金流,USD,-42359000000.0,2025-01-26,2024-01-29,10-K,2025,FY
NetCashProvidedByUsedInFinancingActivities,cash_flow,筹资活动现金流,USD,-15553000000.0,2025-04-27,2025-01-27,10-Q,2026,Q1
PaymentsOfDividends,cash_flow,支付股息,USD,395000000.0,2021-01-31,2020-01-27,10-K,2021,FY
PaymentsOfDividends,cash_flow,支付股息,USD,395000000.0,2021-01-31,2020-01-27,10-K,2022,FY
PaymentsOfDividends,cash_flow,支付股息,USD,395000000.0,2021-01-31,2020-01-27,10-K,2023,FY
PaymentsOfDividends,cash_flow,支付股息,USD,99000000.0,2021-05-02,2021-02-01,10-Q,2022,Q1
PaymentsOfDividends,cash_flow,支付股息,USD,99000000.0,2021-05-02,2021-02-01,10-Q,2023,Q1
PaymentsOfDividends,cash_flow,支付股息,USD,198000000.0,2021-08-01,2021-02-01,10-Q,2022,Q2
PaymentsOfDividends,cash_flow,支付股息,USD,198000000.0,2021-08-01,2021-02-01,10-Q,2023,Q2
PaymentsOfDividends,cash_flow,支付股息,USD,100000000.0,2021-08-01,2021-05-03,10-Q,2022,Q2
PaymentsOfDividends,cash_flow,支付股息,USD,100000000.0,2021-08-01,2021-05-03,10-Q,2023,Q2
PaymentsOfDividends,cash_flow,支付股息,USD,298000000.0,2021-10-31,2021-02-01,10-Q,2022,Q3
PaymentsOfDividends,cash_flow,支付股息,USD,298000000.0,2021-10-31,2021-02-01,10-Q,2023,Q3
PaymentsOfDividends,cash_flow,支付股息,USD,100000000.0,2021-10-31,2021-08-02,10-Q,2022,Q3
PaymentsOfDividends,cash_flow,支付股息,USD,100000000.0,2021-10-31,2021-08-02,10-Q,2023,Q3
PaymentsOfDividends,cash_flow,支付股息,USD,399000000.0,2022-01-30,2021-02-01,10-K,2022,FY
PaymentsOfDividends,cash_flow,支付股息,USD,399000000.0,2022-01-30,2021-02-01,10-K,2023,FY
PaymentsOfDividends,cash_flow,支付股息,USD,399000000.0,2022-01-30,2021-02-01,10-K,2024,FY
PaymentsOfDividends,cash_flow,支付股息,USD,100000000.0,2022-05-01,2022-01-31,10-Q,2023,Q1
PaymentsOfDividends,cash_flow,支付股息,USD,100000000.0,2022-05-01,2022-01-31,10-Q,2024,Q1
PaymentsOfDividends,cash_flow,支付股息,USD,200000000.0,2022-07-31,2022-01-31,10-Q,2023,Q2
PaymentsOfDividends,cash_flow,支付股息,USD,200000000.0,2022-07-31,2022-01-31,10-Q,2024,Q2
PaymentsOfDividends,cash_flow,支付股息,USD,100000000.0,2022-07-31,2022-05-02,10-Q,2023,Q2
PaymentsOfDividends,cash_flow,支付股息,USD,100000000.0,2022-07-31,2022-05-02,10-Q,2024,Q2
PaymentsOfDividends,cash_flow,支付股息,USD,300000000.0,2022-10-30,2022-01-31,10-Q,2023,Q3
PaymentsOfDividends,cash_flow,支付股息,USD,300000000.0,2022-10-30,2022-01-31,10-Q,2024,Q3
PaymentsOfDividends,cash_flow,支付股息,USD,100000000.0,2022-10-30,2022-08-01,10-Q,2023,Q3
PaymentsOfDividends,cash_flow,支付股息,USD,100000000.0,2022-10-30,2022-08-01,10-Q,2024,Q3
PaymentsOfDividends,cash_flow,支付股息,USD,398000000.0,2023-01-29,2022-01-31,10-K,2023,FY
PaymentsOfDividends,cash_flow,支付股息,USD,398000000.0,2023-01-29,2022-01-31,10-K,2024,FY
PaymentsOfDividends,cash_flow,支付股息,USD,398000000.0,2023-01-29,2022-01-31,10-K,2025,FY
PaymentsOfDividends,cash_flow,支付股息,USD,99000000.0,2023-04-30,2023-01-30,10-Q,2024,Q1
PaymentsOfDividends,cash_flow,支付股息,USD,99000000.0,2023-04-30,2023-01-30,10-Q,2025,Q1
PaymentsOfDividends,cash_flow,支付股息,USD,199000000.0,2023-07-30,2023-01-30,10-Q,2024,Q2
PaymentsOfDividends,cash_flow,支付股息,USD,199000000.0,2023-07-30,2023-01-30,10-Q,2025,Q2
PaymentsOfDividends,cash_flow,支付股息,USD,99000000.0,2023-07-30,2023-05-01,10-Q,2024,Q2
PaymentsOfDividends,cash_flow,支付股息,USD,99000000.0,2023-07-30,2023-05-01,10-Q,2025,Q2
PaymentsOfDividends,cash_flow,支付股息,USD,296000000.0,2023-10-29,2023-01-30,10-Q,2024,Q3
PaymentsOfDividends,cash_flow,支付股息,USD,296000000.0,2023-10-29,2023-01-30,10-Q,2025,Q3
PaymentsOfDividends,cash_flow,支付股息,USD,99000000.0,2023-10-29,2023-07-31,10-Q,2024,Q3
PaymentsOfDividends,cash_flow,支付股息,USD,99000000.0,2023-10-29,2023-07-31,10-Q,2025,Q3
PaymentsOfDividends,cash_flow,支付股息,USD,395000000.0,2024-01-28,2023-01-30,10-K,2024,FY
PaymentsOfDividends,cash_flow,支付股息,USD,395000000.0,2024-01-28,2023-01-30,10-K,2025,FY
PaymentsOfDividends,cash_flow,支付股息,USD,98000000.0,2024-04-28,2024-01-29,10-Q,2025,Q1
PaymentsOfDividends,cash_flow,支付股息,USD,98000000.0,2024-04-28,2024-01-29,10-Q,2026,Q1
PaymentsOfDividends,cash_flow,支付股息,USD,344000000.0,2024-07-28,2024-01-29,10-Q,2025,Q2
PaymentsOfDividends,cash_flow,支付股息,USD,246000000.0,2024-07-28,2024-04-29,10-Q,2025,Q2
PaymentsOfDividends,cash_flow,支付股息,USD,589000000.0,2024-10-27,2024-01-29,10-Q,2025,Q3
PaymentsOfDividends,cash_flow,支付股息,USD,245000000.0,2024-10-27,2024-07-29,10-Q,2025,Q3
PaymentsOfDividends,cash_flow,支付股息,USD,834000000.0,2025-01-26,2024-01-29,10-K,2025,FY
PaymentsOfDividends,cash_flow,支付股息,USD,244000000.0,2025-04-27,2025-01-27,10-Q,2026,Q1
PaymentsForRepurchaseOfCommonStock,cash_flow,回购股票支出,USD,0.0,2021-01-31,2020-01-27,10-K,2021,FY
PaymentsForRepurchaseOfCommonStock,cash_flow,回购股票支出,USD,0.0,2021-01-31,2020-01-27,10-K,2023,FY
PaymentsForRepurchaseOfCommonStock,cash_flow,回购股票支出,USD,0.0,2021-05-02,2021-02-01,10-Q,2023,Q1
PaymentsForRepurchaseOfCommonStock,cash_flow,回购股票支出,USD,0.0,2021-08-01,2021-02-01,10-Q,2023,Q2
PaymentsForRepurchaseOfCommonStock,cash_flow,回购股票支出,USD,0.0,2021-10-31,2021-02-01,10-Q,2023,Q3
PaymentsForRepurchaseOfCommonStock,cash_flow,回购股票支出,USD,0.0,2022-01-30,2021-02-01,10-K,2023,FY
PaymentsForRepurchaseOfCommonStock,cash_flow,回购股票支出,USD,0.0,2022-01-30,2021-02-01,10-K,2024,FY
PaymentsForRepurchaseOfCommonStock,cash_flow,回购股票支出,USD,1996000000.0,2022-05-01,2022-01-31,10-Q,2023,Q1
PaymentsForRepurchaseOfCommonStock,cash_flow,回购股票支出,USD,1996000000.0,2022-05-01,2022-01-31,10-Q,2024,Q1
PaymentsForRepurchaseOfCommonStock,cash_flow,回购股票支出,USD,5341000000.0,2022-07-31,2022-01-31,10-Q,2023,Q2
PaymentsForRepurchaseOfCommonStock,cash_flow,回购股票支出,USD,5341000000.0,2022-07-31,2022-01-31,10-Q,2024,Q2
PaymentsForRepurchaseOfCommonStock,cash_flow,回购股票支出,USD,8826000000.0,2022-10-30,2022-01-31,10-Q,2023,Q3
PaymentsForRepurchaseOfCommonStock,cash_flow,回购股票支出,USD,8826000000.0,2022-10-30,2022-01-31,10-Q,2024,Q3
PaymentsForRepurchaseOfCommonStock,cash_flow,回购股票支出,USD,10039000000.0,2023-01-29,2022-01-31,10-K,2023,FY
PaymentsForRepurchaseOfCommonStock,cash_flow,回购股票支出,USD,10039000000.0,2023-01-29,2022-01-31,10-K,2024,FY
PaymentsForRepurchaseOfCommonStock,cash_flow,回购股票支出,USD,10039000000.0,2023-01-29,2022-01-31,10-K,2025,FY
PaymentsForRepurchaseOfCommonStock,cash_flow,回购股票支出,USD,0.0,2023-04-30,2023-01-30,10-Q,2024,Q1
PaymentsForRepurchaseOfCommonStock,cash_flow,回购股票支出,USD,0.0,2023-04-30,2023-01-30,10-Q,2025,Q1
PaymentsForRepurchaseOfCommonStock,cash_flow,回购股票支出,USD,3067000000.0,2023-07-30,2023-01-30,10-Q,2024,Q2
PaymentsForRepurchaseOfCommonStock,cash_flow,回购股票支出,USD,3067000000.0,2023-07-30,2023-01-30,10-Q,2025,Q2
PaymentsForRepurchaseOfCommonStock,cash_flow,回购股票支出,USD,6874000000.0,2023-10-29,2023-01-30,10-Q,2024,Q3
PaymentsForRepurchaseOfCommonStock,cash_flow,回购股票支出,USD,6874000000.0,2023-10-29,2023-01-30,10-Q,2025,Q3
PaymentsForRepurchaseOfCommonStock,cash_flow,回购股票支出,USD,9533000000.0,2024-01-28,2023-01-30,10-K,2024,FY
PaymentsForRepurchaseOfCommonStock,cash_flow,回购股票支出,USD,9533000000.0,2024-01-28,2023-01-30,10-K,2025,FY
PaymentsForRepurchaseOfCommonStock,cash_flow,回购股票支出,USD,7740000000.0,2024-04-28,2024-01-29,10-Q,2025,Q1
PaymentsForRepurchaseOfCommonStock,cash_flow,回购股票支出,USD,7740000000.0,2024-04-28,2024-01-29,10-Q,2026,Q1
PaymentsForRepurchaseOfCommonStock,cash_flow,回购股票支出,USD,14898000000.0,2024-07-28,2024-01-29,10-Q,2025,Q2
PaymentsForRepurchaseOfCommonStock,cash_flow,回购股票支出,USD,25895000000.0,2024-10-27,2024-01-29,10-Q,2025,Q3
PaymentsForRepurchaseOfCommonStock,cash_flow,回购股票支出,USD,33706000000.0,2025-01-26,2024-01-29,10-K,2025,FY
PaymentsForRepurchaseOfCommonStock,cash_flow,回购股票支出,USD,14095000000.0,2025-04-27,2025-01-27,10-Q,2026,Q1
