concept,category,chinese_name,unit,value,end_date,start_date,form,fiscal_year,fiscal_period
Revenues,income_statement,营收,USD,16675000000.0,2021-01-31,2020-01-27,10-K,2022,FY
Revenues,income_statement,营收,USD,16675000000.0,2021-01-31,2020-01-27,10-K,2023,FY
Revenues,income_statement,营收,USD,5661000000.0,2021-05-02,2021-02-01,10-Q,2022,Q1
Revenues,income_statement,营收,USD,5661000000.0,2021-05-02,2021-02-01,10-Q,2023,Q1
Revenues,income_statement,营收,USD,12168000000.0,2021-08-01,2021-02-01,10-Q,2022,Q2
Revenues,income_statement,营收,USD,12168000000.0,2021-08-01,2021-02-01,10-Q,2023,Q2
Revenues,income_statement,营收,USD,6507000000.0,2021-08-01,2021-05-03,10-Q,2022,Q2
Revenues,income_statement,营收,USD,6507000000.0,2021-08-01,2021-05-03,10-Q,2023,Q2
Revenues,income_statement,营收,USD,19271000000.0,2021-10-31,2021-02-01,10-Q,2022,Q3
Revenues,income_statement,营收,USD,19271000000.0,2021-10-31,2021-02-01,10-Q,2023,Q3
Revenues,income_statement,营收,USD,7103000000.0,2021-10-31,2021-08-02,10-Q,2022,Q3
Revenues,income_statement,营收,USD,7103000000.0,2021-10-31,2021-08-02,10-Q,2023,Q3
Revenues,income_statement,营收,USD,26914000000.0,2022-01-30,2021-02-01,10-K,2022,FY
Revenues,income_statement,营收,USD,26914000000.0,2022-01-30,2021-02-01,10-K,2023,FY
Revenues,income_statement,营收,USD,26914000000.0,2022-01-30,2021-02-01,10-K,2024,FY
Revenues,income_statement,营收,USD,8288000000.0,2022-05-01,2022-01-31,10-Q,2023,Q1
Revenues,income_statement,营收,USD,8288000000.0,2022-05-01,2022-01-31,10-Q,2024,Q1
Revenues,income_statement,营收,USD,14992000000.0,2022-07-31,2022-01-31,10-Q,2023,Q2
Revenues,income_statement,营收,USD,14992000000.0,2022-07-31,2022-01-31,10-Q,2024,Q2
Revenues,income_statement,营收,USD,6704000000.0,2022-07-31,2022-05-02,10-Q,2023,Q2
Revenues,income_statement,营收,USD,6704000000.0,2022-07-31,2022-05-02,10-Q,2024,Q2
Revenues,income_statement,营收,USD,20923000000.0,2022-10-30,2022-01-31,10-Q,2023,Q3
Revenues,income_statement,营收,USD,20923000000.0,2022-10-30,2022-01-31,10-Q,2024,Q3
Revenues,income_statement,营收,USD,5931000000.0,2022-10-30,2022-08-01,10-Q,2023,Q3
Revenues,income_statement,营收,USD,5931000000.0,2022-10-30,2022-08-01,10-Q,2024,Q3
Revenues,income_statement,营收,USD,26974000000.0,2023-01-29,2022-01-31,10-K,2023,FY
Revenues,income_statement,营收,USD,26974000000.0,2023-01-29,2022-01-31,10-K,2024,FY
Revenues,income_statement,营收,USD,26974000000.0,2023-01-29,2022-01-31,10-K,2025,FY
Revenues,income_statement,营收,USD,7192000000.0,2023-04-30,2023-01-30,10-Q,2024,Q1
Revenues,income_statement,营收,USD,7192000000.0,2023-04-30,2023-01-30,10-Q,2025,Q1
Revenues,income_statement,营收,USD,20699000000.0,2023-07-30,2023-01-30,10-Q,2024,Q2
Revenues,income_statement,营收,USD,20699000000.0,2023-07-30,2023-01-30,10-Q,2025,Q2
Revenues,income_statement,营收,USD,13507000000.0,2023-07-30,2023-05-01,10-Q,2024,Q2
Revenues,income_statement,营收,USD,13507000000.0,2023-07-30,2023-05-01,10-Q,2025,Q2
Revenues,income_statement,营收,USD,38819000000.0,2023-10-29,2023-01-30,10-Q,2024,Q3
Revenues,income_statement,营收,USD,38819000000.0,2023-10-29,2023-01-30,10-Q,2025,Q3
Revenues,income_statement,营收,USD,18120000000.0,2023-10-29,2023-07-31,10-Q,2024,Q3
Revenues,income_statement,营收,USD,18120000000.0,2023-10-29,2023-07-31,10-Q,2025,Q3
Revenues,income_statement,营收,USD,60922000000.0,2024-01-28,2023-01-30,10-K,2024,FY
Revenues,income_statement,营收,USD,60922000000.0,2024-01-28,2023-01-30,10-K,2025,FY
Revenues,income_statement,营收,USD,26044000000.0,2024-04-28,2024-01-29,10-Q,2025,Q1
Revenues,income_statement,营收,USD,26044000000.0,2024-04-28,2024-01-29,10-Q,2026,Q1
Revenues,income_statement,营收,USD,56084000000.0,2024-07-28,2024-01-29,10-Q,2025,Q2
Revenues,income_statement,营收,USD,30040000000.0,2024-07-28,2024-04-29,10-Q,2025,Q2
Revenues,income_statement,营收,USD,91166000000.0,2024-10-27,2024-01-29,10-Q,2025,Q3
Revenues,income_statement,营收,USD,35082000000.0,2024-10-27,2024-07-29,10-Q,2025,Q3
Revenues,income_statement,营收,USD,130497000000.0,2025-01-26,2024-01-29,10-K,2025,FY
Revenues,income_statement,营收,USD,44062000000.0,2025-04-27,2025-01-27,10-Q,2026,Q1
RevenueFromContractWithCustomerExcludingAssessedTax,income_statement,销售收入,USD,16675000000.0,2021-01-31,2020-01-27,10-K,2021,FY
RevenueFromContractWithCustomerExcludingAssessedTax,income_statement,销售收入,USD,16675000000.0,2021-01-31,2020-01-27,10-K,2022,FY
RevenueFromContractWithCustomerExcludingAssessedTax,income_statement,销售收入,USD,26914000000.0,2022-01-30,2021-02-01,10-K,2022,FY
CostOfRevenue,income_statement,销售成本,USD,6279000000.0,2021-01-31,2020-01-27,10-K,2022,FY
CostOfRevenue,income_statement,销售成本,USD,6279000000.0,2021-01-31,2020-01-27,10-K,2023,FY
CostOfRevenue,income_statement,销售成本,USD,2032000000.0,2021-05-02,2021-02-01,10-Q,2022,Q1
CostOfRevenue,income_statement,销售成本,USD,2032000000.0,2021-05-02,2021-02-01,10-Q,2023,Q1
CostOfRevenue,income_statement,销售成本,USD,4324000000.0,2021-08-01,2021-02-01,10-Q,2022,Q2
CostOfRevenue,income_statement,销售成本,USD,4324000000.0,2021-08-01,2021-02-01,10-Q,2023,Q2
CostOfRevenue,income_statement,销售成本,USD,2292000000.0,2021-08-01,2021-05-03,10-Q,2022,Q2
CostOfRevenue,income_statement,销售成本,USD,2292000000.0,2021-08-01,2021-05-03,10-Q,2023,Q2
CostOfRevenue,income_statement,销售成本,USD,6795000000.0,2021-10-31,2021-02-01,10-Q,2022,Q3
CostOfRevenue,income_statement,销售成本,USD,6795000000.0,2021-10-31,2021-02-01,10-Q,2023,Q3
CostOfRevenue,income_statement,销售成本,USD,2472000000.0,2021-10-31,2021-08-02,10-Q,2022,Q3
CostOfRevenue,income_statement,销售成本,USD,2472000000.0,2021-10-31,2021-08-02,10-Q,2023,Q3
CostOfRevenue,income_statement,销售成本,USD,9439000000.0,2022-01-30,2021-02-01,10-K,2022,FY
CostOfRevenue,income_statement,销售成本,USD,9439000000.0,2022-01-30,2021-02-01,10-K,2023,FY
CostOfRevenue,income_statement,销售成本,USD,9439000000.0,2022-01-30,2021-02-01,10-K,2024,FY
CostOfRevenue,income_statement,销售成本,USD,2857000000.0,2022-05-01,2022-01-31,10-Q,2023,Q1
CostOfRevenue,income_statement,销售成本,USD,2857000000.0,2022-05-01,2022-01-31,10-Q,2024,Q1
CostOfRevenue,income_statement,销售成本,USD,6646000000.0,2022-07-31,2022-01-31,10-Q,2023,Q2
CostOfRevenue,income_statement,销售成本,USD,6646000000.0,2022-07-31,2022-01-31,10-Q,2024,Q2
CostOfRevenue,income_statement,销售成本,USD,3789000000.0,2022-07-31,2022-05-02,10-Q,2023,Q2
CostOfRevenue,income_statement,销售成本,USD,3789000000.0,2022-07-31,2022-05-02,10-Q,2024,Q2
CostOfRevenue,income_statement,销售成本,USD,9400000000.0,2022-10-30,2022-01-31,10-Q,2023,Q3
CostOfRevenue,income_statement,销售成本,USD,9400000000.0,2022-10-30,2022-01-31,10-Q,2024,Q3
CostOfRevenue,income_statement,销售成本,USD,2754000000.0,2022-10-30,2022-08-01,10-Q,2023,Q3
CostOfRevenue,income_statement,销售成本,USD,2754000000.0,2022-10-30,2022-08-01,10-Q,2024,Q3
CostOfRevenue,income_statement,销售成本,USD,11618000000.0,2023-01-29,2022-01-31,10-K,2023,FY
CostOfRevenue,income_statement,销售成本,USD,11618000000.0,2023-01-29,2022-01-31,10-K,2024,FY
CostOfRevenue,income_statement,销售成本,USD,11618000000.0,2023-01-29,2022-01-31,10-K,2025,FY
CostOfRevenue,income_statement,销售成本,USD,2544000000.0,2023-04-30,2023-01-30,10-Q,2024,Q1
CostOfRevenue,income_statement,销售成本,USD,2544000000.0,2023-04-30,2023-01-30,10-Q,2025,Q1
CostOfRevenue,income_statement,销售成本,USD,6589000000.0,2023-07-30,2023-01-30,10-Q,2024,Q2
CostOfRevenue,income_statement,销售成本,USD,6589000000.0,2023-07-30,2023-01-30,10-Q,2025,Q2
CostOfRevenue,income_statement,销售成本,USD,4045000000.0,2023-07-30,2023-05-01,10-Q,2024,Q2
CostOfRevenue,income_statement,销售成本,USD,4045000000.0,2023-07-30,2023-05-01,10-Q,2025,Q2
CostOfRevenue,income_statement,销售成本,USD,11309000000.0,2023-10-29,2023-01-30,10-Q,2024,Q3
CostOfRevenue,income_statement,销售成本,USD,11309000000.0,2023-10-29,2023-01-30,10-Q,2025,Q3
CostOfRevenue,income_statement,销售成本,USD,4720000000.0,2023-10-29,2023-07-31,10-Q,2024,Q3
CostOfRevenue,income_statement,销售成本,USD,4720000000.0,2023-10-29,2023-07-31,10-Q,2025,Q3
CostOfRevenue,income_statement,销售成本,USD,16621000000.0,2024-01-28,2023-01-30,10-K,2024,FY
CostOfRevenue,income_statement,销售成本,USD,16621000000.0,2024-01-28,2023-01-30,10-K,2025,FY
CostOfRevenue,income_statement,销售成本,USD,5638000000.0,2024-04-28,2024-01-29,10-Q,2025,Q1
CostOfRevenue,income_statement,销售成本,USD,5638000000.0,2024-04-28,2024-01-29,10-Q,2026,Q1
CostOfRevenue,income_statement,销售成本,USD,13105000000.0,2024-07-28,2024-01-29,10-Q,2025,Q2
CostOfRevenue,income_statement,销售成本,USD,7466000000.0,2024-07-28,2024-04-29,10-Q,2025,Q2
CostOfRevenue,income_statement,销售成本,USD,22031000000.0,2024-10-27,2024-01-29,10-Q,2025,Q3
CostOfRevenue,income_statement,销售成本,USD,8926000000.0,2024-10-27,2024-07-29,10-Q,2025,Q3
CostOfRevenue,income_statement,销售成本,USD,32639000000.0,2025-01-26,2024-01-29,10-K,2025,FY
CostOfRevenue,income_statement,销售成本,USD,17394000000.0,2025-04-27,2025-01-27,10-Q,2026,Q1
GrossProfit,income_statement,毛利润,USD,10396000000.0,2021-01-31,2020-01-27,10-K,2021,FY
GrossProfit,income_statement,毛利润,USD,10396000000.0,2021-01-31,2020-01-27,10-K,2022,FY
GrossProfit,income_statement,毛利润,USD,10396000000.0,2021-01-31,2020-01-27,10-K,2023,FY
GrossProfit,income_statement,毛利润,USD,3629000000.0,2021-05-02,2021-02-01,10-Q,2022,Q1
GrossProfit,income_statement,毛利润,USD,3629000000.0,2021-05-02,2021-02-01,10-Q,2023,Q1
GrossProfit,income_statement,毛利润,USD,7844000000.0,2021-08-01,2021-02-01,10-Q,2022,Q2
GrossProfit,income_statement,毛利润,USD,7844000000.0,2021-08-01,2021-02-01,10-Q,2023,Q2
GrossProfit,income_statement,毛利润,USD,4215000000.0,2021-08-01,2021-05-03,10-Q,2022,Q2
GrossProfit,income_statement,毛利润,USD,4215000000.0,2021-08-01,2021-05-03,10-Q,2023,Q2
GrossProfit,income_statement,毛利润,USD,12476000000.0,2021-10-31,2021-02-01,10-Q,2022,Q3
GrossProfit,income_statement,毛利润,USD,12476000000.0,2021-10-31,2021-02-01,10-Q,2023,Q3
GrossProfit,income_statement,毛利润,USD,4631000000.0,2021-10-31,2021-08-02,10-Q,2022,Q3
GrossProfit,income_statement,毛利润,USD,4631000000.0,2021-10-31,2021-08-02,10-Q,2023,Q3
GrossProfit,income_statement,毛利润,USD,17475000000.0,2022-01-30,2021-02-01,10-K,2022,FY
GrossProfit,income_statement,毛利润,USD,17475000000.0,2022-01-30,2021-02-01,10-K,2023,FY
GrossProfit,income_statement,毛利润,USD,17475000000.0,2022-01-30,2021-02-01,10-K,2024,FY
GrossProfit,income_statement,毛利润,USD,5431000000.0,2022-05-01,2022-01-31,10-Q,2023,Q1
GrossProfit,income_statement,毛利润,USD,5431000000.0,2022-05-01,2022-01-31,10-Q,2024,Q1
GrossProfit,income_statement,毛利润,USD,8346000000.0,2022-07-31,2022-01-31,10-Q,2023,Q2
GrossProfit,income_statement,毛利润,USD,8346000000.0,2022-07-31,2022-01-31,10-Q,2024,Q2
GrossProfit,income_statement,毛利润,USD,2915000000.0,2022-07-31,2022-05-02,10-Q,2023,Q2
GrossProfit,income_statement,毛利润,USD,2915000000.0,2022-07-31,2022-05-02,10-Q,2024,Q2
GrossProfit,income_statement,毛利润,USD,11523000000.0,2022-10-30,2022-01-31,10-Q,2023,Q3
GrossProfit,income_statement,毛利润,USD,11523000000.0,2022-10-30,2022-01-31,10-Q,2024,Q3
GrossProfit,income_statement,毛利润,USD,3177000000.0,2022-10-30,2022-08-01,10-Q,2023,Q3
GrossProfit,income_statement,毛利润,USD,3177000000.0,2022-10-30,2022-08-01,10-Q,2024,Q3
GrossProfit,income_statement,毛利润,USD,15356000000.0,2023-01-29,2022-01-31,10-K,2023,FY
GrossProfit,income_statement,毛利润,USD,15356000000.0,2023-01-29,2022-01-31,10-K,2024,FY
GrossProfit,income_statement,毛利润,USD,15356000000.0,2023-01-29,2022-01-31,10-K,2025,FY
GrossProfit,income_statement,毛利润,USD,4648000000.0,2023-04-30,2023-01-30,10-Q,2024,Q1
GrossProfit,income_statement,毛利润,USD,4648000000.0,2023-04-30,2023-01-30,10-Q,2025,Q1
GrossProfit,income_statement,毛利润,USD,14110000000.0,2023-07-30,2023-01-30,10-Q,2024,Q2
GrossProfit,income_statement,毛利润,USD,14110000000.0,2023-07-30,2023-01-30,10-Q,2025,Q2
GrossProfit,income_statement,毛利润,USD,9462000000.0,2023-07-30,2023-05-01,10-Q,2024,Q2
GrossProfit,income_statement,毛利润,USD,9462000000.0,2023-07-30,2023-05-01,10-Q,2025,Q2
GrossProfit,income_statement,毛利润,USD,27510000000.0,2023-10-29,2023-01-30,10-Q,2024,Q3
GrossProfit,income_statement,毛利润,USD,27510000000.0,2023-10-29,2023-01-30,10-Q,2025,Q3
GrossProfit,income_statement,毛利润,USD,13400000000.0,2023-10-29,2023-07-31,10-Q,2024,Q3
GrossProfit,income_statement,毛利润,USD,13400000000.0,2023-10-29,2023-07-31,10-Q,2025,Q3
GrossProfit,income_statement,毛利润,USD,44301000000.0,2024-01-28,2023-01-30,10-K,2024,FY
GrossProfit,income_statement,毛利润,USD,44301000000.0,2024-01-28,2023-01-30,10-K,2025,FY
GrossProfit,income_statement,毛利润,USD,20406000000.0,2024-04-28,2024-01-29,10-Q,2025,Q1
GrossProfit,income_statement,毛利润,USD,20406000000.0,2024-04-28,2024-01-29,10-Q,2026,Q1
GrossProfit,income_statement,毛利润,USD,42979000000.0,2024-07-28,2024-01-29,10-Q,2025,Q2
GrossProfit,income_statement,毛利润,USD,22574000000.0,2024-07-28,2024-04-29,10-Q,2025,Q2
GrossProfit,income_statement,毛利润,USD,69135000000.0,2024-10-27,2024-01-29,10-Q,2025,Q3
GrossProfit,income_statement,毛利润,USD,26156000000.0,2024-10-27,2024-07-29,10-Q,2025,Q3
GrossProfit,income_statement,毛利润,USD,97858000000.0,2025-01-26,2024-01-29,10-K,2025,FY
GrossProfit,income_statement,毛利润,USD,26668000000.0,2025-04-27,2025-01-27,10-Q,2026,Q1
OperatingIncomeLoss,income_statement,营业利润,USD,4532000000.0,2021-01-31,2020-01-27,10-K,2021,FY
OperatingIncomeLoss,income_statement,营业利润,USD,4532000000.0,2021-01-31,2020-01-27,10-K,2022,FY
OperatingIncomeLoss,income_statement,营业利润,USD,4532000000.0,2021-01-31,2020-01-27,10-K,2023,FY
OperatingIncomeLoss,income_statement,营业利润,USD,1956000000.0,2021-05-02,2021-02-01,10-Q,2022,Q1
OperatingIncomeLoss,income_statement,营业利润,USD,1956000000.0,2021-05-02,2021-02-01,10-Q,2023,Q1
OperatingIncomeLoss,income_statement,营业利润,USD,4400000000.0,2021-08-01,2021-02-01,10-Q,2022,Q2
OperatingIncomeLoss,income_statement,营业利润,USD,4400000000.0,2021-08-01,2021-02-01,10-Q,2023,Q2
OperatingIncomeLoss,income_statement,营业利润,USD,2444000000.0,2021-08-01,2021-05-03,10-Q,2022,Q2
OperatingIncomeLoss,income_statement,营业利润,USD,2444000000.0,2021-08-01,2021-05-03,10-Q,2023,Q2
OperatingIncomeLoss,income_statement,营业利润,USD,7071000000.0,2021-10-31,2021-02-01,10-Q,2022,Q3
OperatingIncomeLoss,income_statement,营业利润,USD,7071000000.0,2021-10-31,2021-02-01,10-Q,2023,Q3
OperatingIncomeLoss,income_statement,营业利润,USD,2671000000.0,2021-10-31,2021-08-02,10-Q,2022,Q3
OperatingIncomeLoss,income_statement,营业利润,USD,2671000000.0,2021-10-31,2021-08-02,10-Q,2023,Q3
OperatingIncomeLoss,income_statement,营业利润,USD,10041000000.0,2022-01-30,2021-02-01,10-K,2022,FY
OperatingIncomeLoss,income_statement,营业利润,USD,10041000000.0,2022-01-30,2021-02-01,10-K,2023,FY
OperatingIncomeLoss,income_statement,营业利润,USD,10041000000.0,2022-01-30,2021-02-01,10-K,2024,FY
OperatingIncomeLoss,income_statement,营业利润,USD,1868000000.0,2022-05-01,2022-01-31,10-Q,2023,Q1
OperatingIncomeLoss,income_statement,营业利润,USD,1868000000.0,2022-05-01,2022-01-31,10-Q,2024,Q1
OperatingIncomeLoss,income_statement,营业利润,USD,2367000000.0,2022-07-31,2022-01-31,10-Q,2023,Q2
OperatingIncomeLoss,income_statement,营业利润,USD,2367000000.0,2022-07-31,2022-01-31,10-Q,2024,Q2
OperatingIncomeLoss,income_statement,营业利润,USD,499000000.0,2022-07-31,2022-05-02,10-Q,2023,Q2
OperatingIncomeLoss,income_statement,营业利润,USD,499000000.0,2022-07-31,2022-05-02,10-Q,2024,Q2
OperatingIncomeLoss,income_statement,营业利润,USD,2968000000.0,2022-10-30,2022-01-31,10-Q,2023,Q3
OperatingIncomeLoss,income_statement,营业利润,USD,2968000000.0,2022-10-30,2022-01-31,10-Q,2024,Q3
OperatingIncomeLoss,income_statement,营业利润,USD,601000000.0,2022-10-30,2022-08-01,10-Q,2023,Q3
OperatingIncomeLoss,income_statement,营业利润,USD,601000000.0,2022-10-30,2022-08-01,10-Q,2024,Q3
OperatingIncomeLoss,income_statement,营业利润,USD,4224000000.0,2023-01-29,2022-01-31,10-K,2023,FY
OperatingIncomeLoss,income_statement,营业利润,USD,4224000000.0,2023-01-29,2022-01-31,10-K,2024,FY
OperatingIncomeLoss,income_statement,营业利润,USD,4224000000.0,2023-01-29,2022-01-31,10-K,2025,FY
OperatingIncomeLoss,income_statement,营业利润,USD,2140000000.0,2023-04-30,2023-01-30,10-Q,2024,Q1
OperatingIncomeLoss,income_statement,营业利润,USD,2140000000.0,2023-04-30,2023-01-30,10-Q,2025,Q1
OperatingIncomeLoss,income_statement,营业利润,USD,8941000000.0,2023-07-30,2023-01-30,10-Q,2024,Q2
OperatingIncomeLoss,income_statement,营业利润,USD,8941000000.0,2023-07-30,2023-01-30,10-Q,2025,Q2
OperatingIncomeLoss,income_statement,营业利润,USD,6800000000.0,2023-07-30,2023-05-01,10-Q,2024,Q2
OperatingIncomeLoss,income_statement,营业利润,USD,6800000000.0,2023-07-30,2023-05-01,10-Q,2025,Q2
OperatingIncomeLoss,income_statement,营业利润,USD,19358000000.0,2023-10-29,2023-01-30,10-Q,2024,Q3
OperatingIncomeLoss,income_statement,营业利润,USD,19358000000.0,2023-10-29,2023-01-30,10-Q,2025,Q3
OperatingIncomeLoss,income_statement,营业利润,USD,10417000000.0,2023-10-29,2023-07-31,10-Q,2024,Q3
OperatingIncomeLoss,income_statement,营业利润,USD,10417000000.0,2023-10-29,2023-07-31,10-Q,2025,Q3
OperatingIncomeLoss,income_statement,营业利润,USD,32972000000.0,2024-01-28,2023-01-30,10-K,2024,FY
OperatingIncomeLoss,income_statement,营业利润,USD,32972000000.0,2024-01-28,2023-01-30,10-K,2025,FY
OperatingIncomeLoss,income_statement,营业利润,USD,16909000000.0,2024-04-28,2024-01-29,10-Q,2025,Q1
OperatingIncomeLoss,income_statement,营业利润,USD,16909000000.0,2024-04-28,2024-01-29,10-Q,2026,Q1
OperatingIncomeLoss,income_statement,营业利润,USD,35551000000.0,2024-07-28,2024-01-29,10-Q,2025,Q2
OperatingIncomeLoss,income_statement,营业利润,USD,18642000000.0,2024-07-28,2024-04-29,10-Q,2025,Q2
OperatingIncomeLoss,income_statement,营业利润,USD,57419000000.0,2024-10-27,2024-01-29,10-Q,2025,Q3
OperatingIncomeLoss,income_statement,营业利润,USD,21869000000.0,2024-10-27,2024-07-29,10-Q,2025,Q3
OperatingIncomeLoss,income_statement,营业利润,USD,81453000000.0,2025-01-26,2024-01-29,10-K,2025,FY
OperatingIncomeLoss,income_statement,营业利润,USD,21638000000.0,2025-04-27,2025-01-27,10-Q,2026,Q1
NetIncomeLoss,income_statement,净利润,USD,4332000000.0,2021-01-31,2020-01-27,10-K,2021,FY
NetIncomeLoss,income_statement,净利润,USD,4332000000.0,2021-01-31,2020-01-27,10-K,2022,FY
NetIncomeLoss,income_statement,净利润,USD,4332000000.0,2021-01-31,2020-01-27,10-K,2023,FY
NetIncomeLoss,income_statement,净利润,USD,1912000000.0,2021-05-02,2021-02-01,10-Q,2022,Q1
NetIncomeLoss,income_statement,净利润,USD,1912000000.0,2021-05-02,2021-02-01,10-Q,2023,Q1
NetIncomeLoss,income_statement,净利润,USD,4285000000.0,2021-08-01,2021-02-01,10-Q,2022,Q2
NetIncomeLoss,income_statement,净利润,USD,4285000000.0,2021-08-01,2021-02-01,10-Q,2023,Q2
NetIncomeLoss,income_statement,净利润,USD,2374000000.0,2021-08-01,2021-05-03,10-Q,2022,Q2
NetIncomeLoss,income_statement,净利润,USD,2374000000.0,2021-08-01,2021-05-03,10-Q,2023,Q2
NetIncomeLoss,income_statement,净利润,USD,6749000000.0,2021-10-31,2021-02-01,10-Q,2022,Q3
NetIncomeLoss,income_statement,净利润,USD,6749000000.0,2021-10-31,2021-02-01,10-Q,2023,Q3
NetIncomeLoss,income_statement,净利润,USD,2464000000.0,2021-10-31,2021-08-02,10-Q,2022,Q3
NetIncomeLoss,income_statement,净利润,USD,2464000000.0,2021-10-31,2021-08-02,10-Q,2023,Q3
NetIncomeLoss,income_statement,净利润,USD,9752000000.0,2022-01-30,2021-02-01,10-K,2022,FY
NetIncomeLoss,income_statement,净利润,USD,9752000000.0,2022-01-30,2021-02-01,10-K,2023,FY
NetIncomeLoss,income_statement,净利润,USD,9752000000.0,2022-01-30,2021-02-01,10-K,2024,FY
NetIncomeLoss,income_statement,净利润,USD,1618000000.0,2022-05-01,2022-01-31,10-Q,2023,Q1
NetIncomeLoss,income_statement,净利润,USD,1618000000.0,2022-05-01,2022-01-31,10-Q,2024,Q1
NetIncomeLoss,income_statement,净利润,USD,2274000000.0,2022-07-31,2022-01-31,10-Q,2023,Q2
NetIncomeLoss,income_statement,净利润,USD,2274000000.0,2022-07-31,2022-01-31,10-Q,2024,Q2
NetIncomeLoss,income_statement,净利润,USD,656000000.0,2022-07-31,2022-05-02,10-Q,2023,Q2
NetIncomeLoss,income_statement,净利润,USD,656000000.0,2022-07-31,2022-05-02,10-Q,2024,Q2
NetIncomeLoss,income_statement,净利润,USD,2954000000.0,2022-10-30,2022-01-31,10-Q,2023,Q3
NetIncomeLoss,income_statement,净利润,USD,2954000000.0,2022-10-30,2022-01-31,10-Q,2024,Q3
NetIncomeLoss,income_statement,净利润,USD,680000000.0,2022-10-30,2022-08-01,10-Q,2023,Q3
NetIncomeLoss,income_statement,净利润,USD,680000000.0,2022-10-30,2022-08-01,10-Q,2024,Q3
NetIncomeLoss,income_statement,净利润,USD,4368000000.0,2023-01-29,2022-01-31,10-K,2023,FY
NetIncomeLoss,income_statement,净利润,USD,4368000000.0,2023-01-29,2022-01-31,10-K,2024,FY
NetIncomeLoss,income_statement,净利润,USD,4368000000.0,2023-01-29,2022-01-31,10-K,2025,FY
NetIncomeLoss,income_statement,净利润,USD,2043000000.0,2023-04-30,2023-01-30,10-Q,2024,Q1
NetIncomeLoss,income_statement,净利润,USD,2043000000.0,2023-04-30,2023-01-30,10-Q,2025,Q1
NetIncomeLoss,income_statement,净利润,USD,8232000000.0,2023-07-30,2023-01-30,10-Q,2024,Q2
NetIncomeLoss,income_statement,净利润,USD,8232000000.0,2023-07-30,2023-01-30,10-Q,2025,Q2
NetIncomeLoss,income_statement,净利润,USD,6188000000.0,2023-07-30,2023-05-01,10-Q,2024,Q2
NetIncomeLoss,income_statement,净利润,USD,6188000000.0,2023-07-30,2023-05-01,10-Q,2025,Q2
NetIncomeLoss,income_statement,净利润,USD,17475000000.0,2023-10-29,2023-01-30,10-Q,2024,Q3
NetIncomeLoss,income_statement,净利润,USD,17475000000.0,2023-10-29,2023-01-30,10-Q,2025,Q3
NetIncomeLoss,income_statement,净利润,USD,9243000000.0,2023-10-29,2023-07-31,10-Q,2024,Q3
NetIncomeLoss,income_statement,净利润,USD,9243000000.0,2023-10-29,2023-07-31,10-Q,2025,Q3
NetIncomeLoss,income_statement,净利润,USD,29760000000.0,2024-01-28,2023-01-30,10-K,2024,FY
NetIncomeLoss,income_statement,净利润,USD,29760000000.0,2024-01-28,2023-01-30,10-K,2025,FY
NetIncomeLoss,income_statement,净利润,USD,14881000000.0,2024-04-28,2024-01-29,10-Q,2025,Q1
NetIncomeLoss,income_statement,净利润,USD,14881000000.0,2024-04-28,2024-01-29,10-Q,2026,Q1
NetIncomeLoss,income_statement,净利润,USD,31480000000.0,2024-07-28,2024-01-29,10-Q,2025,Q2
NetIncomeLoss,income_statement,净利润,USD,16599000000.0,2024-07-28,2024-04-29,10-Q,2025,Q2
NetIncomeLoss,income_statement,净利润,USD,50789000000.0,2024-10-27,2024-01-29,10-Q,2025,Q3
NetIncomeLoss,income_statement,净利润,USD,19309000000.0,2024-10-27,2024-07-29,10-Q,2025,Q3
NetIncomeLoss,income_statement,净利润,USD,72880000000.0,2025-01-26,2024-01-29,10-K,2025,FY
NetIncomeLoss,income_statement,净利润,USD,18775000000.0,2025-04-27,2025-01-27,10-Q,2026,Q1
EarningsPerShareBasic,income_statement,基本每股收益,USD/shares,7.02,2021-01-31,2020-01-27,10-K,2021,FY
EarningsPerShareBasic,income_statement,基本每股收益,USD/shares,1.76,2021-01-31,2020-01-27,10-K,2022,FY
EarningsPerShareBasic,income_statement,基本每股收益,USD/shares,1.76,2021-01-31,2020-01-27,10-K,2023,FY
EarningsPerShareBasic,income_statement,基本每股收益,USD/shares,3.08,2021-05-02,2021-02-01,10-Q,2022,Q1
EarningsPerShareBasic,income_statement,基本每股收益,USD/shares,0.77,2021-05-02,2021-02-01,10-Q,2023,Q1
EarningsPerShareBasic,income_statement,基本每股收益,USD/shares,1.72,2021-08-01,2021-02-01,10-Q,2022,Q2
EarningsPerShareBasic,income_statement,基本每股收益,USD/shares,1.72,2021-08-01,2021-02-01,10-Q,2023,Q2
EarningsPerShareBasic,income_statement,基本每股收益,USD/shares,0.95,2021-08-01,2021-05-03,10-Q,2022,Q2
EarningsPerShareBasic,income_statement,基本每股收益,USD/shares,0.95,2021-08-01,2021-05-03,10-Q,2023,Q2
EarningsPerShareBasic,income_statement,基本每股收益,USD/shares,2.71,2021-10-31,2021-02-01,10-Q,2022,Q3
EarningsPerShareBasic,income_statement,基本每股收益,USD/shares,2.71,2021-10-31,2021-02-01,10-Q,2023,Q3
EarningsPerShareBasic,income_statement,基本每股收益,USD/shares,0.99,2021-10-31,2021-08-02,10-Q,2022,Q3
EarningsPerShareBasic,income_statement,基本每股收益,USD/shares,0.99,2021-10-31,2021-08-02,10-Q,2023,Q3
EarningsPerShareBasic,income_statement,基本每股收益,USD/shares,3.91,2022-01-30,2021-02-01,10-K,2022,FY
EarningsPerShareBasic,income_statement,基本每股收益,USD/shares,3.91,2022-01-30,2021-02-01,10-K,2023,FY
EarningsPerShareBasic,income_statement,基本每股收益,USD/shares,3.91,2022-01-30,2021-02-01,10-K,2024,FY
EarningsPerShareBasic,income_statement,基本每股收益,USD/shares,0.65,2022-05-01,2022-01-31,10-Q,2023,Q1
EarningsPerShareBasic,income_statement,基本每股收益,USD/shares,0.65,2022-05-01,2022-01-31,10-Q,2024,Q1
EarningsPerShareBasic,income_statement,基本每股收益,USD/shares,0.91,2022-07-31,2022-01-31,10-Q,2023,Q2
EarningsPerShareBasic,income_statement,基本每股收益,USD/shares,0.91,2022-07-31,2022-01-31,10-Q,2024,Q2
EarningsPerShareBasic,income_statement,基本每股收益,USD/shares,0.26,2022-07-31,2022-05-02,10-Q,2023,Q2
EarningsPerShareBasic,income_statement,基本每股收益,USD/shares,0.26,2022-07-31,2022-05-02,10-Q,2024,Q2
EarningsPerShareBasic,income_statement,基本每股收益,USD/shares,1.18,2022-10-30,2022-01-31,10-Q,2023,Q3
EarningsPerShareBasic,income_statement,基本每股收益,USD/shares,1.18,2022-10-30,2022-01-31,10-Q,2024,Q3
EarningsPerShareBasic,income_statement,基本每股收益,USD/shares,0.27,2022-10-30,2022-08-01,10-Q,2023,Q3
EarningsPerShareBasic,income_statement,基本每股收益,USD/shares,0.27,2022-10-30,2022-08-01,10-Q,2024,Q3
EarningsPerShareBasic,income_statement,基本每股收益,USD/shares,1.76,2023-01-29,2022-01-31,10-K,2023,FY
EarningsPerShareBasic,income_statement,基本每股收益,USD/shares,1.76,2023-01-29,2022-01-31,10-K,2024,FY
EarningsPerShareBasic,income_statement,基本每股收益,USD/shares,0.18,2023-01-29,2022-01-31,10-K,2025,FY
EarningsPerShareBasic,income_statement,基本每股收益,USD/shares,0.83,2023-04-30,2023-01-30,10-Q,2024,Q1
EarningsPerShareBasic,income_statement,基本每股收益,USD/shares,0.83,2023-04-30,2023-01-30,10-Q,2025,Q1
EarningsPerShareBasic,income_statement,基本每股收益,USD/shares,3.33,2023-07-30,2023-01-30,10-Q,2024,Q2
EarningsPerShareBasic,income_statement,基本每股收益,USD/shares,0.33,2023-07-30,2023-01-30,10-Q,2025,Q2
EarningsPerShareBasic,income_statement,基本每股收益,USD/shares,2.5,2023-07-30,2023-05-01,10-Q,2024,Q2
EarningsPerShareBasic,income_statement,基本每股收益,USD/shares,0.25,2023-07-30,2023-05-01,10-Q,2025,Q2
EarningsPerShareBasic,income_statement,基本每股收益,USD/shares,7.07,2023-10-29,2023-01-30,10-Q,2024,Q3
EarningsPerShareBasic,income_statement,基本每股收益,USD/shares,0.71,2023-10-29,2023-01-30,10-Q,2025,Q3
EarningsPerShareBasic,income_statement,基本每股收益,USD/shares,3.75,2023-10-29,2023-07-31,10-Q,2024,Q3
EarningsPerShareBasic,income_statement,基本每股收益,USD/shares,0.37,2023-10-29,2023-07-31,10-Q,2025,Q3
EarningsPerShareBasic,income_statement,基本每股收益,USD/shares,12.05,2024-01-28,2023-01-30,10-K,2024,FY
EarningsPerShareBasic,income_statement,基本每股收益,USD/shares,1.21,2024-01-28,2023-01-30,10-K,2025,FY
EarningsPerShareBasic,income_statement,基本每股收益,USD/shares,6.04,2024-04-28,2024-01-29,10-Q,2025,Q1
EarningsPerShareBasic,income_statement,基本每股收益,USD/shares,0.6,2024-04-28,2024-01-29,10-Q,2026,Q1
EarningsPerShareBasic,income_statement,基本每股收益,USD/shares,1.28,2024-07-28,2024-01-29,10-Q,2025,Q2
EarningsPerShareBasic,income_statement,基本每股收益,USD/shares,0.68,2024-07-28,2024-04-29,10-Q,2025,Q2
EarningsPerShareBasic,income_statement,基本每股收益,USD/shares,2.07,2024-10-27,2024-01-29,10-Q,2025,Q3
EarningsPerShareBasic,income_statement,基本每股收益,USD/shares,0.79,2024-10-27,2024-07-29,10-Q,2025,Q3
EarningsPerShareBasic,income_statement,基本每股收益,USD/shares,2.97,2025-01-26,2024-01-29,10-K,2025,FY
EarningsPerShareBasic,income_statement,基本每股收益,USD/shares,0.77,2025-04-27,2025-01-27,10-Q,2026,Q1
EarningsPerShareDiluted,income_statement,稀释每股收益,USD/shares,6.9,2021-01-31,2020-01-27,10-K,2021,FY
EarningsPerShareDiluted,income_statement,稀释每股收益,USD/shares,1.73,2021-01-31,2020-01-27,10-K,2022,FY
EarningsPerShareDiluted,income_statement,稀释每股收益,USD/shares,1.73,2021-01-31,2020-01-27,10-K,2023,FY
EarningsPerShareDiluted,income_statement,稀释每股收益,USD/shares,3.03,2021-05-02,2021-02-01,10-Q,2022,Q1
EarningsPerShareDiluted,income_statement,稀释每股收益,USD/shares,0.76,2021-05-02,2021-02-01,10-Q,2023,Q1
EarningsPerShareDiluted,income_statement,稀释每股收益,USD/shares,1.69,2021-08-01,2021-02-01,10-Q,2022,Q2
EarningsPerShareDiluted,income_statement,稀释每股收益,USD/shares,1.69,2021-08-01,2021-02-01,10-Q,2023,Q2
EarningsPerShareDiluted,income_statement,稀释每股收益,USD/shares,0.94,2021-08-01,2021-05-03,10-Q,2022,Q2
EarningsPerShareDiluted,income_statement,稀释每股收益,USD/shares,0.94,2021-08-01,2021-05-03,10-Q,2023,Q2
EarningsPerShareDiluted,income_statement,稀释每股收益,USD/shares,2.67,2021-10-31,2021-02-01,10-Q,2022,Q3
EarningsPerShareDiluted,income_statement,稀释每股收益,USD/shares,2.67,2021-10-31,2021-02-01,10-Q,2023,Q3
EarningsPerShareDiluted,income_statement,稀释每股收益,USD/shares,0.97,2021-10-31,2021-08-02,10-Q,2022,Q3
EarningsPerShareDiluted,income_statement,稀释每股收益,USD/shares,0.97,2021-10-31,2021-08-02,10-Q,2023,Q3
EarningsPerShareDiluted,income_statement,稀释每股收益,USD/shares,3.85,2022-01-30,2021-02-01,10-K,2022,FY
EarningsPerShareDiluted,income_statement,稀释每股收益,USD/shares,3.85,2022-01-30,2021-02-01,10-K,2023,FY
EarningsPerShareDiluted,income_statement,稀释每股收益,USD/shares,3.85,2022-01-30,2021-02-01,10-K,2024,FY
EarningsPerShareDiluted,income_statement,稀释每股收益,USD/shares,0.64,2022-05-01,2022-01-31,10-Q,2023,Q1
EarningsPerShareDiluted,income_statement,稀释每股收益,USD/shares,0.64,2022-05-01,2022-01-31,10-Q,2024,Q1
EarningsPerShareDiluted,income_statement,稀释每股收益,USD/shares,0.9,2022-07-31,2022-01-31,10-Q,2023,Q2
EarningsPerShareDiluted,income_statement,稀释每股收益,USD/shares,0.9,2022-07-31,2022-01-31,10-Q,2024,Q2
EarningsPerShareDiluted,income_statement,稀释每股收益,USD/shares,0.26,2022-07-31,2022-05-02,10-Q,2023,Q2
EarningsPerShareDiluted,income_statement,稀释每股收益,USD/shares,0.26,2022-07-31,2022-05-02,10-Q,2024,Q2
EarningsPerShareDiluted,income_statement,稀释每股收益,USD/shares,1.17,2022-10-30,2022-01-31,10-Q,2023,Q3
EarningsPerShareDiluted,income_statement,稀释每股收益,USD/shares,1.17,2022-10-30,2022-01-31,10-Q,2024,Q3
EarningsPerShareDiluted,income_statement,稀释每股收益,USD/shares,0.27,2022-10-30,2022-08-01,10-Q,2023,Q3
EarningsPerShareDiluted,income_statement,稀释每股收益,USD/shares,0.27,2022-10-30,2022-08-01,10-Q,2024,Q3
EarningsPerShareDiluted,income_statement,稀释每股收益,USD/shares,1.74,2023-01-29,2022-01-31,10-K,2023,FY
EarningsPerShareDiluted,income_statement,稀释每股收益,USD/shares,1.74,2023-01-29,2022-01-31,10-K,2024,FY
EarningsPerShareDiluted,income_statement,稀释每股收益,USD/shares,0.17,2023-01-29,2022-01-31,10-K,2025,FY
EarningsPerShareDiluted,income_statement,稀释每股收益,USD/shares,0.82,2023-04-30,2023-01-30,10-Q,2024,Q1
EarningsPerShareDiluted,income_statement,稀释每股收益,USD/shares,0.82,2023-04-30,2023-01-30,10-Q,2025,Q1
EarningsPerShareDiluted,income_statement,稀释每股收益,USD/shares,3.3,2023-07-30,2023-01-30,10-Q,2024,Q2
EarningsPerShareDiluted,income_statement,稀释每股收益,USD/shares,0.33,2023-07-30,2023-01-30,10-Q,2025,Q2
EarningsPerShareDiluted,income_statement,稀释每股收益,USD/shares,2.48,2023-07-30,2023-05-01,10-Q,2024,Q2
EarningsPerShareDiluted,income_statement,稀释每股收益,USD/shares,0.25,2023-07-30,2023-05-01,10-Q,2025,Q2
EarningsPerShareDiluted,income_statement,稀释每股收益,USD/shares,7.01,2023-10-29,2023-01-30,10-Q,2024,Q3
EarningsPerShareDiluted,income_statement,稀释每股收益,USD/shares,0.7,2023-10-29,2023-01-30,10-Q,2025,Q3
EarningsPerShareDiluted,income_statement,稀释每股收益,USD/shares,3.71,2023-10-29,2023-07-31,10-Q,2024,Q3
EarningsPerShareDiluted,income_statement,稀释每股收益,USD/shares,0.37,2023-10-29,2023-07-31,10-Q,2025,Q3
EarningsPerShareDiluted,income_statement,稀释每股收益,USD/shares,11.93,2024-01-28,2023-01-30,10-K,2024,FY
EarningsPerShareDiluted,income_statement,稀释每股收益,USD/shares,1.19,2024-01-28,2023-01-30,10-K,2025,FY
EarningsPerShareDiluted,income_statement,稀释每股收益,USD/shares,5.98,2024-04-28,2024-01-29,10-Q,2025,Q1
EarningsPerShareDiluted,income_statement,稀释每股收益,USD/shares,0.6,2024-04-28,2024-01-29,10-Q,2026,Q1
EarningsPerShareDiluted,income_statement,稀释每股收益,USD/shares,1.27,2024-07-28,2024-01-29,10-Q,2025,Q2
EarningsPerShareDiluted,income_statement,稀释每股收益,USD/shares,0.67,2024-07-28,2024-04-29,10-Q,2025,Q2
EarningsPerShareDiluted,income_statement,稀释每股收益,USD/shares,2.04,2024-10-27,2024-01-29,10-Q,2025,Q3
EarningsPerShareDiluted,income_statement,稀释每股收益,USD/shares,0.78,2024-10-27,2024-07-29,10-Q,2025,Q3
EarningsPerShareDiluted,income_statement,稀释每股收益,USD/shares,2.94,2025-01-26,2024-01-29,10-K,2025,FY
EarningsPerShareDiluted,income_statement,稀释每股收益,USD/shares,0.76,2025-04-27,2025-01-27,10-Q,2026,Q1
DepreciationDepletionAndAmortization,income_statement,折旧摊销,USD,1098000000.0,2021-01-31,2020-01-27,10-K,2022,FY
DepreciationDepletionAndAmortization,income_statement,折旧摊销,USD,1098000000.0,2021-01-31,2020-01-27,10-K,2023,FY
DepreciationDepletionAndAmortization,income_statement,折旧摊销,USD,281000000.0,2021-05-02,2021-02-01,10-Q,2023,Q1
DepreciationDepletionAndAmortization,income_statement,折旧摊销,USD,567000000.0,2021-08-01,2021-02-01,10-Q,2023,Q2
DepreciationDepletionAndAmortization,income_statement,折旧摊销,USD,865000000.0,2021-10-31,2021-02-01,10-Q,2022,Q3
DepreciationDepletionAndAmortization,income_statement,折旧摊销,USD,865000000.0,2021-10-31,2021-02-01,10-Q,2023,Q3
DepreciationDepletionAndAmortization,income_statement,折旧摊销,USD,1174000000.0,2022-01-30,2021-02-01,10-K,2022,FY
DepreciationDepletionAndAmortization,income_statement,折旧摊销,USD,1174000000.0,2022-01-30,2021-02-01,10-K,2023,FY
DepreciationDepletionAndAmortization,income_statement,折旧摊销,USD,1174000000.0,2022-01-30,2021-02-01,10-K,2024,FY
DepreciationDepletionAndAmortization,income_statement,折旧摊销,USD,334000000.0,2022-05-01,2022-01-31,10-Q,2023,Q1
DepreciationDepletionAndAmortization,income_statement,折旧摊销,USD,334000000.0,2022-05-01,2022-01-31,10-Q,2024,Q1
DepreciationDepletionAndAmortization,income_statement,折旧摊销,USD,712000000.0,2022-07-31,2022-01-31,10-Q,2023,Q2
DepreciationDepletionAndAmortization,income_statement,折旧摊销,USD,712000000.0,2022-07-31,2022-01-31,10-Q,2024,Q2
DepreciationDepletionAndAmortization,income_statement,折旧摊销,USD,1118000000.0,2022-10-30,2022-01-31,10-Q,2023,Q3
DepreciationDepletionAndAmortization,income_statement,折旧摊销,USD,1118000000.0,2022-10-30,2022-01-31,10-Q,2024,Q3
DepreciationDepletionAndAmortization,income_statement,折旧摊销,USD,1544000000.0,2023-01-29,2022-01-31,10-K,2023,FY
DepreciationDepletionAndAmortization,income_statement,折旧摊销,USD,1544000000.0,2023-01-29,2022-01-31,10-K,2024,FY
DepreciationDepletionAndAmortization,income_statement,折旧摊销,USD,1544000000.0,2023-01-29,2022-01-31,10-K,2025,FY
DepreciationDepletionAndAmortization,income_statement,折旧摊销,USD,384000000.0,2023-04-30,2023-01-30,10-Q,2024,Q1
DepreciationDepletionAndAmortization,income_statement,折旧摊销,USD,384000000.0,2023-04-30,2023-01-30,10-Q,2025,Q1
DepreciationDepletionAndAmortization,income_statement,折旧摊销,USD,749000000.0,2023-07-30,2023-01-30,10-Q,2024,Q2
DepreciationDepletionAndAmortization,income_statement,折旧摊销,USD,749000000.0,2023-07-30,2023-01-30,10-Q,2025,Q2
DepreciationDepletionAndAmortization,income_statement,折旧摊销,USD,1121000000.0,2023-10-29,2023-01-30,10-Q,2024,Q3
DepreciationDepletionAndAmortization,income_statement,折旧摊销,USD,1121000000.0,2023-10-29,2023-01-30,10-Q,2025,Q3
DepreciationDepletionAndAmortization,income_statement,折旧摊销,USD,1508000000.0,2024-01-28,2023-01-30,10-K,2024,FY
DepreciationDepletionAndAmortization,income_statement,折旧摊销,USD,1508000000.0,2024-01-28,2023-01-30,10-K,2025,FY
DepreciationDepletionAndAmortization,income_statement,折旧摊销,USD,410000000.0,2024-04-28,2024-01-29,10-Q,2025,Q1
DepreciationDepletionAndAmortization,income_statement,折旧摊销,USD,410000000.0,2024-04-28,2024-01-29,10-Q,2026,Q1
DepreciationDepletionAndAmortization,income_statement,折旧摊销,USD,843000000.0,2024-07-28,2024-01-29,10-Q,2025,Q2
DepreciationDepletionAndAmortization,income_statement,折旧摊销,USD,1321000000.0,2024-10-27,2024-01-29,10-Q,2025,Q3
DepreciationDepletionAndAmortization,income_statement,折旧摊销,USD,1864000000.0,2025-01-26,2024-01-29,10-K,2025,FY
DepreciationDepletionAndAmortization,income_statement,折旧摊销,USD,611000000.0,2025-04-27,2025-01-27,10-Q,2026,Q1
Assets,balance_sheet,总资产,USD,28791000000.0,2021-01-31,,10-K,2021,FY
Assets,balance_sheet,总资产,USD,28791000000.0,2021-01-31,,10-Q,2022,Q1
Assets,balance_sheet,总资产,USD,28791000000.0,2021-01-31,,10-Q,2022,Q2
Assets,balance_sheet,总资产,USD,28791000000.0,2021-01-31,,10-Q,2022,Q3
Assets,balance_sheet,总资产,USD,28791000000.0,2021-01-31,,10-K,2022,FY
Assets,balance_sheet,总资产,USD,30796000000.0,2021-05-02,,10-Q,2022,Q1
Assets,balance_sheet,总资产,USD,38650000000.0,2021-08-01,,10-Q,2022,Q2
Assets,balance_sheet,总资产,USD,40632000000.0,2021-10-31,,10-Q,2022,Q3
Assets,balance_sheet,总资产,USD,44187000000.0,2022-01-30,,10-K,2022,FY
Assets,balance_sheet,总资产,USD,44187000000.0,2022-01-30,,10-Q,2023,Q1
Assets,balance_sheet,总资产,USD,44187000000.0,2022-01-30,,10-Q,2023,Q2
Assets,balance_sheet,总资产,USD,44187000000.0,2022-01-30,,10-Q,2023,Q3
Assets,balance_sheet,总资产,USD,44187000000.0,2022-01-30,,10-K,2023,FY
Assets,balance_sheet,总资产,USD,45212000000.0,2022-05-01,,10-Q,2023,Q1
Assets,balance_sheet,总资产,USD,43476000000.0,2022-07-31,,10-Q,2023,Q2
Assets,balance_sheet,总资产,USD,40488000000.0,2022-10-30,,10-Q,2023,Q3
Assets,balance_sheet,总资产,USD,41182000000.0,2023-01-29,,10-K,2023,FY
Assets,balance_sheet,总资产,USD,41182000000.0,2023-01-29,,10-Q,2024,Q1
Assets,balance_sheet,总资产,USD,41182000000.0,2023-01-29,,10-Q,2024,Q2
Assets,balance_sheet,总资产,USD,41182000000.0,2023-01-29,,10-Q,2024,Q3
Assets,balance_sheet,总资产,USD,41182000000.0,2023-01-29,,10-K,2024,FY
Assets,balance_sheet,总资产,USD,44460000000.0,2023-04-30,,10-Q,2024,Q1
Assets,balance_sheet,总资产,USD,49555000000.0,2023-07-30,,10-Q,2024,Q2
Assets,balance_sheet,总资产,USD,54148000000.0,2023-10-29,,10-Q,2024,Q3
Assets,balance_sheet,总资产,USD,65728000000.0,2024-01-28,,10-K,2024,FY
Assets,balance_sheet,总资产,USD,65728000000.0,2024-01-28,,10-Q,2025,Q1
Assets,balance_sheet,总资产,USD,65728000000.0,2024-01-28,,10-Q,2025,Q2
Assets,balance_sheet,总资产,USD,65728000000.0,2024-01-28,,10-Q,2025,Q3
Assets,balance_sheet,总资产,USD,65728000000.0,2024-01-28,,10-K,2025,FY
Assets,balance_sheet,总资产,USD,77072000000.0,2024-04-28,,10-Q,2025,Q1
Assets,balance_sheet,总资产,USD,85227000000.0,2024-07-28,,10-Q,2025,Q2
Assets,balance_sheet,总资产,USD,96013000000.0,2024-10-27,,10-Q,2025,Q3
Assets,balance_sheet,总资产,USD,111601000000.0,2025-01-26,,10-K,2025,FY
Assets,balance_sheet,总资产,USD,111601000000.0,2025-01-26,,10-Q,2026,Q1
Assets,balance_sheet,总资产,USD,125254000000.0,2025-04-27,,10-Q,2026,Q1
AssetsCurrent,balance_sheet,流动资产,USD,16055000000.0,2021-01-31,,10-K,2021,FY
AssetsCurrent,balance_sheet,流动资产,USD,16055000000.0,2021-01-31,,10-Q,2022,Q1
AssetsCurrent,balance_sheet,流动资产,USD,16055000000.0,2021-01-31,,10-Q,2022,Q2
AssetsCurrent,balance_sheet,流动资产,USD,16055000000.0,2021-01-31,,10-Q,2022,Q3
AssetsCurrent,balance_sheet,流动资产,USD,16055000000.0,2021-01-31,,10-K,2022,FY
AssetsCurrent,balance_sheet,流动资产,USD,18127000000.0,2021-05-02,,10-Q,2022,Q1
AssetsCurrent,balance_sheet,流动资产,USD,25806000000.0,2021-08-01,,10-Q,2022,Q2
AssetsCurrent,balance_sheet,流动资产,USD,25806000000.0,2021-10-31,,10-Q,2022,Q3
AssetsCurrent,balance_sheet,流动资产,USD,28829000000.0,2022-01-30,,10-K,2022,FY
AssetsCurrent,balance_sheet,流动资产,USD,28829000000.0,2022-01-30,,10-Q,2023,Q1
AssetsCurrent,balance_sheet,流动资产,USD,28829000000.0,2022-01-30,,10-Q,2023,Q2
AssetsCurrent,balance_sheet,流动资产,USD,28829000000.0,2022-01-30,,10-Q,2023,Q3
AssetsCurrent,balance_sheet,流动资产,USD,28829000000.0,2022-01-30,,10-K,2023,FY
AssetsCurrent,balance_sheet,流动资产,USD,29575000000.0,2022-05-01,,10-Q,2023,Q1
AssetsCurrent,balance_sheet,流动资产,USD,27418000000.0,2022-07-31,,10-Q,2023,Q2
AssetsCurrent,balance_sheet,流动资产,USD,23223000000.0,2022-10-30,,10-Q,2023,Q3
AssetsCurrent,balance_sheet,流动资产,USD,23073000000.0,2023-01-29,,10-K,2023,FY
AssetsCurrent,balance_sheet,流动资产,USD,23073000000.0,2023-01-29,,10-Q,2024,Q1
AssetsCurrent,balance_sheet,流动资产,USD,23073000000.0,2023-01-29,,10-Q,2024,Q2
AssetsCurrent,balance_sheet,流动资产,USD,23073000000.0,2023-01-29,,10-Q,2024,Q3
AssetsCurrent,balance_sheet,流动资产,USD,23073000000.0,2023-01-29,,10-K,2024,FY
AssetsCurrent,balance_sheet,流动资产,USD,24883000000.0,2023-04-30,,10-Q,2024,Q1
AssetsCurrent,balance_sheet,流动资产,USD,28797000000.0,2023-07-30,,10-Q,2024,Q2
AssetsCurrent,balance_sheet,流动资产,USD,32658000000.0,2023-10-29,,10-Q,2024,Q3
AssetsCurrent,balance_sheet,流动资产,USD,44345000000.0,2024-01-28,,10-K,2024,FY
AssetsCurrent,balance_sheet,流动资产,USD,44345000000.0,2024-01-28,,10-Q,2025,Q1
AssetsCurrent,balance_sheet,流动资产,USD,44345000000.0,2024-01-28,,10-Q,2025,Q2
AssetsCurrent,balance_sheet,流动资产,USD,44345000000.0,2024-01-28,,10-Q,2025,Q3
AssetsCurrent,balance_sheet,流动资产,USD,44345000000.0,2024-01-28,,10-K,2025,FY
AssetsCurrent,balance_sheet,流动资产,USD,53729000000.0,2024-04-28,,10-Q,2025,Q1
AssetsCurrent,balance_sheet,流动资产,USD,59633000000.0,2024-07-28,,10-Q,2025,Q2
AssetsCurrent,balance_sheet,流动资产,USD,67640000000.0,2024-10-27,,10-Q,2025,Q3
AssetsCurrent,balance_sheet,流动资产,USD,80126000000.0,2025-01-26,,10-K,2025,FY
AssetsCurrent,balance_sheet,流动资产,USD,80126000000.0,2025-01-26,,10-Q,2026,Q1
AssetsCurrent,balance_sheet,流动资产,USD,89935000000.0,2025-04-27,,10-Q,2026,Q1
CashAndCashEquivalentsAtCarryingValue,balance_sheet,现金及现金等价物,USD,847000000.0,2021-01-31,,10-K,2021,FY
CashAndCashEquivalentsAtCarryingValue,balance_sheet,现金及现金等价物,USD,847000000.0,2021-01-31,,10-Q,2022,Q1
CashAndCashEquivalentsAtCarryingValue,balance_sheet,现金及现金等价物,USD,847000000.0,2021-01-31,,10-Q,2022,Q2
CashAndCashEquivalentsAtCarryingValue,balance_sheet,现金及现金等价物,USD,847000000.0,2021-01-31,,10-Q,2022,Q3
CashAndCashEquivalentsAtCarryingValue,balance_sheet,现金及现金等价物,USD,847000000.0,2021-01-31,,10-K,2022,FY
CashAndCashEquivalentsAtCarryingValue,balance_sheet,现金及现金等价物,USD,978000000.0,2021-05-02,,10-Q,2022,Q1
CashAndCashEquivalentsAtCarryingValue,balance_sheet,现金及现金等价物,USD,5628000000.0,2021-08-01,,10-Q,2022,Q2
CashAndCashEquivalentsAtCarryingValue,balance_sheet,现金及现金等价物,USD,1288000000.0,2021-10-31,,10-Q,2022,Q3
CashAndCashEquivalentsAtCarryingValue,balance_sheet,现金及现金等价物,USD,1990000000.0,2022-01-30,,10-K,2022,FY
CashAndCashEquivalentsAtCarryingValue,balance_sheet,现金及现金等价物,USD,1990000000.0,2022-01-30,,10-Q,2023,Q1
CashAndCashEquivalentsAtCarryingValue,balance_sheet,现金及现金等价物,USD,1990000000.0,2022-01-30,,10-Q,2023,Q2
CashAndCashEquivalentsAtCarryingValue,balance_sheet,现金及现金等价物,USD,1990000000.0,2022-01-30,,10-Q,2023,Q3
CashAndCashEquivalentsAtCarryingValue,balance_sheet,现金及现金等价物,USD,1990000000.0,2022-01-30,,10-K,2023,FY
CashAndCashEquivalentsAtCarryingValue,balance_sheet,现金及现金等价物,USD,3887000000.0,2022-05-01,,10-Q,2023,Q1
CashAndCashEquivalentsAtCarryingValue,balance_sheet,现金及现金等价物,USD,3013000000.0,2022-07-31,,10-Q,2023,Q2
CashAndCashEquivalentsAtCarryingValue,balance_sheet,现金及现金等价物,USD,3013000000.0,2022-07-31,,10-Q,2024,Q2
CashAndCashEquivalentsAtCarryingValue,balance_sheet,现金及现金等价物,USD,2800000000.0,2022-10-30,,10-Q,2023,Q3
CashAndCashEquivalentsAtCarryingValue,balance_sheet,现金及现金等价物,USD,3389000000.0,2023-01-29,,10-K,2023,FY
CashAndCashEquivalentsAtCarryingValue,balance_sheet,现金及现金等价物,USD,3389000000.0,2023-01-29,,10-Q,2024,Q1
CashAndCashEquivalentsAtCarryingValue,balance_sheet,现金及现金等价物,USD,3389000000.0,2023-01-29,,10-Q,2024,Q2
CashAndCashEquivalentsAtCarryingValue,balance_sheet,现金及现金等价物,USD,3389000000.0,2023-01-29,,10-Q,2024,Q3
CashAndCashEquivalentsAtCarryingValue,balance_sheet,现金及现金等价物,USD,3389000000.0,2023-01-29,,10-K,2024,FY
CashAndCashEquivalentsAtCarryingValue,balance_sheet,现金及现金等价物,USD,5079000000.0,2023-04-30,,10-Q,2024,Q1
CashAndCashEquivalentsAtCarryingValue,balance_sheet,现金及现金等价物,USD,5783000000.0,2023-07-30,,10-Q,2024,Q2
CashAndCashEquivalentsAtCarryingValue,balance_sheet,现金及现金等价物,USD,5783000000.0,2023-07-30,,10-Q,2025,Q2
CashAndCashEquivalentsAtCarryingValue,balance_sheet,现金及现金等价物,USD,5519000000.0,2023-10-29,,10-Q,2024,Q3
CashAndCashEquivalentsAtCarryingValue,balance_sheet,现金及现金等价物,USD,7280000000.0,2024-01-28,,10-K,2024,FY
CashAndCashEquivalentsAtCarryingValue,balance_sheet,现金及现金等价物,USD,7280000000.0,2024-01-28,,10-Q,2025,Q1
CashAndCashEquivalentsAtCarryingValue,balance_sheet,现金及现金等价物,USD,7280000000.0,2024-01-28,,10-Q,2025,Q2
CashAndCashEquivalentsAtCarryingValue,balance_sheet,现金及现金等价物,USD,7280000000.0,2024-01-28,,10-Q,2025,Q3
CashAndCashEquivalentsAtCarryingValue,balance_sheet,现金及现金等价物,USD,7280000000.0,2024-01-28,,10-K,2025,FY
CashAndCashEquivalentsAtCarryingValue,balance_sheet,现金及现金等价物,USD,7587000000.0,2024-04-28,,10-Q,2025,Q1
CashAndCashEquivalentsAtCarryingValue,balance_sheet,现金及现金等价物,USD,8563000000.0,2024-07-28,,10-Q,2025,Q2
CashAndCashEquivalentsAtCarryingValue,balance_sheet,现金及现金等价物,USD,9107000000.0,2024-10-27,,10-Q,2025,Q3
CashAndCashEquivalentsAtCarryingValue,balance_sheet,现金及现金等价物,USD,8589000000.0,2025-01-26,,10-K,2025,FY
CashAndCashEquivalentsAtCarryingValue,balance_sheet,现金及现金等价物,USD,8589000000.0,2025-01-26,,10-Q,2026,Q1
CashAndCashEquivalentsAtCarryingValue,balance_sheet,现金及现金等价物,USD,15234000000.0,2025-04-27,,10-Q,2026,Q1
AccountsReceivableNetCurrent,balance_sheet,应收账款净额,USD,2429000000.0,2021-01-31,,10-K,2021,FY
AccountsReceivableNetCurrent,balance_sheet,应收账款净额,USD,2429000000.0,2021-01-31,,10-Q,2022,Q1
AccountsReceivableNetCurrent,balance_sheet,应收账款净额,USD,2429000000.0,2021-01-31,,10-Q,2022,Q2
AccountsReceivableNetCurrent,balance_sheet,应收账款净额,USD,2429000000.0,2021-01-31,,10-Q,2022,Q3
AccountsReceivableNetCurrent,balance_sheet,应收账款净额,USD,2429000000.0,2021-01-31,,10-K,2022,FY
AccountsReceivableNetCurrent,balance_sheet,应收账款净额,USD,3024000000.0,2021-05-02,,10-Q,2022,Q1
AccountsReceivableNetCurrent,balance_sheet,应收账款净额,USD,3586000000.0,2021-08-01,,10-Q,2022,Q2
AccountsReceivableNetCurrent,balance_sheet,应收账款净额,USD,3954000000.0,2021-10-31,,10-Q,2022,Q3
AccountsReceivableNetCurrent,balance_sheet,应收账款净额,USD,4650000000.0,2022-01-30,,10-K,2022,FY
AccountsReceivableNetCurrent,balance_sheet,应收账款净额,USD,4650000000.0,2022-01-30,,10-Q,2023,Q1
AccountsReceivableNetCurrent,balance_sheet,应收账款净额,USD,4650000000.0,2022-01-30,,10-Q,2023,Q2
AccountsReceivableNetCurrent,balance_sheet,应收账款净额,USD,4650000000.0,2022-01-30,,10-Q,2023,Q3
AccountsReceivableNetCurrent,balance_sheet,应收账款净额,USD,4650000000.0,2022-01-30,,10-K,2023,FY
AccountsReceivableNetCurrent,balance_sheet,应收账款净额,USD,5438000000.0,2022-05-01,,10-Q,2023,Q1
AccountsReceivableNetCurrent,balance_sheet,应收账款净额,USD,5317000000.0,2022-07-31,,10-Q,2023,Q2
AccountsReceivableNetCurrent,balance_sheet,应收账款净额,USD,4908000000.0,2022-10-30,,10-Q,2023,Q3
AccountsReceivableNetCurrent,balance_sheet,应收账款净额,USD,3827000000.0,2023-01-29,,10-K,2023,FY
AccountsReceivableNetCurrent,balance_sheet,应收账款净额,USD,3827000000.0,2023-01-29,,10-Q,2024,Q1
AccountsReceivableNetCurrent,balance_sheet,应收账款净额,USD,3827000000.0,2023-01-29,,10-Q,2024,Q2
AccountsReceivableNetCurrent,balance_sheet,应收账款净额,USD,3827000000.0,2023-01-29,,10-Q,2024,Q3
AccountsReceivableNetCurrent,balance_sheet,应收账款净额,USD,3827000000.0,2023-01-29,,10-K,2024,FY
AccountsReceivableNetCurrent,balance_sheet,应收账款净额,USD,4080000000.0,2023-04-30,,10-Q,2024,Q1
AccountsReceivableNetCurrent,balance_sheet,应收账款净额,USD,7066000000.0,2023-07-30,,10-Q,2024,Q2
AccountsReceivableNetCurrent,balance_sheet,应收账款净额,USD,8309000000.0,2023-10-29,,10-Q,2024,Q3
AccountsReceivableNetCurrent,balance_sheet,应收账款净额,USD,9999000000.0,2024-01-28,,10-K,2024,FY
AccountsReceivableNetCurrent,balance_sheet,应收账款净额,USD,9999000000.0,2024-01-28,,10-Q,2025,Q1
AccountsReceivableNetCurrent,balance_sheet,应收账款净额,USD,9999000000.0,2024-01-28,,10-Q,2025,Q2
AccountsReceivableNetCurrent,balance_sheet,应收账款净额,USD,9999000000.0,2024-01-28,,10-Q,2025,Q3
AccountsReceivableNetCurrent,balance_sheet,应收账款净额,USD,9999000000.0,2024-01-28,,10-K,2025,FY
AccountsReceivableNetCurrent,balance_sheet,应收账款净额,USD,12365000000.0,2024-04-28,,10-Q,2025,Q1
AccountsReceivableNetCurrent,balance_sheet,应收账款净额,USD,14132000000.0,2024-07-28,,10-Q,2025,Q2
AccountsReceivableNetCurrent,balance_sheet,应收账款净额,USD,17693000000.0,2024-10-27,,10-Q,2025,Q3
AccountsReceivableNetCurrent,balance_sheet,应收账款净额,USD,23065000000.0,2025-01-26,,10-K,2025,FY
AccountsReceivableNetCurrent,balance_sheet,应收账款净额,USD,23065000000.0,2025-01-26,,10-Q,2026,Q1
AccountsReceivableNetCurrent,balance_sheet,应收账款净额,USD,22132000000.0,2025-04-27,,10-Q,2026,Q1
InventoryNet,balance_sheet,存货净额,USD,1826000000.0,2021-01-31,,10-K,2021,FY
InventoryNet,balance_sheet,存货净额,USD,1826000000.0,2021-01-31,,10-Q,2022,Q1
InventoryNet,balance_sheet,存货净额,USD,1826000000.0,2021-01-31,,10-Q,2022,Q2
InventoryNet,balance_sheet,存货净额,USD,1826000000.0,2021-01-31,,10-Q,2022,Q3
InventoryNet,balance_sheet,存货净额,USD,1826000000.0,2021-01-31,,10-K,2022,FY
InventoryNet,balance_sheet,存货净额,USD,1992000000.0,2021-05-02,,10-Q,2022,Q1
InventoryNet,balance_sheet,存货净额,USD,2114000000.0,2021-08-01,,10-Q,2022,Q2
InventoryNet,balance_sheet,存货净额,USD,2233000000.0,2021-10-31,,10-Q,2022,Q3
InventoryNet,balance_sheet,存货净额,USD,2605000000.0,2022-01-30,,10-K,2022,FY
InventoryNet,balance_sheet,存货净额,USD,2605000000.0,2022-01-30,,10-Q,2023,Q1
InventoryNet,balance_sheet,存货净额,USD,2605000000.0,2022-01-30,,10-Q,2023,Q2
InventoryNet,balance_sheet,存货净额,USD,2605000000.0,2022-01-30,,10-Q,2023,Q3
InventoryNet,balance_sheet,存货净额,USD,2605000000.0,2022-01-30,,10-K,2023,FY
InventoryNet,balance_sheet,存货净额,USD,3163000000.0,2022-05-01,,10-Q,2023,Q1
InventoryNet,balance_sheet,存货净额,USD,3889000000.0,2022-07-31,,10-Q,2023,Q2
InventoryNet,balance_sheet,存货净额,USD,4454000000.0,2022-10-30,,10-Q,2023,Q3
InventoryNet,balance_sheet,存货净额,USD,5159000000.0,2023-01-29,,10-K,2023,FY
InventoryNet,balance_sheet,存货净额,USD,5159000000.0,2023-01-29,,10-Q,2024,Q1
InventoryNet,balance_sheet,存货净额,USD,5159000000.0,2023-01-29,,10-Q,2024,Q2
InventoryNet,balance_sheet,存货净额,USD,5159000000.0,2023-01-29,,10-Q,2024,Q3
InventoryNet,balance_sheet,存货净额,USD,5159000000.0,2023-01-29,,10-K,2024,FY
InventoryNet,balance_sheet,存货净额,USD,4611000000.0,2023-04-30,,10-Q,2024,Q1
InventoryNet,balance_sheet,存货净额,USD,4319000000.0,2023-07-30,,10-Q,2024,Q2
InventoryNet,balance_sheet,存货净额,USD,4779000000.0,2023-10-29,,10-Q,2024,Q3
InventoryNet,balance_sheet,存货净额,USD,5282000000.0,2024-01-28,,10-K,2024,FY
InventoryNet,balance_sheet,存货净额,USD,5282000000.0,2024-01-28,,10-Q,2025,Q1
InventoryNet,balance_sheet,存货净额,USD,5282000000.0,2024-01-28,,10-Q,2025,Q2
InventoryNet,balance_sheet,存货净额,USD,5282000000.0,2024-01-28,,10-Q,2025,Q3
InventoryNet,balance_sheet,存货净额,USD,5282000000.0,2024-01-28,,10-K,2025,FY
InventoryNet,balance_sheet,存货净额,USD,5864000000.0,2024-04-28,,10-Q,2025,Q1
InventoryNet,balance_sheet,存货净额,USD,6675000000.0,2024-07-28,,10-Q,2025,Q2
InventoryNet,balance_sheet,存货净额,USD,7654000000.0,2024-10-27,,10-Q,2025,Q3
InventoryNet,balance_sheet,存货净额,USD,10080000000.0,2025-01-26,,10-K,2025,FY
InventoryNet,balance_sheet,存货净额,USD,10080000000.0,2025-01-26,,10-Q,2026,Q1
InventoryNet,balance_sheet,存货净额,USD,11333000000.0,2025-04-27,,10-Q,2026,Q1
Liabilities,balance_sheet,总负债,USD,11898000000.0,2021-01-31,,10-K,2021,FY
Liabilities,balance_sheet,总负债,USD,11898000000.0,2021-01-31,,10-Q,2022,Q1
Liabilities,balance_sheet,总负债,USD,11898000000.0,2021-01-31,,10-Q,2022,Q2
Liabilities,balance_sheet,总负债,USD,11898000000.0,2021-01-31,,10-Q,2022,Q3
Liabilities,balance_sheet,总负债,USD,11898000000.0,2021-01-31,,10-K,2022,FY
Liabilities,balance_sheet,总负债,USD,12022000000.0,2021-05-02,,10-Q,2022,Q1
Liabilities,balance_sheet,总负债,USD,17503000000.0,2021-08-01,,10-Q,2022,Q2
Liabilities,balance_sheet,总负债,USD,16834000000.0,2021-10-31,,10-Q,2022,Q3
Liabilities,balance_sheet,总负债,USD,17575000000.0,2022-01-30,,10-K,2022,FY
Liabilities,balance_sheet,总负债,USD,17575000000.0,2022-01-30,,10-Q,2023,Q1
Liabilities,balance_sheet,总负债,USD,17575000000.0,2022-01-30,,10-Q,2023,Q2
Liabilities,balance_sheet,总负债,USD,17575000000.0,2022-01-30,,10-Q,2023,Q3
Liabilities,balance_sheet,总负债,USD,17575000000.0,2022-01-30,,10-K,2023,FY
Liabilities,balance_sheet,总负债,USD,18892000000.0,2022-05-01,,10-Q,2023,Q1
Liabilities,balance_sheet,总负债,USD,19625000000.0,2022-07-31,,10-Q,2023,Q2
Liabilities,balance_sheet,总负债,USD,19139000000.0,2022-10-30,,10-Q,2023,Q3
Liabilities,balance_sheet,总负债,USD,19081000000.0,2023-01-29,,10-K,2023,FY
Liabilities,balance_sheet,总负债,USD,19081000000.0,2023-01-29,,10-Q,2024,Q1
Liabilities,balance_sheet,总负债,USD,19081000000.0,2023-01-29,,10-Q,2024,Q2
Liabilities,balance_sheet,总负债,USD,19081000000.0,2023-01-29,,10-Q,2024,Q3
Liabilities,balance_sheet,总负债,USD,19081000000.0,2023-01-29,,10-K,2024,FY
Liabilities,balance_sheet,总负债,USD,19940000000.0,2023-04-30,,10-Q,2024,Q1
Liabilities,balance_sheet,总负债,USD,22054000000.0,2023-07-30,,10-Q,2024,Q2
Liabilities,balance_sheet,总负债,USD,20883000000.0,2023-10-29,,10-Q,2024,Q3
Liabilities,balance_sheet,总负债,USD,22750000000.0,2024-01-28,,10-K,2024,FY
Liabilities,balance_sheet,总负债,USD,22750000000.0,2024-01-28,,10-Q,2025,Q1
Liabilities,balance_sheet,总负债,USD,22750000000.0,2024-01-28,,10-Q,2025,Q2
Liabilities,balance_sheet,总负债,USD,22750000000.0,2024-01-28,,10-Q,2025,Q3
Liabilities,balance_sheet,总负债,USD,22750000000.0,2024-01-28,,10-K,2025,FY
Liabilities,balance_sheet,总负债,USD,27930000000.0,2024-04-28,,10-Q,2025,Q1
Liabilities,balance_sheet,总负债,USD,27070000000.0,2024-07-28,,10-Q,2025,Q2
Liabilities,balance_sheet,总负债,USD,30114000000.0,2024-10-27,,10-Q,2025,Q3
Liabilities,balance_sheet,总负债,USD,32274000000.0,2025-01-26,,10-K,2025,FY
Liabilities,balance_sheet,总负债,USD,32274000000.0,2025-01-26,,10-Q,2026,Q1
Liabilities,balance_sheet,总负债,USD,41411000000.0,2025-04-27,,10-Q,2026,Q1
LiabilitiesCurrent,balance_sheet,流动负债,USD,3925000000.0,2021-01-31,,10-K,2021,FY
LiabilitiesCurrent,balance_sheet,流动负债,USD,3925000000.0,2021-01-31,,10-Q,2022,Q1
LiabilitiesCurrent,balance_sheet,流动负债,USD,3925000000.0,2021-01-31,,10-Q,2022,Q2
LiabilitiesCurrent,balance_sheet,流动负债,USD,3925000000.0,2021-01-31,,10-Q,2022,Q3
LiabilitiesCurrent,balance_sheet,流动负债,USD,3925000000.0,2021-01-31,,10-K,2022,FY
LiabilitiesCurrent,balance_sheet,流动负债,USD,4004000000.0,2021-05-02,,10-Q,2022,Q1
LiabilitiesCurrent,balance_sheet,流动负债,USD,4448000000.0,2021-08-01,,10-Q,2022,Q2
LiabilitiesCurrent,balance_sheet,流动负债,USD,3612000000.0,2021-10-31,,10-Q,2022,Q3
LiabilitiesCurrent,balance_sheet,流动负债,USD,4335000000.0,2022-01-30,,10-K,2022,FY
LiabilitiesCurrent,balance_sheet,流动负债,USD,4335000000.0,2022-01-30,,10-Q,2023,Q1
LiabilitiesCurrent,balance_sheet,流动负债,USD,4335000000.0,2022-01-30,,10-Q,2023,Q2
LiabilitiesCurrent,balance_sheet,流动负债,USD,4335000000.0,2022-01-30,,10-Q,2023,Q3
LiabilitiesCurrent,balance_sheet,流动负债,USD,4335000000.0,2022-01-30,,10-K,2023,FY
LiabilitiesCurrent,balance_sheet,流动负债,USD,5562000000.0,2022-05-01,,10-Q,2023,Q1
LiabilitiesCurrent,balance_sheet,流动负债,USD,7573000000.0,2022-07-31,,10-Q,2023,Q2
LiabilitiesCurrent,balance_sheet,流动负债,USD,6855000000.0,2022-10-30,,10-Q,2023,Q3
LiabilitiesCurrent,balance_sheet,流动负债,USD,6563000000.0,2023-01-29,,10-K,2023,FY
LiabilitiesCurrent,balance_sheet,流动负债,USD,6563000000.0,2023-01-29,,10-Q,2024,Q1
LiabilitiesCurrent,balance_sheet,流动负债,USD,6563000000.0,2023-01-29,,10-Q,2024,Q2
LiabilitiesCurrent,balance_sheet,流动负债,USD,6563000000.0,2023-01-29,,10-Q,2024,Q3
LiabilitiesCurrent,balance_sheet,流动负债,USD,6563000000.0,2023-01-29,,10-K,2024,FY
LiabilitiesCurrent,balance_sheet,流动负债,USD,7260000000.0,2023-04-30,,10-Q,2024,Q1
LiabilitiesCurrent,balance_sheet,流动负债,USD,10334000000.0,2023-07-30,,10-Q,2024,Q2
LiabilitiesCurrent,balance_sheet,流动负债,USD,9101000000.0,2023-10-29,,10-Q,2024,Q3
LiabilitiesCurrent,balance_sheet,流动负债,USD,10631000000.0,2024-01-28,,10-K,2024,FY
LiabilitiesCurrent,balance_sheet,流动负债,USD,10631000000.0,2024-01-28,,10-Q,2025,Q1
LiabilitiesCurrent,balance_sheet,流动负债,USD,10631000000.0,2024-01-28,,10-Q,2025,Q2
LiabilitiesCurrent,balance_sheet,流动负债,USD,10631000000.0,2024-01-28,,10-Q,2025,Q3
LiabilitiesCurrent,balance_sheet,流动负债,USD,10631000000.0,2024-01-28,,10-K,2025,FY
LiabilitiesCurrent,balance_sheet,流动负债,USD,15223000000.0,2024-04-28,,10-Q,2025,Q1
LiabilitiesCurrent,balance_sheet,流动负债,USD,13969000000.0,2024-07-28,,10-Q,2025,Q2
LiabilitiesCurrent,balance_sheet,流动负债,USD,16479000000.0,2024-10-27,,10-Q,2025,Q3
LiabilitiesCurrent,balance_sheet,流动负债,USD,18047000000.0,2025-01-26,,10-K,2025,FY
LiabilitiesCurrent,balance_sheet,流动负债,USD,18047000000.0,2025-01-26,,10-Q,2026,Q1
LiabilitiesCurrent,balance_sheet,流动负债,USD,26542000000.0,2025-04-27,,10-Q,2026,Q1
AccountsPayableCurrent,balance_sheet,应付账款,USD,1201000000.0,2021-01-31,,10-K,2021,FY
AccountsPayableCurrent,balance_sheet,应付账款,USD,1201000000.0,2021-01-31,,10-Q,2022,Q1
AccountsPayableCurrent,balance_sheet,应付账款,USD,1201000000.0,2021-01-31,,10-Q,2022,Q2
AccountsPayableCurrent,balance_sheet,应付账款,USD,1201000000.0,2021-01-31,,10-Q,2022,Q3
AccountsPayableCurrent,balance_sheet,应付账款,USD,1149000000.0,2021-01-31,,10-K,2022,FY
AccountsPayableCurrent,balance_sheet,应付账款,USD,1218000000.0,2021-05-02,,10-Q,2022,Q1
AccountsPayableCurrent,balance_sheet,应付账款,USD,1474000000.0,2021-08-01,,10-Q,2022,Q2
AccountsPayableCurrent,balance_sheet,应付账款,USD,1664000000.0,2021-10-31,,10-Q,2022,Q3
AccountsPayableCurrent,balance_sheet,应付账款,USD,1783000000.0,2022-01-30,,10-K,2022,FY
AccountsPayableCurrent,balance_sheet,应付账款,USD,1783000000.0,2022-01-30,,10-Q,2023,Q1
AccountsPayableCurrent,balance_sheet,应付账款,USD,1783000000.0,2022-01-30,,10-Q,2023,Q2
AccountsPayableCurrent,balance_sheet,应付账款,USD,1783000000.0,2022-01-30,,10-Q,2023,Q3
AccountsPayableCurrent,balance_sheet,应付账款,USD,1783000000.0,2022-01-30,,10-K,2023,FY
AccountsPayableCurrent,balance_sheet,应付账款,USD,1999000000.0,2022-05-01,,10-Q,2023,Q1
AccountsPayableCurrent,balance_sheet,应付账款,USD,2421000000.0,2022-07-31,,10-Q,2023,Q2
AccountsPayableCurrent,balance_sheet,应付账款,USD,1491000000.0,2022-10-30,,10-Q,2023,Q3
AccountsPayableCurrent,balance_sheet,应付账款,USD,1193000000.0,2023-01-29,,10-K,2023,FY
AccountsPayableCurrent,balance_sheet,应付账款,USD,1193000000.0,2023-01-29,,10-Q,2024,Q1
AccountsPayableCurrent,balance_sheet,应付账款,USD,1193000000.0,2023-01-29,,10-Q,2024,Q2
AccountsPayableCurrent,balance_sheet,应付账款,USD,1193000000.0,2023-01-29,,10-Q,2024,Q3
AccountsPayableCurrent,balance_sheet,应付账款,USD,1193000000.0,2023-01-29,,10-K,2024,FY
AccountsPayableCurrent,balance_sheet,应付账款,USD,1141000000.0,2023-04-30,,10-Q,2024,Q1
AccountsPayableCurrent,balance_sheet,应付账款,USD,1929000000.0,2023-07-30,,10-Q,2024,Q2
AccountsPayableCurrent,balance_sheet,应付账款,USD,2380000000.0,2023-10-29,,10-Q,2024,Q3
AccountsPayableCurrent,balance_sheet,应付账款,USD,2699000000.0,2024-01-28,,10-K,2024,FY
AccountsPayableCurrent,balance_sheet,应付账款,USD,2699000000.0,2024-01-28,,10-Q,2025,Q1
AccountsPayableCurrent,balance_sheet,应付账款,USD,2699000000.0,2024-01-28,,10-Q,2025,Q2
AccountsPayableCurrent,balance_sheet,应付账款,USD,2699000000.0,2024-01-28,,10-Q,2025,Q3
AccountsPayableCurrent,balance_sheet,应付账款,USD,2699000000.0,2024-01-28,,10-K,2025,FY
AccountsPayableCurrent,balance_sheet,应付账款,USD,2715000000.0,2024-04-28,,10-Q,2025,Q1
AccountsPayableCurrent,balance_sheet,应付账款,USD,3680000000.0,2024-07-28,,10-Q,2025,Q2
AccountsPayableCurrent,balance_sheet,应付账款,USD,5353000000.0,2024-10-27,,10-Q,2025,Q3
AccountsPayableCurrent,balance_sheet,应付账款,USD,6310000000.0,2025-01-26,,10-K,2025,FY
AccountsPayableCurrent,balance_sheet,应付账款,USD,6310000000.0,2025-01-26,,10-Q,2026,Q1
AccountsPayableCurrent,balance_sheet,应付账款,USD,7331000000.0,2025-04-27,,10-Q,2026,Q1
LongTermDebtNoncurrent,balance_sheet,长期债务,USD,5964000000.0,2021-01-31,,10-K,2021,FY
LongTermDebtNoncurrent,balance_sheet,长期债务,USD,5964000000.0,2021-01-31,,10-Q,2022,Q1
LongTermDebtNoncurrent,balance_sheet,长期债务,USD,5964000000.0,2021-01-31,,10-Q,2022,Q2
LongTermDebtNoncurrent,balance_sheet,长期债务,USD,5964000000.0,2021-01-31,,10-Q,2022,Q3
LongTermDebtNoncurrent,balance_sheet,长期债务,USD,5964000000.0,2021-01-31,,10-K,2022,FY
LongTermDebtNoncurrent,balance_sheet,长期债务,USD,5964000000.0,2021-05-02,,10-Q,2022,Q1
LongTermDebtNoncurrent,balance_sheet,长期债务,USD,10943000000.0,2021-08-01,,10-Q,2022,Q2
LongTermDebtNoncurrent,balance_sheet,长期债务,USD,10944000000.0,2021-10-31,,10-Q,2022,Q3
LongTermDebtNoncurrent,balance_sheet,长期债务,USD,10946000000.0,2022-01-30,,10-K,2022,FY
LongTermDebtNoncurrent,balance_sheet,长期债务,USD,10946000000.0,2022-01-30,,10-Q,2023,Q1
LongTermDebtNoncurrent,balance_sheet,长期债务,USD,10946000000.0,2022-01-30,,10-Q,2023,Q2
LongTermDebtNoncurrent,balance_sheet,长期债务,USD,10946000000.0,2022-01-30,,10-Q,2023,Q3
LongTermDebtNoncurrent,balance_sheet,长期债务,USD,10946000000.0,2022-01-30,,10-K,2023,FY
LongTermDebtNoncurrent,balance_sheet,长期债务,USD,10947000000.0,2022-05-01,,10-Q,2023,Q1
LongTermDebtNoncurrent,balance_sheet,长期债务,USD,9700000000.0,2022-07-31,,10-Q,2023,Q2
LongTermDebtNoncurrent,balance_sheet,长期债务,USD,9701000000.0,2022-10-30,,10-Q,2023,Q3
LongTermDebtNoncurrent,balance_sheet,长期债务,USD,9703000000.0,2023-01-29,,10-K,2023,FY
LongTermDebtNoncurrent,balance_sheet,长期债务,USD,9703000000.0,2023-01-29,,10-Q,2024,Q1
LongTermDebtNoncurrent,balance_sheet,长期债务,USD,9703000000.0,2023-01-29,,10-Q,2024,Q2
LongTermDebtNoncurrent,balance_sheet,长期债务,USD,9703000000.0,2023-01-29,,10-Q,2024,Q3
LongTermDebtNoncurrent,balance_sheet,长期债务,USD,9703000000.0,2023-01-29,,10-K,2024,FY
LongTermDebtNoncurrent,balance_sheet,长期债务,USD,9704000000.0,2023-04-30,,10-Q,2024,Q1
LongTermDebtNoncurrent,balance_sheet,长期债务,USD,8456000000.0,2023-07-30,,10-Q,2024,Q2
LongTermDebtNoncurrent,balance_sheet,长期债务,USD,8457000000.0,2023-10-29,,10-Q,2024,Q3
LongTermDebtNoncurrent,balance_sheet,长期债务,USD,8459000000.0,2024-01-28,,10-K,2024,FY
LongTermDebtNoncurrent,balance_sheet,长期债务,USD,8459000000.0,2024-01-28,,10-Q,2025,Q1
LongTermDebtNoncurrent,balance_sheet,长期债务,USD,8459000000.0,2024-01-28,,10-Q,2025,Q2
LongTermDebtNoncurrent,balance_sheet,长期债务,USD,8459000000.0,2024-01-28,,10-Q,2025,Q3
LongTermDebtNoncurrent,balance_sheet,长期债务,USD,8459000000.0,2024-01-28,,10-K,2025,FY
LongTermDebtNoncurrent,balance_sheet,长期债务,USD,8460000000.0,2024-04-28,,10-Q,2025,Q1
LongTermDebtNoncurrent,balance_sheet,长期债务,USD,8461000000.0,2024-07-28,,10-Q,2025,Q2
LongTermDebtNoncurrent,balance_sheet,长期债务,USD,8462000000.0,2024-10-27,,10-Q,2025,Q3
LongTermDebtNoncurrent,balance_sheet,长期债务,USD,8463000000.0,2025-01-26,,10-K,2025,FY
LongTermDebtNoncurrent,balance_sheet,长期债务,USD,8463000000.0,2025-01-26,,10-Q,2026,Q1
LongTermDebtNoncurrent,balance_sheet,长期债务,USD,8464000000.0,2025-04-27,,10-Q,2026,Q1
StockholdersEquity,balance_sheet,股东权益,USD,16893000000.0,2021-01-31,,10-K,2021,FY
StockholdersEquity,balance_sheet,股东权益,USD,16893000000.0,2021-01-31,,10-Q,2022,Q1
StockholdersEquity,balance_sheet,股东权益,USD,16893000000.0,2021-01-31,,10-Q,2022,Q2
StockholdersEquity,balance_sheet,股东权益,USD,16893000000.0,2021-01-31,,10-Q,2022,Q3
StockholdersEquity,balance_sheet,股东权益,USD,16893000000.0,2021-01-31,,10-K,2022,FY
StockholdersEquity,balance_sheet,股东权益,USD,16893000000.0,2021-01-31,,10-Q,2023,Q1
StockholdersEquity,balance_sheet,股东权益,USD,16893000000.0,2021-01-31,,10-Q,2023,Q2
StockholdersEquity,balance_sheet,股东权益,USD,16893000000.0,2021-01-31,,10-Q,2023,Q3
StockholdersEquity,balance_sheet,股东权益,USD,16893000000.0,2021-01-31,,10-K,2023,FY
StockholdersEquity,balance_sheet,股东权益,USD,16893000000.0,2021-01-31,,10-K,2024,FY
StockholdersEquity,balance_sheet,股东权益,USD,18774000000.0,2021-05-02,,10-Q,2022,Q1
StockholdersEquity,balance_sheet,股东权益,USD,18774000000.0,2021-05-02,,10-Q,2022,Q2
StockholdersEquity,balance_sheet,股东权益,USD,18774000000.0,2021-05-02,,10-Q,2023,Q1
StockholdersEquity,balance_sheet,股东权益,USD,18774000000.0,2021-05-02,,10-Q,2023,Q2
StockholdersEquity,balance_sheet,股东权益,USD,21147000000.0,2021-08-01,,10-Q,2022,Q2
StockholdersEquity,balance_sheet,股东权益,USD,21147000000.0,2021-08-01,,10-Q,2022,Q3
StockholdersEquity,balance_sheet,股东权益,USD,21147000000.0,2021-08-01,,10-Q,2023,Q2
StockholdersEquity,balance_sheet,股东权益,USD,21147000000.0,2021-08-01,,10-Q,2023,Q3
StockholdersEquity,balance_sheet,股东权益,USD,23798000000.0,2021-10-31,,10-Q,2022,Q3
StockholdersEquity,balance_sheet,股东权益,USD,23798000000.0,2021-10-31,,10-Q,2023,Q3
StockholdersEquity,balance_sheet,股东权益,USD,26612000000.0,2022-01-30,,10-K,2022,FY
StockholdersEquity,balance_sheet,股东权益,USD,26612000000.0,2022-01-30,,10-Q,2023,Q1
StockholdersEquity,balance_sheet,股东权益,USD,26612000000.0,2022-01-30,,10-Q,2023,Q2
StockholdersEquity,balance_sheet,股东权益,USD,26612000000.0,2022-01-30,,10-Q,2023,Q3
StockholdersEquity,balance_sheet,股东权益,USD,26612000000.0,2022-01-30,,10-K,2023,FY
StockholdersEquity,balance_sheet,股东权益,USD,26612000000.0,2022-01-30,,10-Q,2024,Q1
StockholdersEquity,balance_sheet,股东权益,USD,26612000000.0,2022-01-30,,10-Q,2024,Q2
StockholdersEquity,balance_sheet,股东权益,USD,26612000000.0,2022-01-30,,10-Q,2024,Q3
StockholdersEquity,balance_sheet,股东权益,USD,26612000000.0,2022-01-30,,10-K,2024,FY
StockholdersEquity,balance_sheet,股东权益,USD,26612000000.0,2022-01-30,,10-K,2025,FY
StockholdersEquity,balance_sheet,股东权益,USD,26320000000.0,2022-05-01,,10-Q,2023,Q1
StockholdersEquity,balance_sheet,股东权益,USD,26320000000.0,2022-05-01,,10-Q,2023,Q2
StockholdersEquity,balance_sheet,股东权益,USD,26320000000.0,2022-05-01,,10-Q,2024,Q1
StockholdersEquity,balance_sheet,股东权益,USD,26320000000.0,2022-05-01,,10-Q,2024,Q2
StockholdersEquity,balance_sheet,股东权益,USD,23851000000.0,2022-07-31,,10-Q,2023,Q2
StockholdersEquity,balance_sheet,股东权益,USD,23851000000.0,2022-07-31,,10-Q,2023,Q3
StockholdersEquity,balance_sheet,股东权益,USD,23851000000.0,2022-07-31,,10-Q,2024,Q2
StockholdersEquity,balance_sheet,股东权益,USD,23851000000.0,2022-07-31,,10-Q,2024,Q3
StockholdersEquity,balance_sheet,股东权益,USD,21349000000.0,2022-10-30,,10-Q,2023,Q3
StockholdersEquity,balance_sheet,股东权益,USD,21349000000.0,2022-10-30,,10-Q,2024,Q3
StockholdersEquity,balance_sheet,股东权益,USD,22101000000.0,2023-01-29,,10-K,2023,FY
StockholdersEquity,balance_sheet,股东权益,USD,22101000000.0,2023-01-29,,10-Q,2024,Q1
StockholdersEquity,balance_sheet,股东权益,USD,22101000000.0,2023-01-29,,10-Q,2024,Q2
StockholdersEquity,balance_sheet,股东权益,USD,22101000000.0,2023-01-29,,10-Q,2024,Q3
StockholdersEquity,balance_sheet,股东权益,USD,22101000000.0,2023-01-29,,10-K,2024,FY
StockholdersEquity,balance_sheet,股东权益,USD,22101000000.0,2023-01-29,,10-Q,2025,Q1
StockholdersEquity,balance_sheet,股东权益,USD,22101000000.0,2023-01-29,,10-Q,2025,Q2
StockholdersEquity,balance_sheet,股东权益,USD,22101000000.0,2023-01-29,,10-Q,2025,Q3
StockholdersEquity,balance_sheet,股东权益,USD,22101000000.0,2023-01-29,,10-K,2025,FY
StockholdersEquity,balance_sheet,股东权益,USD,24520000000.0,2023-04-30,,10-Q,2024,Q1
StockholdersEquity,balance_sheet,股东权益,USD,24520000000.0,2023-04-30,,10-Q,2024,Q2
StockholdersEquity,balance_sheet,股东权益,USD,24520000000.0,2023-04-30,,10-Q,2025,Q1
StockholdersEquity,balance_sheet,股东权益,USD,24520000000.0,2023-04-30,,10-Q,2025,Q2
StockholdersEquity,balance_sheet,股东权益,USD,27501000000.0,2023-07-30,,10-Q,2024,Q2
StockholdersEquity,balance_sheet,股东权益,USD,27501000000.0,2023-07-30,,10-Q,2024,Q3
StockholdersEquity,balance_sheet,股东权益,USD,27501000000.0,2023-07-30,,10-Q,2025,Q2
StockholdersEquity,balance_sheet,股东权益,USD,27501000000.0,2023-07-30,,10-Q,2025,Q3
StockholdersEquity,balance_sheet,股东权益,USD,33265000000.0,2023-10-29,,10-Q,2024,Q3
StockholdersEquity,balance_sheet,股东权益,USD,33265000000.0,2023-10-29,,10-Q,2025,Q3
StockholdersEquity,balance_sheet,股东权益,USD,42978000000.0,2024-01-28,,10-K,2024,FY
StockholdersEquity,balance_sheet,股东权益,USD,42978000000.0,2024-01-28,,10-Q,2025,Q1
StockholdersEquity,balance_sheet,股东权益,USD,42978000000.0,2024-01-28,,10-Q,2025,Q2
StockholdersEquity,balance_sheet,股东权益,USD,42978000000.0,2024-01-28,,10-Q,2025,Q3
StockholdersEquity,balance_sheet,股东权益,USD,42978000000.0,2024-01-28,,10-K,2025,FY
StockholdersEquity,balance_sheet,股东权益,USD,42978000000.0,2024-01-28,,10-Q,2026,Q1
StockholdersEquity,balance_sheet,股东权益,USD,49142000000.0,2024-04-28,,10-Q,2025,Q1
StockholdersEquity,balance_sheet,股东权益,USD,49142000000.0,2024-04-28,,10-Q,2025,Q2
StockholdersEquity,balance_sheet,股东权益,USD,49142000000.0,2024-04-28,,10-Q,2026,Q1
StockholdersEquity,balance_sheet,股东权益,USD,58157000000.0,2024-07-28,,10-Q,2025,Q2
StockholdersEquity,balance_sheet,股东权益,USD,58157000000.0,2024-07-28,,10-Q,2025,Q3
StockholdersEquity,balance_sheet,股东权益,USD,65899000000.0,2024-10-27,,10-Q,2025,Q3
StockholdersEquity,balance_sheet,股东权益,USD,79327000000.0,2025-01-26,,10-K,2025,FY
StockholdersEquity,balance_sheet,股东权益,USD,79327000000.0,2025-01-26,,10-Q,2026,Q1
StockholdersEquity,balance_sheet,股东权益,USD,83843000000.0,2025-04-27,,10-Q,2026,Q1
CommonStockSharesIssued,balance_sheet,发行的普通股股数,shares,965000000.0,2021-01-31,,10-K,2021,FY
CommonStockSharesIssued,balance_sheet,发行的普通股股数,shares,3859000000.0,2021-01-31,,10-K,2022,FY
CommonStockSharesIssued,balance_sheet,发行的普通股股数,shares,2506000000.0,2022-01-30,,10-K,2022,FY
CommonStockSharesIssued,balance_sheet,发行的普通股股数,shares,2506000000.0,2022-01-30,,10-K,2023,FY
CommonStockSharesIssued,balance_sheet,发行的普通股股数,shares,2466000000.0,2023-01-29,,10-K,2023,FY
CommonStockSharesIssued,balance_sheet,发行的普通股股数,shares,2466000000.0,2023-01-29,,10-K,2024,FY
CommonStockSharesIssued,balance_sheet,发行的普通股股数,shares,2464000000.0,2024-01-28,,10-K,2024,FY
CommonStockSharesIssued,balance_sheet,发行的普通股股数,shares,24643000000.0,2024-01-28,,10-K,2025,FY
CommonStockSharesIssued,balance_sheet,发行的普通股股数,shares,24477000000.0,2025-01-26,,10-K,2025,FY
RetainedEarningsAccumulatedDeficit,balance_sheet,留存收益,USD,18908000000.0,2021-01-31,,10-K,2021,FY
RetainedEarningsAccumulatedDeficit,balance_sheet,留存收益,USD,18908000000.0,2021-01-31,,10-Q,2022,Q1
RetainedEarningsAccumulatedDeficit,balance_sheet,留存收益,USD,18908000000.0,2021-01-31,,10-Q,2022,Q2
RetainedEarningsAccumulatedDeficit,balance_sheet,留存收益,USD,18908000000.0,2021-01-31,,10-Q,2022,Q3
RetainedEarningsAccumulatedDeficit,balance_sheet,留存收益,USD,18908000000.0,2021-01-31,,10-K,2022,FY
RetainedEarningsAccumulatedDeficit,balance_sheet,留存收益,USD,20721000000.0,2021-05-02,,10-Q,2022,Q1
RetainedEarningsAccumulatedDeficit,balance_sheet,留存收益,USD,22995000000.0,2021-08-01,,10-Q,2022,Q2
RetainedEarningsAccumulatedDeficit,balance_sheet,留存收益,USD,25359000000.0,2021-10-31,,10-Q,2022,Q3
RetainedEarningsAccumulatedDeficit,balance_sheet,留存收益,USD,16235000000.0,2022-01-30,,10-K,2022,FY
RetainedEarningsAccumulatedDeficit,balance_sheet,留存收益,USD,16235000000.0,2022-01-30,,10-Q,2023,Q1
RetainedEarningsAccumulatedDeficit,balance_sheet,留存收益,USD,16235000000.0,2022-01-30,,10-Q,2023,Q2
RetainedEarningsAccumulatedDeficit,balance_sheet,留存收益,USD,16235000000.0,2022-01-30,,10-Q,2023,Q3
RetainedEarningsAccumulatedDeficit,balance_sheet,留存收益,USD,16235000000.0,2022-01-30,,10-K,2023,FY
RetainedEarningsAccumulatedDeficit,balance_sheet,留存收益,USD,15758000000.0,2022-05-01,,10-Q,2023,Q1
RetainedEarningsAccumulatedDeficit,balance_sheet,留存收益,USD,12971000000.0,2022-07-31,,10-Q,2023,Q2
RetainedEarningsAccumulatedDeficit,balance_sheet,留存收益,USD,9905000000.0,2022-10-30,,10-Q,2023,Q3
RetainedEarningsAccumulatedDeficit,balance_sheet,留存收益,USD,10171000000.0,2023-01-29,,10-K,2023,FY
RetainedEarningsAccumulatedDeficit,balance_sheet,留存收益,USD,10171000000.0,2023-01-29,,10-Q,2024,Q1
RetainedEarningsAccumulatedDeficit,balance_sheet,留存收益,USD,10171000000.0,2023-01-29,,10-Q,2024,Q2
RetainedEarningsAccumulatedDeficit,balance_sheet,留存收益,USD,10171000000.0,2023-01-29,,10-Q,2024,Q3
RetainedEarningsAccumulatedDeficit,balance_sheet,留存收益,USD,10171000000.0,2023-01-29,,10-K,2024,FY
RetainedEarningsAccumulatedDeficit,balance_sheet,留存收益,USD,12115000000.0,2023-04-30,,10-Q,2024,Q1
RetainedEarningsAccumulatedDeficit,balance_sheet,留存收益,USD,14921000000.0,2023-07-30,,10-Q,2024,Q2
RetainedEarningsAccumulatedDeficit,balance_sheet,留存收益,USD,20360000000.0,2023-10-29,,10-Q,2024,Q3
RetainedEarningsAccumulatedDeficit,balance_sheet,留存收益,USD,29817000000.0,2024-01-28,,10-K,2024,FY
RetainedEarningsAccumulatedDeficit,balance_sheet,留存收益,USD,29817000000.0,2024-01-28,,10-Q,2025,Q1
RetainedEarningsAccumulatedDeficit,balance_sheet,留存收益,USD,29817000000.0,2024-01-28,,10-Q,2025,Q2
RetainedEarningsAccumulatedDeficit,balance_sheet,留存收益,USD,29817000000.0,2024-01-28,,10-Q,2025,Q3
RetainedEarningsAccumulatedDeficit,balance_sheet,留存收益,USD,29817000000.0,2024-01-28,,10-K,2025,FY
RetainedEarningsAccumulatedDeficit,balance_sheet,留存收益,USD,36598000000.0,2024-04-28,,10-Q,2025,Q1
RetainedEarningsAccumulatedDeficit,balance_sheet,留存收益,USD,45961000000.0,2024-07-28,,10-Q,2025,Q2
RetainedEarningsAccumulatedDeficit,balance_sheet,留存收益,USD,53950000000.0,2024-10-27,,10-Q,2025,Q3
RetainedEarningsAccumulatedDeficit,balance_sheet,留存收益,USD,68038000000.0,2025-01-26,,10-K,2025,FY
RetainedEarningsAccumulatedDeficit,balance_sheet,留存收益,USD,68038000000.0,2025-01-26,,10-Q,2026,Q1
RetainedEarningsAccumulatedDeficit,balance_sheet,留存收益,USD,72158000000.0,2025-04-27,,10-Q,2026,Q1
NetCashProvidedByUsedInOperatingActivities,cash_flow,经营活动现金流,USD,5822000000.0,2021-01-31,2020-01-27,10-K,2021,FY
NetCashProvidedByUsedInOperatingActivities,cash_flow,经营活动现金流,USD,5822000000.0,2021-01-31,2020-01-27,10-K,2022,FY
NetCashProvidedByUsedInOperatingActivities,cash_flow,经营活动现金流,USD,5822000000.0,2021-01-31,2020-01-27,10-K,2023,FY
NetCashProvidedByUsedInOperatingActivities,cash_flow,经营活动现金流,USD,1874000000.0,2021-05-02,2021-02-01,10-Q,2022,Q1
NetCashProvidedByUsedInOperatingActivities,cash_flow,经营活动现金流,USD,1874000000.0,2021-05-02,2021-02-01,10-Q,2023,Q1
NetCashProvidedByUsedInOperatingActivities,cash_flow,经营活动现金流,USD,4556000000.0,2021-08-01,2021-02-01,10-Q,2022,Q2
NetCashProvidedByUsedInOperatingActivities,cash_flow,经营活动现金流,USD,4556000000.0,2021-08-01,2021-02-01,10-Q,2023,Q2
NetCashProvidedByUsedInOperatingActivities,cash_flow,经营活动现金流,USD,6075000000.0,2021-10-31,2021-02-01,10-Q,2022,Q3
NetCashProvidedByUsedInOperatingActivities,cash_flow,经营活动现金流,USD,6075000000.0,2021-10-31,2021-02-01,10-Q,2023,Q3
NetCashProvidedByUsedInOperatingActivities,cash_flow,经营活动现金流,USD,9108000000.0,2022-01-30,2021-02-01,10-K,2022,FY
NetCashProvidedByUsedInOperatingActivities,cash_flow,经营活动现金流,USD,9108000000.0,2022-01-30,2021-02-01,10-K,2023,FY
NetCashProvidedByUsedInOperatingActivities,cash_flow,经营活动现金流,USD,9108000000.0,2022-01-30,2021-02-01,10-K,2024,FY
NetCashProvidedByUsedInOperatingActivities,cash_flow,经营活动现金流,USD,1731000000.0,2022-05-01,2022-01-31,10-Q,2023,Q1
NetCashProvidedByUsedInOperatingActivities,cash_flow,经营活动现金流,USD,1731000000.0,2022-05-01,2022-01-31,10-Q,2024,Q1
NetCashProvidedByUsedInOperatingActivities,cash_flow,经营活动现金流,USD,3001000000.0,2022-07-31,2022-01-31,10-Q,2023,Q2
NetCashProvidedByUsedInOperatingActivities,cash_flow,经营活动现金流,USD,3001000000.0,2022-07-31,2022-01-31,10-Q,2024,Q2
NetCashProvidedByUsedInOperatingActivities,cash_flow,经营活动现金流,USD,3393000000.0,2022-10-30,2022-01-31,10-Q,2023,Q3
NetCashProvidedByUsedInOperatingActivities,cash_flow,经营活动现金流,USD,3393000000.0,2022-10-30,2022-01-31,10-Q,2024,Q3
NetCashProvidedByUsedInOperatingActivities,cash_flow,经营活动现金流,USD,5641000000.0,2023-01-29,2022-01-31,10-K,2023,FY
NetCashProvidedByUsedInOperatingActivities,cash_flow,经营活动现金流,USD,5641000000.0,2023-01-29,2022-01-31,10-K,2024,FY
NetCashProvidedByUsedInOperatingActivities,cash_flow,经营活动现金流,USD,5641000000.0,2023-01-29,2022-01-31,10-K,2025,FY
NetCashProvidedByUsedInOperatingActivities,cash_flow,经营活动现金流,USD,2911000000.0,2023-04-30,2023-01-30,10-Q,2024,Q1
NetCashProvidedByUsedInOperatingActivities,cash_flow,经营活动现金流,USD,2911000000.0,2023-04-30,2023-01-30,10-Q,2025,Q1
NetCashProvidedByUsedInOperatingActivities,cash_flow,经营活动现金流,USD,9259000000.0,2023-07-30,2023-01-30,10-Q,2024,Q2
NetCashProvidedByUsedInOperatingActivities,cash_flow,经营活动现金流,USD,9259000000.0,2023-07-30,2023-01-30,10-Q,2025,Q2
NetCashProvidedByUsedInOperatingActivities,cash_flow,经营活动现金流,USD,16591000000.0,2023-10-29,2023-01-30,10-Q,2024,Q3
NetCashProvidedByUsedInOperatingActivities,cash_flow,经营活动现金流,USD,16591000000.0,2023-10-29,2023-01-30,10-Q,2025,Q3
NetCashProvidedByUsedInOperatingActivities,cash_flow,经营活动现金流,USD,28090000000.0,2024-01-28,2023-01-30,10-K,2024,FY
NetCashProvidedByUsedInOperatingActivities,cash_flow,经营活动现金流,USD,28090000000.0,2024-01-28,2023-01-30,10-K,2025,FY
NetCashProvidedByUsedInOperatingActivities,cash_flow,经营活动现金流,USD,15345000000.0,2024-04-28,2024-01-29,10-Q,2025,Q1
NetCashProvidedByUsedInOperatingActivities,cash_flow,经营活动现金流,USD,15345000000.0,2024-04-28,2024-01-29,10-Q,2026,Q1
NetCashProvidedByUsedInOperatingActivities,cash_flow,经营活动现金流,USD,29833000000.0,2024-07-28,2024-01-29,10-Q,2025,Q2
NetCashProvidedByUsedInOperatingActivities,cash_flow,经营活动现金流,USD,47460000000.0,2024-10-27,2024-01-29,10-Q,2025,Q3
NetCashProvidedByUsedInOperatingActivities,cash_flow,经营活动现金流,USD,64089000000.0,2025-01-26,2024-01-29,10-K,2025,FY
NetCashProvidedByUsedInOperatingActivities,cash_flow,经营活动现金流,USD,27414000000.0,2025-04-27,2025-01-27,10-Q,2026,Q1
NetCashProvidedByUsedInInvestingActivities,cash_flow,投资活动现金流,USD,-19675000000.0,2021-01-31,2020-01-27,10-K,2021,FY
NetCashProvidedByUsedInInvestingActivities,cash_flow,投资活动现金流,USD,-19675000000.0,2021-01-31,2020-01-27,10-K,2022,FY
NetCashProvidedByUsedInInvestingActivities,cash_flow,投资活动现金流,USD,-19675000000.0,2021-01-31,2020-01-27,10-K,2023,FY
NetCashProvidedByUsedInInvestingActivities,cash_flow,投资活动现金流,USD,-1272000000.0,2021-05-02,2021-02-01,10-Q,2022,Q1
NetCashProvidedByUsedInInvestingActivities,cash_flow,投资活动现金流,USD,-1272000000.0,2021-05-02,2021-02-01,10-Q,2023,Q1
NetCashProvidedByUsedInInvestingActivities,cash_flow,投资活动现金流,USD,-3805000000.0,2021-08-01,2021-02-01,10-Q,2022,Q2
NetCashProvidedByUsedInInvestingActivities,cash_flow,投资活动现金流,USD,-3805000000.0,2021-08-01,2021-02-01,10-Q,2023,Q2
NetCashProvidedByUsedInInvestingActivities,cash_flow,投资活动现金流,USD,-8244000000.0,2021-10-31,2021-02-01,10-Q,2022,Q3
NetCashProvidedByUsedInInvestingActivities,cash_flow,投资活动现金流,USD,-8244000000.0,2021-10-31,2021-02-01,10-Q,2023,Q3
NetCashProvidedByUsedInInvestingActivities,cash_flow,投资活动现金流,USD,-9830000000.0,2022-01-30,2021-02-01,10-K,2022,FY
NetCashProvidedByUsedInInvestingActivities,cash_flow,投资活动现金流,USD,-9830000000.0,2022-01-30,2021-02-01,10-K,2023,FY
NetCashProvidedByUsedInInvestingActivities,cash_flow,投资活动现金流,USD,-9830000000.0,2022-01-30,2021-02-01,10-K,2024,FY
NetCashProvidedByUsedInInvestingActivities,cash_flow,投资活动现金流,USD,2612000000.0,2022-05-01,2022-01-31,10-Q,2023,Q1
NetCashProvidedByUsedInInvestingActivities,cash_flow,投资活动现金流,USD,2612000000.0,2022-05-01,2022-01-31,10-Q,2024,Q1
NetCashProvidedByUsedInInvestingActivities,cash_flow,投资活动现金流,USD,4230000000.0,2022-07-31,2022-01-31,10-Q,2023,Q2
NetCashProvidedByUsedInInvestingActivities,cash_flow,投资活动现金流,USD,4230000000.0,2022-07-31,2022-01-31,10-Q,2024,Q2
NetCashProvidedByUsedInInvestingActivities,cash_flow,投资活动现金流,USD,7378000000.0,2022-10-30,2022-01-31,10-Q,2023,Q3
NetCashProvidedByUsedInInvestingActivities,cash_flow,投资活动现金流,USD,7378000000.0,2022-10-30,2022-01-31,10-Q,2024,Q3
NetCashProvidedByUsedInInvestingActivities,cash_flow,投资活动现金流,USD,7375000000.0,2023-01-29,2022-01-31,10-K,2023,FY
NetCashProvidedByUsedInInvestingActivities,cash_flow,投资活动现金流,USD,7375000000.0,2023-01-29,2022-01-31,10-K,2024,FY
NetCashProvidedByUsedInInvestingActivities,cash_flow,投资活动现金流,USD,7375000000.0,2023-01-29,2022-01-31,10-K,2025,FY
NetCashProvidedByUsedInInvestingActivities,cash_flow,投资活动现金流,USD,-841000000.0,2023-04-30,2023-01-30,10-Q,2024,Q1
NetCashProvidedByUsedInInvestingActivities,cash_flow,投资活动现金流,USD,-841000000.0,2023-04-30,2023-01-30,10-Q,2025,Q1
NetCashProvidedByUsedInInvestingActivities,cash_flow,投资活动现金流,USD,-1287000000.0,2023-07-30,2023-01-30,10-Q,2024,Q2
NetCashProvidedByUsedInInvestingActivities,cash_flow,投资活动现金流,USD,-1287000000.0,2023-07-30,2023-01-30,10-Q,2025,Q2
NetCashProvidedByUsedInInvestingActivities,cash_flow,投资活动现金流,USD,-4457000000.0,2023-10-29,2023-01-30,10-Q,2024,Q3
NetCashProvidedByUsedInInvestingActivities,cash_flow,投资活动现金流,USD,-4457000000.0,2023-10-29,2023-01-30,10-Q,2025,Q3
NetCashProvidedByUsedInInvestingActivities,cash_flow,投资活动现金流,USD,-10566000000.0,2024-01-28,2023-01-30,10-K,2024,FY
NetCashProvidedByUsedInInvestingActivities,cash_flow,投资活动现金流,USD,-10566000000.0,2024-01-28,2023-01-30,10-K,2025,FY
NetCashProvidedByUsedInInvestingActivities,cash_flow,投资活动现金流,USD,-5693000000.0,2024-04-28,2024-01-29,10-Q,2025,Q1
NetCashProvidedByUsedInInvestingActivities,cash_flow,投资活动现金流,USD,-5693000000.0,2024-04-28,2024-01-29,10-Q,2026,Q1
NetCashProvidedByUsedInInvestingActivities,cash_flow,投资活动现金流,USD,-8877000000.0,2024-07-28,2024-01-29,10-Q,2025,Q2
NetCashProvidedByUsedInInvestingActivities,cash_flow,投资活动现金流,USD,-13223000000.0,2024-10-27,2024-01-29,10-Q,2025,Q3
NetCashProvidedByUsedInInvestingActivities,cash_flow,投资活动现金流,USD,-20421000000.0,2025-01-26,2024-01-29,10-K,2025,FY
NetCashProvidedByUsedInInvestingActivities,cash_flow,投资活动现金流,USD,-5216000000.0,2025-04-27,2025-01-27,10-Q,2026,Q1
NetCashProvidedByUsedInFinancingActivities,cash_flow,筹资活动现金流,USD,3804000000.0,2021-01-31,2020-01-27,10-K,2021,FY
NetCashProvidedByUsedInFinancingActivities,cash_flow,筹资活动现金流,USD,3804000000.0,2021-01-31,2020-01-27,10-K,2022,FY
NetCashProvidedByUsedInFinancingActivities,cash_flow,筹资活动现金流,USD,3804000000.0,2021-01-31,2020-01-27,10-K,2023,FY
NetCashProvidedByUsedInFinancingActivities,cash_flow,筹资活动现金流,USD,-471000000.0,2021-05-02,2021-02-01,10-Q,2022,Q1
NetCashProvidedByUsedInFinancingActivities,cash_flow,筹资活动现金流,USD,-471000000.0,2021-05-02,2021-02-01,10-Q,2023,Q1
NetCashProvidedByUsedInFinancingActivities,cash_flow,筹资活动现金流,USD,4030000000.0,2021-08-01,2021-02-01,10-Q,2022,Q2
NetCashProvidedByUsedInFinancingActivities,cash_flow,筹资活动现金流,USD,4030000000.0,2021-08-01,2021-02-01,10-Q,2023,Q2
NetCashProvidedByUsedInFinancingActivities,cash_flow,筹资活动现金流,USD,2610000000.0,2021-10-31,2021-02-01,10-Q,2022,Q3
NetCashProvidedByUsedInFinancingActivities,cash_flow,筹资活动现金流,USD,2610000000.0,2021-10-31,2021-02-01,10-Q,2023,Q3
NetCashProvidedByUsedInFinancingActivities,cash_flow,筹资活动现金流,USD,1865000000.0,2022-01-30,2021-02-01,10-K,2022,FY
NetCashProvidedByUsedInFinancingActivities,cash_flow,筹资活动现金流,USD,1865000000.0,2022-01-30,2021-02-01,10-K,2023,FY
NetCashProvidedByUsedInFinancingActivities,cash_flow,筹资活动现金流,USD,1865000000.0,2022-01-30,2021-02-01,10-K,2024,FY
NetCashProvidedByUsedInFinancingActivities,cash_flow,筹资活动现金流,USD,-2446000000.0,2022-05-01,2022-01-31,10-Q,2023,Q1
NetCashProvidedByUsedInFinancingActivities,cash_flow,筹资活动现金流,USD,-2446000000.0,2022-05-01,2022-01-31,10-Q,2024,Q1
NetCashProvidedByUsedInFinancingActivities,cash_flow,筹资活动现金流,USD,-6208000000.0,2022-07-31,2022-01-31,10-Q,2023,Q2
NetCashProvidedByUsedInFinancingActivities,cash_flow,筹资活动现金流,USD,-6208000000.0,2022-07-31,2022-01-31,10-Q,2024,Q2
NetCashProvidedByUsedInFinancingActivities,cash_flow,筹资活动现金流,USD,-9961000000.0,2022-10-30,2022-01-31,10-Q,2023,Q3
NetCashProvidedByUsedInFinancingActivities,cash_flow,筹资活动现金流,USD,-9961000000.0,2022-10-30,2022-01-31,10-Q,2024,Q3
NetCashProvidedByUsedInFinancingActivities,cash_flow,筹资活动现金流,USD,-11617000000.0,2023-01-29,2022-01-31,10-K,2023,FY
NetCashProvidedByUsedInFinancingActivities,cash_flow,筹资活动现金流,USD,-11617000000.0,2023-01-29,2022-01-31,10-K,2024,FY
NetCashProvidedByUsedInFinancingActivities,cash_flow,筹资活动现金流,USD,-11617000000.0,2023-01-29,2022-01-31,10-K,2025,FY
NetCashProvidedByUsedInFinancingActivities,cash_flow,筹资活动现金流,USD,-380000000.0,2023-04-30,2023-01-30,10-Q,2024,Q1
NetCashProvidedByUsedInFinancingActivities,cash_flow,筹资活动现金流,USD,-380000000.0,2023-04-30,2023-01-30,10-Q,2025,Q1
NetCashProvidedByUsedInFinancingActivities,cash_flow,筹资活动现金流,USD,-5479000000.0,2023-07-30,2023-01-30,10-Q,2024,Q2
NetCashProvidedByUsedInFinancingActivities,cash_flow,筹资活动现金流,USD,-5479000000.0,2023-07-30,2023-01-30,10-Q,2025,Q2
NetCashProvidedByUsedInFinancingActivities,cash_flow,筹资活动现金流,USD,-10004000000.0,2023-10-29,2023-01-30,10-Q,2024,Q3
NetCashProvidedByUsedInFinancingActivities,cash_flow,筹资活动现金流,USD,-10004000000.0,2023-10-29,2023-01-30,10-Q,2025,Q3
NetCashProvidedByUsedInFinancingActivities,cash_flow,筹资活动现金流,USD,-13633000000.0,2024-01-28,2023-01-30,10-K,2024,FY
NetCashProvidedByUsedInFinancingActivities,cash_flow,筹资活动现金流,USD,-13633000000.0,2024-01-28,2023-01-30,10-K,2025,FY
NetCashProvidedByUsedInFinancingActivities,cash_flow,筹资活动现金流,USD,-9345000000.0,2024-04-28,2024-01-29,10-Q,2025,Q1
NetCashProvidedByUsedInFinancingActivities,cash_flow,筹资活动现金流,USD,-9345000000.0,2024-04-28,2024-01-29,10-Q,2026,Q1
NetCashProvidedByUsedInFinancingActivities,cash_flow,筹资活动现金流,USD,-19665000000.0,2024-07-28,2024-01-29,10-Q,2025,Q2
NetCashProvidedByUsedInFinancingActivities,cash_flow,筹资活动现金流,USD,-32410000000.0,2024-10-27,2024-01-29,10-Q,2025,Q3
NetCashProvidedByUsedInFinancingActivities,cash_flow,筹资活动现金流,USD,-42359000000.0,2025-01-26,2024-01-29,10-K,2025,FY
NetCashProvidedByUsedInFinancingActivities,cash_flow,筹资活动现金流,USD,-15553000000.0,2025-04-27,2025-01-27,10-Q,2026,Q1
PaymentsOfDividends,cash_flow,支付股息,USD,395000000.0,2021-01-31,2020-01-27,10-K,2021,FY
PaymentsOfDividends,cash_flow,支付股息,USD,395000000.0,2021-01-31,2020-01-27,10-K,2022,FY
PaymentsOfDividends,cash_flow,支付股息,USD,395000000.0,2021-01-31,2020-01-27,10-K,2023,FY
PaymentsOfDividends,cash_flow,支付股息,USD,99000000.0,2021-05-02,2021-02-01,10-Q,2022,Q1
PaymentsOfDividends,cash_flow,支付股息,USD,99000000.0,2021-05-02,2021-02-01,10-Q,2023,Q1
PaymentsOfDividends,cash_flow,支付股息,USD,198000000.0,2021-08-01,2021-02-01,10-Q,2022,Q2
PaymentsOfDividends,cash_flow,支付股息,USD,198000000.0,2021-08-01,2021-02-01,10-Q,2023,Q2
PaymentsOfDividends,cash_flow,支付股息,USD,100000000.0,2021-08-01,2021-05-03,10-Q,2022,Q2
PaymentsOfDividends,cash_flow,支付股息,USD,100000000.0,2021-08-01,2021-05-03,10-Q,2023,Q2
PaymentsOfDividends,cash_flow,支付股息,USD,298000000.0,2021-10-31,2021-02-01,10-Q,2022,Q3
PaymentsOfDividends,cash_flow,支付股息,USD,298000000.0,2021-10-31,2021-02-01,10-Q,2023,Q3
PaymentsOfDividends,cash_flow,支付股息,USD,100000000.0,2021-10-31,2021-08-02,10-Q,2022,Q3
PaymentsOfDividends,cash_flow,支付股息,USD,100000000.0,2021-10-31,2021-08-02,10-Q,2023,Q3
PaymentsOfDividends,cash_flow,支付股息,USD,399000000.0,2022-01-30,2021-02-01,10-K,2022,FY
PaymentsOfDividends,cash_flow,支付股息,USD,399000000.0,2022-01-30,2021-02-01,10-K,2023,FY
PaymentsOfDividends,cash_flow,支付股息,USD,399000000.0,2022-01-30,2021-02-01,10-K,2024,FY
PaymentsOfDividends,cash_flow,支付股息,USD,100000000.0,2022-05-01,2022-01-31,10-Q,2023,Q1
PaymentsOfDividends,cash_flow,支付股息,USD,100000000.0,2022-05-01,2022-01-31,10-Q,2024,Q1
PaymentsOfDividends,cash_flow,支付股息,USD,200000000.0,2022-07-31,2022-01-31,10-Q,2023,Q2
PaymentsOfDividends,cash_flow,支付股息,USD,200000000.0,2022-07-31,2022-01-31,10-Q,2024,Q2
PaymentsOfDividends,cash_flow,支付股息,USD,100000000.0,2022-07-31,2022-05-02,10-Q,2023,Q2
PaymentsOfDividends,cash_flow,支付股息,USD,100000000.0,2022-07-31,2022-05-02,10-Q,2024,Q2
PaymentsOfDividends,cash_flow,支付股息,USD,300000000.0,2022-10-30,2022-01-31,10-Q,2023,Q3
PaymentsOfDividends,cash_flow,支付股息,USD,300000000.0,2022-10-30,2022-01-31,10-Q,2024,Q3
PaymentsOfDividends,cash_flow,支付股息,USD,100000000.0,2022-10-30,2022-08-01,10-Q,2023,Q3
PaymentsOfDividends,cash_flow,支付股息,USD,100000000.0,2022-10-30,2022-08-01,10-Q,2024,Q3
PaymentsOfDividends,cash_flow,支付股息,USD,398000000.0,2023-01-29,2022-01-31,10-K,2023,FY
PaymentsOfDividends,cash_flow,支付股息,USD,398000000.0,2023-01-29,2022-01-31,10-K,2024,FY
PaymentsOfDividends,cash_flow,支付股息,USD,398000000.0,2023-01-29,2022-01-31,10-K,2025,FY
PaymentsOfDividends,cash_flow,支付股息,USD,99000000.0,2023-04-30,2023-01-30,10-Q,2024,Q1
PaymentsOfDividends,cash_flow,支付股息,USD,99000000.0,2023-04-30,2023-01-30,10-Q,2025,Q1
PaymentsOfDividends,cash_flow,支付股息,USD,199000000.0,2023-07-30,2023-01-30,10-Q,2024,Q2
PaymentsOfDividends,cash_flow,支付股息,USD,199000000.0,2023-07-30,2023-01-30,10-Q,2025,Q2
PaymentsOfDividends,cash_flow,支付股息,USD,99000000.0,2023-07-30,2023-05-01,10-Q,2024,Q2
PaymentsOfDividends,cash_flow,支付股息,USD,99000000.0,2023-07-30,2023-05-01,10-Q,2025,Q2
PaymentsOfDividends,cash_flow,支付股息,USD,296000000.0,2023-10-29,2023-01-30,10-Q,2024,Q3
PaymentsOfDividends,cash_flow,支付股息,USD,296000000.0,2023-10-29,2023-01-30,10-Q,2025,Q3
PaymentsOfDividends,cash_flow,支付股息,USD,99000000.0,2023-10-29,2023-07-31,10-Q,2024,Q3
PaymentsOfDividends,cash_flow,支付股息,USD,99000000.0,2023-10-29,2023-07-31,10-Q,2025,Q3
PaymentsOfDividends,cash_flow,支付股息,USD,395000000.0,2024-01-28,2023-01-30,10-K,2024,FY
PaymentsOfDividends,cash_flow,支付股息,USD,395000000.0,2024-01-28,2023-01-30,10-K,2025,FY
PaymentsOfDividends,cash_flow,支付股息,USD,98000000.0,2024-04-28,2024-01-29,10-Q,2025,Q1
PaymentsOfDividends,cash_flow,支付股息,USD,98000000.0,2024-04-28,2024-01-29,10-Q,2026,Q1
PaymentsOfDividends,cash_flow,支付股息,USD,344000000.0,2024-07-28,2024-01-29,10-Q,2025,Q2
PaymentsOfDividends,cash_flow,支付股息,USD,246000000.0,2024-07-28,2024-04-29,10-Q,2025,Q2
PaymentsOfDividends,cash_flow,支付股息,USD,589000000.0,2024-10-27,2024-01-29,10-Q,2025,Q3
PaymentsOfDividends,cash_flow,支付股息,USD,245000000.0,2024-10-27,2024-07-29,10-Q,2025,Q3
PaymentsOfDividends,cash_flow,支付股息,USD,834000000.0,2025-01-26,2024-01-29,10-K,2025,FY
PaymentsOfDividends,cash_flow,支付股息,USD,244000000.0,2025-04-27,2025-01-27,10-Q,2026,Q1
PaymentsForRepurchaseOfCommonStock,cash_flow,回购股票支出,USD,0.0,2021-01-31,2020-01-27,10-K,2021,FY
PaymentsForRepurchaseOfCommonStock,cash_flow,回购股票支出,USD,0.0,2021-01-31,2020-01-27,10-K,2023,FY
PaymentsForRepurchaseOfCommonStock,cash_flow,回购股票支出,USD,0.0,2021-05-02,2021-02-01,10-Q,2023,Q1
PaymentsForRepurchaseOfCommonStock,cash_flow,回购股票支出,USD,0.0,2021-08-01,2021-02-01,10-Q,2023,Q2
PaymentsForRepurchaseOfCommonStock,cash_flow,回购股票支出,USD,0.0,2021-10-31,2021-02-01,10-Q,2023,Q3
PaymentsForRepurchaseOfCommonStock,cash_flow,回购股票支出,USD,0.0,2022-01-30,2021-02-01,10-K,2023,FY
PaymentsForRepurchaseOfCommonStock,cash_flow,回购股票支出,USD,0.0,2022-01-30,2021-02-01,10-K,2024,FY
PaymentsForRepurchaseOfCommonStock,cash_flow,回购股票支出,USD,1996000000.0,2022-05-01,2022-01-31,10-Q,2023,Q1
PaymentsForRepurchaseOfCommonStock,cash_flow,回购股票支出,USD,1996000000.0,2022-05-01,2022-01-31,10-Q,2024,Q1
PaymentsForRepurchaseOfCommonStock,cash_flow,回购股票支出,USD,5341000000.0,2022-07-31,2022-01-31,10-Q,2023,Q2
PaymentsForRepurchaseOfCommonStock,cash_flow,回购股票支出,USD,5341000000.0,2022-07-31,2022-01-31,10-Q,2024,Q2
PaymentsForRepurchaseOfCommonStock,cash_flow,回购股票支出,USD,8826000000.0,2022-10-30,2022-01-31,10-Q,2023,Q3
PaymentsForRepurchaseOfCommonStock,cash_flow,回购股票支出,USD,8826000000.0,2022-10-30,2022-01-31,10-Q,2024,Q3
PaymentsForRepurchaseOfCommonStock,cash_flow,回购股票支出,USD,10039000000.0,2023-01-29,2022-01-31,10-K,2023,FY
PaymentsForRepurchaseOfCommonStock,cash_flow,回购股票支出,USD,10039000000.0,2023-01-29,2022-01-31,10-K,2024,FY
PaymentsForRepurchaseOfCommonStock,cash_flow,回购股票支出,USD,10039000000.0,2023-01-29,2022-01-31,10-K,2025,FY
PaymentsForRepurchaseOfCommonStock,cash_flow,回购股票支出,USD,0.0,2023-04-30,2023-01-30,10-Q,2024,Q1
PaymentsForRepurchaseOfCommonStock,cash_flow,回购股票支出,USD,0.0,2023-04-30,2023-01-30,10-Q,2025,Q1
PaymentsForRepurchaseOfCommonStock,cash_flow,回购股票支出,USD,3067000000.0,2023-07-30,2023-01-30,10-Q,2024,Q2
PaymentsForRepurchaseOfCommonStock,cash_flow,回购股票支出,USD,3067000000.0,2023-07-30,2023-01-30,10-Q,2025,Q2
PaymentsForRepurchaseOfCommonStock,cash_flow,回购股票支出,USD,6874000000.0,2023-10-29,2023-01-30,10-Q,2024,Q3
PaymentsForRepurchaseOfCommonStock,cash_flow,回购股票支出,USD,6874000000.0,2023-10-29,2023-01-30,10-Q,2025,Q3
PaymentsForRepurchaseOfCommonStock,cash_flow,回购股票支出,USD,9533000000.0,2024-01-28,2023-01-30,10-K,2024,FY
PaymentsForRepurchaseOfCommonStock,cash_flow,回购股票支出,USD,9533000000.0,2024-01-28,2023-01-30,10-K,2025,FY
PaymentsForRepurchaseOfCommonStock,cash_flow,回购股票支出,USD,7740000000.0,2024-04-28,2024-01-29,10-Q,2025,Q1
PaymentsForRepurchaseOfCommonStock,cash_flow,回购股票支出,USD,7740000000.0,2024-04-28,2024-01-29,10-Q,2026,Q1
PaymentsForRepurchaseOfCommonStock,cash_flow,回购股票支出,USD,14898000000.0,2024-07-28,2024-01-29,10-Q,2025,Q2
PaymentsForRepurchaseOfCommonStock,cash_flow,回购股票支出,USD,25895000000.0,2024-10-27,2024-01-29,10-Q,2025,Q3
PaymentsForRepurchaseOfCommonStock,cash_flow,回购股票支出,USD,33706000000.0,2025-01-26,2024-01-29,10-K,2025,FY
PaymentsForRepurchaseOfCommonStock,cash_flow,回购股票支出,USD,14095000000.0,2025-04-27,2025-01-27,10-Q,2026,Q1
