concept,category,chinese_name,unit,value,end_date,start_date,form,fiscal_year,fiscal_period
Revenues,income_statement,营收,USD,16675000000.0,2021-01-31,2020-01-27,10-K,2022,FY
Revenues,income_statement,营收,USD,16675000000.0,2021-01-31,2020-01-27,10-K,2023,FY
Revenues,income_statement,营收,USD,5661000000.0,2021-05-02,2021-02-01,10-Q,2022,Q1
Revenues,income_statement,营收,USD,5661000000.0,2021-05-02,2021-02-01,10-Q,2023,Q1
Revenues,income_statement,营收,USD,12168000000.0,2021-08-01,2021-02-01,10-Q,2022,Q2
Revenues,income_statement,营收,USD,12168000000.0,2021-08-01,2021-02-01,10-Q,2023,Q2
Revenues,income_statement,营收,USD,6507000000.0,2021-08-01,2021-05-03,10-Q,2022,Q2
Revenues,income_statement,营收,USD,6507000000.0,2021-08-01,2021-05-03,10-Q,2023,Q2
Revenues,income_statement,营收,USD,19271000000.0,2021-10-31,2021-02-01,10-Q,2022,Q3
Revenues,income_statement,营收,USD,19271000000.0,2021-10-31,2021-02-01,10-Q,2023,Q3
Revenues,income_statement,营收,USD,7103000000.0,2021-10-31,2021-08-02,10-Q,2022,Q3
Revenues,income_statement,营收,USD,7103000000.0,2021-10-31,2021-08-02,10-Q,2023,Q3
Revenues,income_statement,营收,USD,26914000000.0,2022-01-30,2021-02-01,10-K,2022,FY
Revenues,income_statement,营收,USD,26914000000.0,2022-01-30,2021-02-01,10-K,2023,FY
Revenues,income_statement,营收,USD,26914000000.0,2022-01-30,2021-02-01,10-K,2024,FY
Revenues,income_statement,营收,USD,8288000000.0,2022-05-01,2022-01-31,10-Q,2023,Q1
Revenues,income_statement,营收,USD,8288000000.0,2022-05-01,2022-01-31,10-Q,2024,Q1
Revenues,income_statement,营收,USD,14992000000.0,2022-07-31,2022-01-31,10-Q,2023,Q2
Revenues,income_statement,营收,USD,14992000000.0,2022-07-31,2022-01-31,10-Q,2024,Q2
Revenues,income_statement,营收,USD,6704000000.0,2022-07-31,2022-05-02,10-Q,2023,Q2
Revenues,income_statement,营收,USD,6704000000.0,2022-07-31,2022-05-02,10-Q,2024,Q2
Revenues,income_statement,营收,USD,20923000000.0,2022-10-30,2022-01-31,10-Q,2023,Q3
Revenues,income_statement,营收,USD,20923000000.0,2022-10-30,2022-01-31,10-Q,2024,Q3
Revenues,income_statement,营收,USD,5931000000.0,2022-10-30,2022-08-01,10-Q,2023,Q3
Revenues,income_statement,营收,USD,5931000000.0,2022-10-30,2022-08-01,10-Q,2024,Q3
Revenues,income_statement,营收,USD,26974000000.0,2023-01-29,2022-01-31,10-K,2023,FY
Revenues,income_statement,营收,USD,26974000000.0,2023-01-29,2022-01-31,10-K,2024,FY
Revenues,income_statement,营收,USD,26974000000.0,2023-01-29,2022-01-31,10-K,2025,FY
Revenues,income_statement,营收,USD,7192000000.0,2023-04-30,2023-01-30,10-Q,2024,Q1
Revenues,income_statement,营收,USD,7192000000.0,2023-04-30,2023-01-30,10-Q,2025,Q1
Revenues,income_statement,营收,USD,20699000000.0,2023-07-30,2023-01-30,10-Q,2024,Q2
Revenues,income_statement,营收,USD,20699000000.0,2023-07-30,2023-01-30,10-Q,2025,Q2
Revenues,income_statement,营收,USD,13507000000.0,2023-07-30,2023-05-01,10-Q,2024,Q2
Revenues,income_statement,营收,USD,13507000000.0,2023-07-30,2023-05-01,10-Q,2025,Q2
Revenues,income_statement,营收,USD,38819000000.0,2023-10-29,2023-01-30,10-Q,2024,Q3
Revenues,income_statement,营收,USD,38819000000.0,2023-10-29,2023-01-30,10-Q,2025,Q3
Revenues,income_statement,营收,USD,18120000000.0,2023-10-29,2023-07-31,10-Q,2024,Q3
Revenues,income_statement,营收,USD,18120000000.0,2023-10-29,2023-07-31,10-Q,2025,Q3
Revenues,income_statement,营收,USD,60922000000.0,2024-01-28,2023-01-30,10-K,2024,FY
Revenues,income_statement,营收,USD,60922000000.0,2024-01-28,2023-01-30,10-K,2025,FY
Revenues,income_statement,营收,USD,26044000000.0,2024-04-28,2024-01-29,10-Q,2025,Q1
Revenues,income_statement,营收,USD,26044000000.0,2024-04-28,2024-01-29,10-Q,2026,Q1
Revenues,income_statement,营收,USD,56084000000.0,2024-07-28,2024-01-29,10-Q,2025,Q2
Revenues,income_statement,营收,USD,30040000000.0,2024-07-28,2024-04-29,10-Q,2025,Q2
Revenues,income_statement,营收,USD,91166000000.0,2024-10-27,2024-01-29,10-Q,2025,Q3
Revenues,income_statement,营收,USD,35082000000.0,2024-10-27,2024-07-29,10-Q,2025,Q3
Revenues,income_statement,营收,USD,130497000000.0,2025-01-26,2024-01-29,10-K,2025,FY
Revenues,income_statement,营收,USD,44062000000.0,2025-04-27,2025-01-27,10-Q,2026,Q1
RevenueFromContractWithCustomerExcludingAssessedTax,income_statement,销售收入,USD,16675000000.0,2021-01-31,2020-01-27,10-K,2021,FY
RevenueFromContractWithCustomerExcludingAssessedTax,income_statement,销售收入,USD,16675000000.0,2021-01-31,2020-01-27,10-K,2022,FY
RevenueFromContractWithCustomerExcludingAssessedTax,income_statement,销售收入,USD,26914000000.0,2022-01-30,2021-02-01,10-K,2022,FY
CostOfRevenue,income_statement,销售成本,USD,6279000000.0,2021-01-31,2020-01-27,10-K,2022,FY
CostOfRevenue,income_statement,销售成本,USD,6279000000.0,2021-01-31,2020-01-27,10-K,2023,FY
CostOfRevenue,income_statement,销售成本,USD,2032000000.0,2021-05-02,2021-02-01,10-Q,2022,Q1
CostOfRevenue,income_statement,销售成本,USD,2032000000.0,2021-05-02,2021-02-01,10-Q,2023,Q1
CostOfRevenue,income_statement,销售成本,USD,4324000000.0,2021-08-01,2021-02-01,10-Q,2022,Q2
CostOfRevenue,income_statement,销售成本,USD,4324000000.0,2021-08-01,2021-02-01,10-Q,2023,Q2
CostOfRevenue,income_statement,销售成本,USD,2292000000.0,2021-08-01,2021-05-03,10-Q,2022,Q2
CostOfRevenue,income_statement,销售成本,USD,2292000000.0,2021-08-01,2021-05-03,10-Q,2023,Q2
CostOfRevenue,income_statement,销售成本,USD,6795000000.0,2021-10-31,2021-02-01,10-Q,2022,Q3
CostOfRevenue,income_statement,销售成本,USD,6795000000.0,2021-10-31,2021-02-01,10-Q,2023,Q3
CostOfRevenue,income_statement,销售成本,USD,2472000000.0,2021-10-31,2021-08-02,10-Q,2022,Q3
CostOfRevenue,income_statement,销售成本,USD,2472000000.0,2021-10-31,2021-08-02,10-Q,2023,Q3
CostOfRevenue,income_statement,销售成本,USD,9439000000.0,2022-01-30,2021-02-01,10-K,2022,FY
CostOfRevenue,income_statement,销售成本,USD,9439000000.0,2022-01-30,2021-02-01,10-K,2023,FY
CostOfRevenue,income_statement,销售成本,USD,9439000000.0,2022-01-30,2021-02-01,10-K,2024,FY
CostOfRevenue,income_statement,销售成本,USD,2857000000.0,2022-05-01,2022-01-31,10-Q,2023,Q1
CostOfRevenue,income_statement,销售成本,USD,2857000000.0,2022-05-01,2022-01-31,10-Q,2024,Q1
CostOfRevenue,income_statement,销售成本,USD,6646000000.0,2022-07-31,2022-01-31,10-Q,2023,Q2
CostOfRevenue,income_statement,销售成本,USD,6646000000.0,2022-07-31,2022-01-31,10-Q,2024,Q2
CostOfRevenue,income_statement,销售成本,USD,3789000000.0,2022-07-31,2022-05-02,10-Q,2023,Q2
CostOfRevenue,income_statement,销售成本,USD,3789000000.0,2022-07-31,2022-05-02,10-Q,2024,Q2
CostOfRevenue,income_statement,销售成本,USD,9400000000.0,2022-10-30,2022-01-31,10-Q,2023,Q3
CostOfRevenue,income_statement,销售成本,USD,9400000000.0,2022-10-30,2022-01-31,10-Q,2024,Q3
CostOfRevenue,income_statement,销售成本,USD,2754000000.0,2022-10-30,2022-08-01,10-Q,2023,Q3
CostOfRevenue,income_statement,销售成本,USD,2754000000.0,2022-10-30,2022-08-01,10-Q,2024,Q3
CostOfRevenue,income_statement,销售成本,USD,11618000000.0,2023-01-29,2022-01-31,10-K,2023,FY
CostOfRevenue,income_statement,销售成本,USD,11618000000.0,2023-01-29,2022-01-31,10-K,2024,FY
CostOfRevenue,income_statement,销售成本,USD,11618000000.0,2023-01-29,2022-01-31,10-K,2025,FY
CostOfRevenue,income_statement,销售成本,USD,2544000000.0,2023-04-30,2023-01-30,10-Q,2024,Q1
CostOfRevenue,income_statement,销售成本,USD,2544000000.0,2023-04-30,2023-01-30,10-Q,2025,Q1
CostOfRevenue,income_statement,销售成本,USD,6589000000.0,2023-07-30,2023-01-30,10-Q,2024,Q2
CostOfRevenue,income_statement,销售成本,USD,6589000000.0,2023-07-30,2023-01-30,10-Q,2025,Q2
CostOfRevenue,income_statement,销售成本,USD,4045000000.0,2023-07-30,2023-05-01,10-Q,2024,Q2
CostOfRevenue,income_statement,销售成本,USD,4045000000.0,2023-07-30,2023-05-01,10-Q,2025,Q2
CostOfRevenue,income_statement,销售成本,USD,11309000000.0,2023-10-29,2023-01-30,10-Q,2024,Q3
CostOfRevenue,income_statement,销售成本,USD,11309000000.0,2023-10-29,2023-01-30,10-Q,2025,Q3
CostOfRevenue,income_statement,销售成本,USD,4720000000.0,2023-10-29,2023-07-31,10-Q,2024,Q3
CostOfRevenue,income_statement,销售成本,USD,4720000000.0,2023-10-29,2023-07-31,10-Q,2025,Q3
CostOfRevenue,income_statement,销售成本,USD,16621000000.0,2024-01-28,2023-01-30,10-K,2024,FY
CostOfRevenue,income_statement,销售成本,USD,16621000000.0,2024-01-28,2023-01-30,10-K,2025,FY
CostOfRevenue,income_statement,销售成本,USD,5638000000.0,2024-04-28,2024-01-29,10-Q,2025,Q1
CostOfRevenue,income_statement,销售成本,USD,5638000000.0,2024-04-28,2024-01-29,10-Q,2026,Q1
CostOfRevenue,income_statement,销售成本,USD,13105000000.0,2024-07-28,2024-01-29,10-Q,2025,Q2
CostOfRevenue,income_statement,销售成本,USD,7466000000.0,2024-07-28,2024-04-29,10-Q,2025,Q2
CostOfRevenue,income_statement,销售成本,USD,22031000000.0,2024-10-27,2024-01-29,10-Q,2025,Q3
CostOfRevenue,income_statement,销售成本,USD,8926000000.0,2024-10-27,2024-07-29,10-Q,2025,Q3
CostOfRevenue,income_statement,销售成本,USD,32639000000.0,2025-01-26,2024-01-29,10-K,2025,FY
CostOfRevenue,income_statement,销售成本,USD,17394000000.0,2025-04-27,2025-01-27,10-Q,2026,Q1
GrossProfit,income_statement,毛利润,USD,10396000000.0,2021-01-31,2020-01-27,10-K,2021,FY
GrossProfit,income_statement,毛利润,USD,10396000000.0,2021-01-31,2020-01-27,10-K,2022,FY
GrossProfit,income_statement,毛利润,USD,10396000000.0,2021-01-31,2020-01-27,10-K,2023,FY
GrossProfit,income_statement,毛利润,USD,3629000000.0,2021-05-02,2021-02-01,10-Q,2022,Q1
GrossProfit,income_statement,毛利润,USD,3629000000.0,2021-05-02,2021-02-01,10-Q,2023,Q1
GrossProfit,income_statement,毛利润,USD,7844000000.0,2021-08-01,2021-02-01,10-Q,2022,Q2
GrossProfit,income_statement,毛利润,USD,7844000000.0,2021-08-01,2021-02-01,10-Q,2023,Q2
GrossProfit,income_statement,毛利润,USD,4215000000.0,2021-08-01,2021-05-03,10-Q,2022,Q2
GrossProfit,income_statement,毛利润,USD,4215000000.0,2021-08-01,2021-05-03,10-Q,2023,Q2
GrossProfit,income_statement,毛利润,USD,12476000000.0,2021-10-31,2021-02-01,10-Q,2022,Q3
GrossProfit,income_statement,毛利润,USD,12476000000.0,2021-10-31,2021-02-01,10-Q,2023,Q3
GrossProfit,income_statement,毛利润,USD,4631000000.0,2021-10-31,2021-08-02,10-Q,2022,Q3
GrossProfit,income_statement,毛利润,USD,4631000000.0,2021-10-31,2021-08-02,10-Q,2023,Q3
GrossProfit,income_statement,毛利润,USD,17475000000.0,2022-01-30,2021-02-01,10-K,2022,FY
GrossProfit,income_statement,毛利润,USD,17475000000.0,2022-01-30,2021-02-01,10-K,2023,FY
GrossProfit,income_statement,毛利润,USD,17475000000.0,2022-01-30,2021-02-01,10-K,2024,FY
GrossProfit,income_statement,毛利润,USD,5431000000.0,2022-05-01,2022-01-31,10-Q,2023,Q1
GrossProfit,income_statement,毛利润,USD,5431000000.0,2022-05-01,2022-01-31,10-Q,2024,Q1
GrossProfit,income_statement,毛利润,USD,8346000000.0,2022-07-31,2022-01-31,10-Q,2023,Q2
GrossProfit,income_statement,毛利润,USD,8346000000.0,2022-07-31,2022-01-31,10-Q,2024,Q2
GrossProfit,income_statement,毛利润,USD,2915000000.0,2022-07-31,2022-05-02,10-Q,2023,Q2
GrossProfit,income_statement,毛利润,USD,2915000000.0,2022-07-31,2022-05-02,10-Q,2024,Q2
GrossProfit,income_statement,毛利润,USD,11523000000.0,2022-10-30,2022-01-31,10-Q,2023,Q3
GrossProfit,income_statement,毛利润,USD,11523000000.0,2022-10-30,2022-01-31,10-Q,2024,Q3
GrossProfit,income_statement,毛利润,USD,3177000000.0,2022-10-30,2022-08-01,10-Q,2023,Q3
GrossProfit,income_statement,毛利润,USD,3177000000.0,2022-10-30,2022-08-01,10-Q,2024,Q3
GrossProfit,income_statement,毛利润,USD,15356000000.0,2023-01-29,2022-01-31,10-K,2023,FY
GrossProfit,income_statement,毛利润,USD,15356000000.0,2023-01-29,2022-01-31,10-K,2024,FY
GrossProfit,income_statement,毛利润,USD,15356000000.0,2023-01-29,2022-01-31,10-K,2025,FY
GrossProfit,income_statement,毛利润,USD,4648000000.0,2023-04-30,2023-01-30,10-Q,2024,Q1
GrossProfit,income_statement,毛利润,USD,4648000000.0,2023-04-30,2023-01-30,10-Q,2025,Q1
GrossProfit,income_statement,毛利润,USD,14110000000.0,2023-07-30,2023-01-30,10-Q,2024,Q2
GrossProfit,income_statement,毛利润,USD,14110000000.0,2023-07-30,2023-01-30,10-Q,2025,Q2
GrossProfit,income_statement,毛利润,USD,9462000000.0,2023-07-30,2023-05-01,10-Q,2024,Q2
GrossProfit,income_statement,毛利润,USD,9462000000.0,2023-07-30,2023-05-01,10-Q,2025,Q2
GrossProfit,income_statement,毛利润,USD,27510000000.0,2023-10-29,2023-01-30,10-Q,2024,Q3
GrossProfit,income_statement,毛利润,USD,27510000000.0,2023-10-29,2023-01-30,10-Q,2025,Q3
GrossProfit,income_statement,毛利润,USD,13400000000.0,2023-10-29,2023-07-31,10-Q,2024,Q3
GrossProfit,income_statement,毛利润,USD,13400000000.0,2023-10-29,2023-07-31,10-Q,2025,Q3
GrossProfit,income_statement,毛利润,USD,44301000000.0,2024-01-28,2023-01-30,10-K,2024,FY
GrossProfit,income_statement,毛利润,USD,44301000000.0,2024-01-28,2023-01-30,10-K,2025,FY
GrossProfit,income_statement,毛利润,USD,20406000000.0,2024-04-28,2024-01-29,10-Q,2025,Q1
GrossProfit,income_statement,毛利润,USD,20406000000.0,2024-04-28,2024-01-29,10-Q,2026,Q1
GrossProfit,income_statement,毛利润,USD,42979000000.0,2024-07-28,2024-01-29,10-Q,2025,Q2
GrossProfit,income_statement,毛利润,USD,22574000000.0,2024-07-28,2024-04-29,10-Q,2025,Q2
GrossProfit,income_statement,毛利润,USD,69135000000.0,2024-10-27,2024-01-29,10-Q,2025,Q3
GrossProfit,income_statement,毛利润,USD,26156000000.0,2024-10-27,2024-07-29,10-Q,2025,Q3
GrossProfit,income_statement,毛利润,USD,97858000000.0,2025-01-26,2024-01-29,10-K,2025,FY
GrossProfit,income_statement,毛利润,USD,26668000000.0,2025-04-27,2025-01-27,10-Q,2026,Q1
OperatingIncomeLoss,income_statement,营业利润,USD,4532000000.0,2021-01-31,2020-01-27,10-K,2021,FY
OperatingIncomeLoss,income_statement,营业利润,USD,4532000000.0,2021-01-31,2020-01-27,10-K,2022,FY
OperatingIncomeLoss,income_statement,营业利润,USD,4532000000.0,2021-01-31,2020-01-27,10-K,2023,FY
OperatingIncomeLoss,income_statement,营业利润,USD,1956000000.0,2021-05-02,2021-02-01,10-Q,2022,Q1
OperatingIncomeLoss,income_statement,营业利润,USD,1956000000.0,2021-05-02,2021-02-01,10-Q,2023,Q1
OperatingIncomeLoss,income_statement,营业利润,USD,4400000000.0,2021-08-01,2021-02-01,10-Q,2022,Q2
OperatingIncomeLoss,income_statement,营业利润,USD,4400000000.0,2021-08-01,2021-02-01,10-Q,2023,Q2
OperatingIncomeLoss,income_statement,营业利润,USD,2444000000.0,2021-08-01,2021-05-03,10-Q,2022,Q2
OperatingIncomeLoss,income_statement,营业利润,USD,2444000000.0,2021-08-01,2021-05-03,10-Q,2023,Q2
OperatingIncomeLoss,income_statement,营业利润,USD,7071000000.0,2021-10-31,2021-02-01,10-Q,2022,Q3
OperatingIncomeLoss,income_statement,营业利润,USD,7071000000.0,2021-10-31,2021-02-01,10-Q,2023,Q3
OperatingIncomeLoss,income_statement,营业利润,USD,2671000000.0,2021-10-31,2021-08-02,10-Q,2022,Q3
OperatingIncomeLoss,income_statement,营业利润,USD,2671000000.0,2021-10-31,2021-08-02,10-Q,2023,Q3
OperatingIncomeLoss,income_statement,营业利润,USD,10041000000.0,2022-01-30,2021-02-01,10-K,2022,FY
OperatingIncomeLoss,income_statement,营业利润,USD,10041000000.0,2022-01-30,2021-02-01,10-K,2023,FY
OperatingIncomeLoss,income_statement,营业利润,USD,10041000000.0,2022-01-30,2021-02-01,10-K,2024,FY
OperatingIncomeLoss,income_statement,营业利润,USD,1868000000.0,2022-05-01,2022-01-31,10-Q,2023,Q1
OperatingIncomeLoss,income_statement,营业利润,USD,1868000000.0,2022-05-01,2022-01-31,10-Q,2024,Q1
OperatingIncomeLoss,income_statement,营业利润,USD,2367000000.0,2022-07-31,2022-01-31,10-Q,2023,Q2
OperatingIncomeLoss,income_statement,营业利润,USD,2367000000.0,2022-07-31,2022-01-31,10-Q,2024,Q2
OperatingIncomeLoss,income_statement,营业利润,USD,499000000.0,2022-07-31,2022-05-02,10-Q,2023,Q2
OperatingIncomeLoss,income_statement,营业利润,USD,499000000.0,2022-07-31,2022-05-02,10-Q,2024,Q2
OperatingIncomeLoss,income_statement,营业利润,USD,2968000000.0,2022-10-30,2022-01-31,10-Q,2023,Q3
OperatingIncomeLoss,income_statement,营业利润,USD,2968000000.0,2022-10-30,2022-01-31,10-Q,2024,Q3
OperatingIncomeLoss,income_statement,营业利润,USD,601000000.0,2022-10-30,2022-08-01,10-Q,2023,Q3
OperatingIncomeLoss,income_statement,营业利润,USD,601000000.0,2022-10-30,2022-08-01,10-Q,2024,Q3
OperatingIncomeLoss,income_statement,营业利润,USD,4224000000.0,2023-01-29,2022-01-31,10-K,2023,FY
OperatingIncomeLoss,income_statement,营业利润,USD,4224000000.0,2023-01-29,2022-01-31,10-K,2024,FY
OperatingIncomeLoss,income_statement,营业利润,USD,4224000000.0,2023-01-29,2022-01-31,10-K,2025,FY
OperatingIncomeLoss,income_statement,营业利润,USD,2140000000.0,2023-04-30,2023-01-30,10-Q,2024,Q1
OperatingIncomeLoss,income_statement,营业利润,USD,2140000000.0,2023-04-30,2023-01-30,10-Q,2025,Q1
OperatingIncomeLoss,income_statement,营业利润,USD,8941000000.0,2023-07-30,2023-01-30,10-Q,2024,Q2
OperatingIncomeLoss,income_statement,营业利润,USD,8941000000.0,2023-07-30,2023-01-30,10-Q,2025,Q2
OperatingIncomeLoss,income_statement,营业利润,USD,6800000000.0,2023-07-30,2023-05-01,10-Q,2024,Q2
OperatingIncomeLoss,income_statement,营业利润,USD,6800000000.0,2023-07-30,2023-05-01,10-Q,2025,Q2
OperatingIncomeLoss,income_statement,营业利润,USD,19358000000.0,2023-10-29,2023-01-30,10-Q,2024,Q3
OperatingIncomeLoss,income_statement,营业利润,USD,19358000000.0,2023-10-29,2023-01-30,10-Q,2025,Q3
OperatingIncomeLoss,income_statement,营业利润,USD,10417000000.0,2023-10-29,2023-07-31,10-Q,2024,Q3
OperatingIncomeLoss,income_statement,营业利润,USD,10417000000.0,2023-10-29,2023-07-31,10-Q,2025,Q3
OperatingIncomeLoss,income_statement,营业利润,USD,32972000000.0,2024-01-28,2023-01-30,10-K,2024,FY
OperatingIncomeLoss,income_statement,营业利润,USD,32972000000.0,2024-01-28,2023-01-30,10-K,2025,FY
OperatingIncomeLoss,income_statement,营业利润,USD,16909000000.0,2024-04-28,2024-01-29,10-Q,2025,Q1
OperatingIncomeLoss,income_statement,营业利润,USD,16909000000.0,2024-04-28,2024-01-29,10-Q,2026,Q1
OperatingIncomeLoss,income_statement,营业利润,USD,35551000000.0,2024-07-28,2024-01-29,10-Q,2025,Q2
OperatingIncomeLoss,income_statement,营业利润,USD,18642000000.0,2024-07-28,2024-04-29,10-Q,2025,Q2
OperatingIncomeLoss,income_statement,营业利润,USD,57419000000.0,2024-10-27,2024-01-29,10-Q,2025,Q3
OperatingIncomeLoss,income_statement,营业利润,USD,21869000000.0,2024-10-27,2024-07-29,10-Q,2025,Q3
OperatingIncomeLoss,income_statement,营业利润,USD,81453000000.0,2025-01-26,2024-01-29,10-K,2025,FY
OperatingIncomeLoss,income_statement,营业利润,USD,21638000000.0,2025-04-27,2025-01-27,10-Q,2026,Q1
NetIncomeLoss,income_statement,净利润,USD,4332000000.0,2021-01-31,2020-01-27,10-K,2021,FY
NetIncomeLoss,income_statement,净利润,USD,4332000000.0,2021-01-31,2020-01-27,10-K,2022,FY
NetIncomeLoss,income_statement,净利润,USD,4332000000.0,2021-01-31,2020-01-27,10-K,2023,FY
NetIncomeLoss,income_statement,净利润,USD,1912000000.0,2021-05-02,2021-02-01,10-Q,2022,Q1
NetIncomeLoss,income_statement,净利润,USD,1912000000.0,2021-05-02,2021-02-01,10-Q,2023,Q1
NetIncomeLoss,income_statement,净利润,USD,4285000000.0,2021-08-01,2021-02-01,10-Q,2022,Q2
NetIncomeLoss,income_statement,净利润,USD,4285000000.0,2021-08-01,2021-02-01,10-Q,2023,Q2
NetIncomeLoss,income_statement,净利润,USD,2374000000.0,2021-08-01,2021-05-03,10-Q,2022,Q2
NetIncomeLoss,income_statement,净利润,USD,2374000000.0,2021-08-01,2021-05-03,10-Q,2023,Q2
NetIncomeLoss,income_statement,净利润,USD,6749000000.0,2021-10-31,2021-02-01,10-Q,2022,Q3
NetIncomeLoss,income_statement,净利润,USD,6749000000.0,2021-10-31,2021-02-01,10-Q,2023,Q3
NetIncomeLoss,income_statement,净利润,USD,2464000000.0,2021-10-31,2021-08-02,10-Q,2022,Q3
NetIncomeLoss,income_statement,净利润,USD,2464000000.0,2021-10-31,2021-08-02,10-Q,2023,Q3
NetIncomeLoss,income_statement,净利润,USD,9752000000.0,2022-01-30,2021-02-01,10-K,2022,FY
NetIncomeLoss,income_statement,净利润,USD,9752000000.0,2022-01-30,2021-02-01,10-K,2023,FY
NetIncomeLoss,income_statement,净利润,USD,9752000000.0,2022-01-30,2021-02-01,10-K,2024,FY
NetIncomeLoss,income_statement,净利润,USD,1618000000.0,2022-05-01,2022-01-31,10-Q,2023,Q1
NetIncomeLoss,income_statement,净利润,USD,1618000000.0,2022-05-01,2022-01-31,10-Q,2024,Q1
NetIncomeLoss,income_statement,净利润,USD,2274000000.0,2022-07-31,2022-01-31,10-Q,2023,Q2
NetIncomeLoss,income_statement,净利润,USD,2274000000.0,2022-07-31,2022-01-31,10-Q,2024,Q2
NetIncomeLoss,income_statement,净利润,USD,656000000.0,2022-07-31,2022-05-02,10-Q,2023,Q2
NetIncomeLoss,income_statement,净利润,USD,656000000.0,2022-07-31,2022-05-02,10-Q,2024,Q2
NetIncomeLoss,income_statement,净利润,USD,2954000000.0,2022-10-30,2022-01-31,10-Q,2023,Q3
NetIncomeLoss,income_statement,净利润,USD,2954000000.0,2022-10-30,2022-01-31,10-Q,2024,Q3
NetIncomeLoss,income_statement,净利润,USD,680000000.0,2022-10-30,2022-08-01,10-Q,2023,Q3
NetIncomeLoss,income_statement,净利润,USD,680000000.0,2022-10-30,2022-08-01,10-Q,2024,Q3
NetIncomeLoss,income_statement,净利润,USD,4368000000.0,2023-01-29,2022-01-31,10-K,2023,FY
NetIncomeLoss,income_statement,净利润,USD,4368000000.0,2023-01-29,2022-01-31,10-K,2024,FY
NetIncomeLoss,income_statement,净利润,USD,4368000000.0,2023-01-29,2022-01-31,10-K,2025,FY
NetIncomeLoss,income_statement,净利润,USD,2043000000.0,2023-04-30,2023-01-30,10-Q,2024,Q1
NetIncomeLoss,income_statement,净利润,USD,2043000000.0,2023-04-30,2023-01-30,10-Q,2025,Q1
NetIncomeLoss,income_statement,净利润,USD,8232000000.0,2023-07-30,2023-01-30,10-Q,2024,Q2
NetIncomeLoss,income_statement,净利润,USD,8232000000.0,2023-07-30,2023-01-30,10-Q,2025,Q2
NetIncomeLoss,income_statement,净利润,USD,6188000000.0,2023-07-30,2023-05-01,10-Q,2024,Q2
NetIncomeLoss,income_statement,净利润,USD,6188000000.0,2023-07-30,2023-05-01,10-Q,2025,Q2
NetIncomeLoss,income_statement,净利润,USD,17475000000.0,2023-10-29,2023-01-30,10-Q,2024,Q3
NetIncomeLoss,income_statement,净利润,USD,17475000000.0,2023-10-29,2023-01-30,10-Q,2025,Q3
NetIncomeLoss,income_statement,净利润,USD,9243000000.0,2023-10-29,2023-07-31,10-Q,2024,Q3
NetIncomeLoss,income_statement,净利润,USD,9243000000.0,2023-10-29,2023-07-31,10-Q,2025,Q3
NetIncomeLoss,income_statement,净利润,USD,29760000000.0,2024-01-28,2023-01-30,10-K,2024,FY
NetIncomeLoss,income_statement,净利润,USD,29760000000.0,2024-01-28,2023-01-30,10-K,2025,FY
NetIncomeLoss,income_statement,净利润,USD,14881000000.0,2024-04-28,2024-01-29,10-Q,2025,Q1
NetIncomeLoss,income_statement,净利润,USD,14881000000.0,2024-04-28,2024-01-29,10-Q,2026,Q1
NetIncomeLoss,income_statement,净利润,USD,31480000000.0,2024-07-28,2024-01-29,10-Q,2025,Q2
NetIncomeLoss,income_statement,净利润,USD,16599000000.0,2024-07-28,2024-04-29,10-Q,2025,Q2
NetIncomeLoss,income_statement,净利润,USD,50789000000.0,2024-10-27,2024-01-29,10-Q,2025,Q3
NetIncomeLoss,income_statement,净利润,USD,19309000000.0,2024-10-27,2024-07-29,10-Q,2025,Q3
NetIncomeLoss,income_statement,净利润,USD,72880000000.0,2025-01-26,2024-01-29,10-K,2025,FY
NetIncomeLoss,income_statement,净利润,USD,18775000000.0,2025-04-27,2025-01-27,10-Q,2026,Q1
EarningsPerShareBasic,income_statement,基本每股收益,USD/shares,7.02,2021-01-31,2020-01-27,10-K,2021,FY
EarningsPerShareBasic,income_statement,基本每股收益,USD/shares,1.76,2021-01-31,2020-01-27,10-K,2022,FY
EarningsPerShareBasic,income_statement,基本每股收益,USD/shares,1.76,2021-01-31,2020-01-27,10-K,2023,FY
EarningsPerShareBasic,income_statement,基本每股收益,USD/shares,3.08,2021-05-02,2021-02-01,10-Q,2022,Q1
EarningsPerShareBasic,income_statement,基本每股收益,USD/shares,0.77,2021-05-02,2021-02-01,10-Q,2023,Q1
EarningsPerShareBasic,income_statement,基本每股收益,USD/shares,1.72,2021-08-01,2021-02-01,10-Q,2022,Q2
EarningsPerShareBasic,income_statement,基本每股收益,USD/shares,1.72,2021-08-01,2021-02-01,10-Q,2023,Q2
EarningsPerShareBasic,income_statement,基本每股收益,USD/shares,0.95,2021-08-01,2021-05-03,10-Q,2022,Q2
EarningsPerShareBasic,income_statement,基本每股收益,USD/shares,0.95,2021-08-01,2021-05-03,10-Q,2023,Q2
EarningsPerShareBasic,income_statement,基本每股收益,USD/shares,2.71,2021-10-31,2021-02-01,10-Q,2022,Q3
EarningsPerShareBasic,income_statement,基本每股收益,USD/shares,2.71,2021-10-31,2021-02-01,10-Q,2023,Q3
EarningsPerShareBasic,income_statement,基本每股收益,USD/shares,0.99,2021-10-31,2021-08-02,10-Q,2022,Q3
EarningsPerShareBasic,income_statement,基本每股收益,USD/shares,0.99,2021-10-31,2021-08-02,10-Q,2023,Q3
EarningsPerShareBasic,income_statement,基本每股收益,USD/shares,3.91,2022-01-30,2021-02-01,10-K,2022,FY
EarningsPerShareBasic,income_statement,基本每股收益,USD/shares,3.91,2022-01-30,2021-02-01,10-K,2023,FY
EarningsPerShareBasic,income_statement,基本每股收益,USD/shares,3.91,2022-01-30,2021-02-01,10-K,2024,FY
EarningsPerShareBasic,income_statement,基本每股收益,USD/shares,0.65,2022-05-01,2022-01-31,10-Q,2023,Q1
EarningsPerShareBasic,income_statement,基本每股收益,USD/shares,0.65,2022-05-01,2022-01-31,10-Q,2024,Q1
EarningsPerShareBasic,income_statement,基本每股收益,USD/shares,0.91,2022-07-31,2022-01-31,10-Q,2023,Q2
EarningsPerShareBasic,income_statement,基本每股收益,USD/shares,0.91,2022-07-31,2022-01-31,10-Q,2024,Q2
EarningsPerShareBasic,income_statement,基本每股收益,USD/shares,0.26,2022-07-31,2022-05-02,10-Q,2023,Q2
EarningsPerShareBasic,income_statement,基本每股收益,USD/shares,0.26,2022-07-31,2022-05-02,10-Q,2024,Q2
EarningsPerShareBasic,income_statement,基本每股收益,USD/shares,1.18,2022-10-30,2022-01-31,10-Q,2023,Q3
EarningsPerShareBasic,income_statement,基本每股收益,USD/shares,1.18,2022-10-30,2022-01-31,10-Q,2024,Q3
EarningsPerShareBasic,income_statement,基本每股收益,USD/shares,0.27,2022-10-30,2022-08-01,10-Q,2023,Q3
EarningsPerShareBasic,income_statement,基本每股收益,USD/shares,0.27,2022-10-30,2022-08-01,10-Q,2024,Q3
EarningsPerShareBasic,income_statement,基本每股收益,USD/shares,1.76,2023-01-29,2022-01-31,10-K,2023,FY
EarningsPerShareBasic,income_statement,基本每股收益,USD/shares,1.76,2023-01-29,2022-01-31,10-K,2024,FY
EarningsPerShareBasic,income_statement,基本每股收益,USD/shares,0.18,2023-01-29,2022-01-31,10-K,2025,FY
EarningsPerShareBasic,income_statement,基本每股收益,USD/shares,0.83,2023-04-30,2023-01-30,10-Q,2024,Q1
EarningsPerShareBasic,income_statement,基本每股收益,USD/shares,0.83,2023-04-30,2023-01-30,10-Q,2025,Q1
EarningsPerShareBasic,income_statement,基本每股收益,USD/shares,3.33,2023-07-30,2023-01-30,10-Q,2024,Q2
EarningsPerShareBasic,income_statement,基本每股收益,USD/shares,0.33,2023-07-30,2023-01-30,10-Q,2025,Q2
EarningsPerShareBasic,income_statement,基本每股收益,USD/shares,2.5,2023-07-30,2023-05-01,10-Q,2024,Q2
EarningsPerShareBasic,income_statement,基本每股收益,USD/shares,0.25,2023-07-30,2023-05-01,10-Q,2025,Q2
EarningsPerShareBasic,income_statement,基本每股收益,USD/shares,7.07,2023-10-29,2023-01-30,10-Q,2024,Q3
EarningsPerShareBasic,income_statement,基本每股收益,USD/shares,0.71,2023-10-29,2023-01-30,10-Q,2025,Q3
EarningsPerShareBasic,income_statement,基本每股收益,USD/shares,3.75,2023-10-29,2023-07-31,10-Q,2024,Q3
EarningsPerShareBasic,income_statement,基本每股收益,USD/shares,0.37,2023-10-29,2023-07-31,10-Q,2025,Q3
EarningsPerShareBasic,income_statement,基本每股收益,USD/shares,12.05,2024-01-28,2023-01-30,10-K,2024,FY
EarningsPerShareBasic,income_statement,基本每股收益,USD/shares,1.21,2024-01-28,2023-01-30,10-K,2025,FY
EarningsPerShareBasic,income_statement,基本每股收益,USD/shares,6.04,2024-04-28,2024-01-29,10-Q,2025,Q1
EarningsPerShareBasic,income_statement,基本每股收益,USD/shares,0.6,2024-04-28,2024-01-29,10-Q,2026,Q1
EarningsPerShareBasic,income_statement,基本每股收益,USD/shares,1.28,2024-07-28,2024-01-29,10-Q,2025,Q2
EarningsPerShareBasic,income_statement,基本每股收益,USD/shares,0.68,2024-07-28,2024-04-29,10-Q,2025,Q2
EarningsPerShareBasic,income_statement,基本每股收益,USD/shares,2.07,2024-10-27,2024-01-29,10-Q,2025,Q3
EarningsPerShareBasic,income_statement,基本每股收益,USD/shares,0.79,2024-10-27,2024-07-29,10-Q,2025,Q3
EarningsPerShareBasic,income_statement,基本每股收益,USD/shares,2.97,2025-01-26,2024-01-29,10-K,2025,FY
EarningsPerShareBasic,income_statement,基本每股收益,USD/shares,0.77,2025-04-27,2025-01-27,10-Q,2026,Q1
EarningsPerShareDiluted,income_statement,稀释每股收益,USD/shares,6.9,2021-01-31,2020-01-27,10-K,2021,FY
EarningsPerShareDiluted,income_statement,稀释每股收益,USD/shares,1.73,2021-01-31,2020-01-27,10-K,2022,FY
EarningsPerShareDiluted,income_statement,稀释每股收益,USD/shares,1.73,2021-01-31,2020-01-27,10-K,2023,FY
EarningsPerShareDiluted,income_statement,稀释每股收益,USD/shares,3.03,2021-05-02,2021-02-01,10-Q,2022,Q1
EarningsPerShareDiluted,income_statement,稀释每股收益,USD/shares,0.76,2021-05-02,2021-02-01,10-Q,2023,Q1
EarningsPerShareDiluted,income_statement,稀释每股收益,USD/shares,1.69,2021-08-01,2021-02-01,10-Q,2022,Q2
EarningsPerShareDiluted,income_statement,稀释每股收益,USD/shares,1.69,2021-08-01,2021-02-01,10-Q,2023,Q2
EarningsPerShareDiluted,income_statement,稀释每股收益,USD/shares,0.94,2021-08-01,2021-05-03,10-Q,2022,Q2
EarningsPerShareDiluted,income_statement,稀释每股收益,USD/shares,0.94,2021-08-01,2021-05-03,10-Q,2023,Q2
EarningsPerShareDiluted,income_statement,稀释每股收益,USD/shares,2.67,2021-10-31,2021-02-01,10-Q,2022,Q3
EarningsPerShareDiluted,income_statement,稀释每股收益,USD/shares,2.67,2021-10-31,2021-02-01,10-Q,2023,Q3
EarningsPerShareDiluted,income_statement,稀释每股收益,USD/shares,0.97,2021-10-31,2021-08-02,10-Q,2022,Q3
EarningsPerShareDiluted,income_statement,稀释每股收益,USD/shares,0.97,2021-10-31,2021-08-02,10-Q,2023,Q3
EarningsPerShareDiluted,income_statement,稀释每股收益,USD/shares,3.85,2022-01-30,2021-02-01,10-K,2022,FY
EarningsPerShareDiluted,income_statement,稀释每股收益,USD/shares,3.85,2022-01-30,2021-02-01,10-K,2023,FY
EarningsPerShareDiluted,income_statement,稀释每股收益,USD/shares,3.85,2022-01-30,2021-02-01,10-K,2024,FY
EarningsPerShareDiluted,income_statement,稀释每股收益,USD/shares,0.64,2022-05-01,2022-01-31,10-Q,2023,Q1
EarningsPerShareDiluted,income_statement,稀释每股收益,USD/shares,0.64,2022-05-01,2022-01-31,10-Q,2024,Q1
EarningsPerShareDiluted,income_statement,稀释每股收益,USD/shares,0.9,2022-07-31,2022-01-31,10-Q,2023,Q2
EarningsPerShareDiluted,income_statement,稀释每股收益,USD/shares,0.9,2022-07-31,2022-01-31,10-Q,2024,Q2
EarningsPerShareDiluted,income_statement,稀释每股收益,USD/shares,0.26,2022-07-31,2022-05-02,10-Q,2023,Q2
EarningsPerShareDiluted,income_statement,稀释每股收益,USD/shares,0.26,2022-07-31,2022-05-02,10-Q,2024,Q2
EarningsPerShareDiluted,income_statement,稀释每股收益,USD/shares,1.17,2022-10-30,2022-01-31,10-Q,2023,Q3
EarningsPerShareDiluted,income_statement,稀释每股收益,USD/shares,1.17,2022-10-30,2022-01-31,10-Q,2024,Q3
EarningsPerShareDiluted,income_statement,稀释每股收益,USD/shares,0.27,2022-10-30,2022-08-01,10-Q,2023,Q3
EarningsPerShareDiluted,income_statement,稀释每股收益,USD/shares,0.27,2022-10-30,2022-08-01,10-Q,2024,Q3
EarningsPerShareDiluted,income_statement,稀释每股收益,USD/shares,1.74,2023-01-29,2022-01-31,10-K,2023,FY
EarningsPerShareDiluted,income_statement,稀释每股收益,USD/shares,1.74,2023-01-29,2022-01-31,10-K,2024,FY
EarningsPerShareDiluted,income_statement,稀释每股收益,USD/shares,0.17,2023-01-29,2022-01-31,10-K,2025,FY
EarningsPerShareDiluted,income_statement,稀释每股收益,USD/shares,0.82,2023-04-30,2023-01-30,10-Q,2024,Q1
EarningsPerShareDiluted,income_statement,稀释每股收益,USD/shares,0.82,2023-04-30,2023-01-30,10-Q,2025,Q1
EarningsPerShareDiluted,income_statement,稀释每股收益,USD/shares,3.3,2023-07-30,2023-01-30,10-Q,2024,Q2
EarningsPerShareDiluted,income_statement,稀释每股收益,USD/shares,0.33,2023-07-30,2023-01-30,10-Q,2025,Q2
EarningsPerShareDiluted,income_statement,稀释每股收益,USD/shares,2.48,2023-07-30,2023-05-01,10-Q,2024,Q2
EarningsPerShareDiluted,income_statement,稀释每股收益,USD/shares,0.25,2023-07-30,2023-05-01,10-Q,2025,Q2
EarningsPerShareDiluted,income_statement,稀释每股收益,USD/shares,7.01,2023-10-29,2023-01-30,10-Q,2024,Q3
EarningsPerShareDiluted,income_statement,稀释每股收益,USD/shares,0.7,2023-10-29,2023-01-30,10-Q,2025,Q3
EarningsPerShareDiluted,income_statement,稀释每股收益,USD/shares,3.71,2023-10-29,2023-07-31,10-Q,2024,Q3
EarningsPerShareDiluted,income_statement,稀释每股收益,USD/shares,0.37,2023-10-29,2023-07-31,10-Q,2025,Q3
EarningsPerShareDiluted,income_statement,稀释每股收益,USD/shares,11.93,2024-01-28,2023-01-30,10-K,2024,FY
EarningsPerShareDiluted,income_statement,稀释每股收益,USD/shares,1.19,2024-01-28,2023-01-30,10-K,2025,FY
EarningsPerShareDiluted,income_statement,稀释每股收益,USD/shares,5.98,2024-04-28,2024-01-29,10-Q,2025,Q1
EarningsPerShareDiluted,income_statement,稀释每股收益,USD/shares,0.6,2024-04-28,2024-01-29,10-Q,2026,Q1
EarningsPerShareDiluted,income_statement,稀释每股收益,USD/shares,1.27,2024-07-28,2024-01-29,10-Q,2025,Q2
EarningsPerShareDiluted,income_statement,稀释每股收益,USD/shares,0.67,2024-07-28,2024-04-29,10-Q,2025,Q2
EarningsPerShareDiluted,income_statement,稀释每股收益,USD/shares,2.04,2024-10-27,2024-01-29,10-Q,2025,Q3
EarningsPerShareDiluted,income_statement,稀释每股收益,USD/shares,0.78,2024-10-27,2024-07-29,10-Q,2025,Q3
EarningsPerShareDiluted,income_statement,稀释每股收益,USD/shares,2.94,2025-01-26,2024-01-29,10-K,2025,FY
EarningsPerShareDiluted,income_statement,稀释每股收益,USD/shares,0.76,2025-04-27,2025-01-27,10-Q,2026,Q1
DepreciationDepletionAndAmortization,income_statement,折旧摊销,USD,1098000000.0,2021-01-31,2020-01-27,10-K,2022,FY
DepreciationDepletionAndAmortization,income_statement,折旧摊销,USD,1098000000.0,2021-01-31,2020-01-27,10-K,2023,FY
DepreciationDepletionAndAmortization,income_statement,折旧摊销,USD,281000000.0,2021-05-02,2021-02-01,10-Q,2023,Q1
DepreciationDepletionAndAmortization,income_statement,折旧摊销,USD,567000000.0,2021-08-01,2021-02-01,10-Q,2023,Q2
DepreciationDepletionAndAmortization,income_statement,折旧摊销,USD,865000000.0,2021-10-31,2021-02-01,10-Q,2022,Q3
DepreciationDepletionAndAmortization,income_statement,折旧摊销,USD,865000000.0,2021-10-31,2021-02-01,10-Q,2023,Q3
DepreciationDepletionAndAmortization,income_statement,折旧摊销,USD,1174000000.0,2022-01-30,2021-02-01,10-K,2022,FY
DepreciationDepletionAndAmortization,income_statement,折旧摊销,USD,1174000000.0,2022-01-30,2021-02-01,10-K,2023,FY
DepreciationDepletionAndAmortization,income_statement,折旧摊销,USD,1174000000.0,2022-01-30,2021-02-01,10-K,2024,FY
DepreciationDepletionAndAmortization,income_statement,折旧摊销,USD,334000000.0,2022-05-01,2022-01-31,10-Q,2023,Q1
DepreciationDepletionAndAmortization,income_statement,折旧摊销,USD,334000000.0,2022-05-01,2022-01-31,10-Q,2024,Q1
DepreciationDepletionAndAmortization,income_statement,折旧摊销,USD,712000000.0,2022-07-31,2022-01-31,10-Q,2023,Q2
DepreciationDepletionAndAmortization,income_statement,折旧摊销,USD,712000000.0,2022-07-31,2022-01-31,10-Q,2024,Q2
DepreciationDepletionAndAmortization,income_statement,折旧摊销,USD,1118000000.0,2022-10-30,2022-01-31,10-Q,2023,Q3
DepreciationDepletionAndAmortization,income_statement,折旧摊销,USD,1118000000.0,2022-10-30,2022-01-31,10-Q,2024,Q3
DepreciationDepletionAndAmortization,income_statement,折旧摊销,USD,1544000000.0,2023-01-29,2022-01-31,10-K,2023,FY
DepreciationDepletionAndAmortization,income_statement,折旧摊销,USD,1544000000.0,2023-01-29,2022-01-31,10-K,2024,FY
DepreciationDepletionAndAmortization,income_statement,折旧摊销,USD,1544000000.0,2023-01-29,2022-01-31,10-K,2025,FY
DepreciationDepletionAndAmortization,income_statement,折旧摊销,USD,384000000.0,2023-04-30,2023-01-30,10-Q,2024,Q1
DepreciationDepletionAndAmortization,income_statement,折旧摊销,USD,384000000.0,2023-04-30,2023-01-30,10-Q,2025,Q1
DepreciationDepletionAndAmortization,income_statement,折旧摊销,USD,749000000.0,2023-07-30,2023-01-30,10-Q,2024,Q2
DepreciationDepletionAndAmortization,income_statement,折旧摊销,USD,749000000.0,2023-07-30,2023-01-30,10-Q,2025,Q2
DepreciationDepletionAndAmortization,income_statement,折旧摊销,USD,1121000000.0,2023-10-29,2023-01-30,10-Q,2024,Q3
DepreciationDepletionAndAmortization,income_statement,折旧摊销,USD,1121000000.0,2023-10-29,2023-01-30,10-Q,2025,Q3
DepreciationDepletionAndAmortization,income_statement,折旧摊销,USD,1508000000.0,2024-01-28,2023-01-30,10-K,2024,FY
DepreciationDepletionAndAmortization,income_statement,折旧摊销,USD,1508000000.0,2024-01-28,2023-01-30,10-K,2025,FY
DepreciationDepletionAndAmortization,income_statement,折旧摊销,USD,410000000.0,2024-04-28,2024-01-29,10-Q,2025,Q1
DepreciationDepletionAndAmortization,income_statement,折旧摊销,USD,410000000.0,2024-04-28,2024-01-29,10-Q,2026,Q1
DepreciationDepletionAndAmortization,income_statement,折旧摊销,USD,843000000.0,2024-07-28,2024-01-29,10-Q,2025,Q2
DepreciationDepletionAndAmortization,income_statement,折旧摊销,USD,1321000000.0,2024-10-27,2024-01-29,10-Q,2025,Q3
DepreciationDepletionAndAmortization,income_statement,折旧摊销,USD,1864000000.0,2025-01-26,2024-01-29,10-K,2025,FY
DepreciationDepletionAndAmortization,income_statement,折旧摊销,USD,611000000.0,2025-04-27,2025-01-27,10-Q,2026,Q1
