concept,category,chinese_name,unit,value,end_date,start_date,form,fiscal_year,fiscal_period
Assets,balance_sheet,总资产,USD,308879000000.0,2021-03-31,,10-Q,2021.0,Q3
Assets,balance_sheet,总资产,USD,333779000000.0,2021-06-30,,10-K,2021.0,FY
Assets,balance_sheet,总资产,USD,333779000000.0,2021-06-30,,10-Q,2022.0,Q1
Assets,balance_sheet,总资产,USD,333779000000.0,2021-06-30,,10-Q,2022.0,Q2
Assets,balance_sheet,总资产,USD,333779000000.0,2021-06-30,,10-Q,2022.0,Q3
Assets,balance_sheet,总资产,USD,333779000000.0,2021-06-30,,10-K,2022.0,FY
Assets,balance_sheet,总资产,USD,335418000000.0,2021-09-30,,10-Q,2022.0,Q1
Assets,balance_sheet,总资产,USD,340389000000.0,2021-12-31,,10-Q,2022.0,Q2
Assets,balance_sheet,总资产,USD,344607000000.0,2022-03-31,,10-Q,2022.0,Q3
Assets,balance_sheet,总资产,USD,364840000000.0,2022-06-30,,10-K,2022.0,FY
Assets,balance_sheet,总资产,USD,364840000000.0,2022-06-30,,10-Q,2023.0,Q1
Assets,balance_sheet,总资产,USD,364840000000.0,2022-06-30,,10-Q,2023.0,Q2
Assets,balance_sheet,总资产,USD,364840000000.0,2022-06-30,,10-Q,2023.0,Q3
Assets,balance_sheet,总资产,USD,364840000000.0,2022-06-30,,10-K,2023.0,FY
Assets,balance_sheet,总资产,USD,359784000000.0,2022-09-30,,10-Q,2023.0,Q1
Assets,balance_sheet,总资产,USD,364552000000.0,2022-12-31,,10-Q,2023.0,Q2
Assets,balance_sheet,总资产,USD,380088000000.0,2023-03-31,,10-Q,2023.0,Q3
Assets,balance_sheet,总资产,USD,411976000000.0,2023-06-30,,10-K,2023.0,FY
Assets,balance_sheet,总资产,USD,411976000000.0,2023-06-30,,10-Q,2024.0,Q1
Assets,balance_sheet,总资产,USD,411976000000.0,2023-06-30,,10-Q,2024.0,Q2
Assets,balance_sheet,总资产,USD,411976000000.0,2023-06-30,,10-Q,2024.0,Q3
Assets,balance_sheet,总资产,USD,411976000000.0,2023-06-30,,10-K,2024.0,FY
Assets,balance_sheet,总资产,USD,411976000000.0,2023-06-30,,8-K,,
Assets,balance_sheet,总资产,USD,445785000000.0,2023-09-30,,10-Q,2024.0,Q1
Assets,balance_sheet,总资产,USD,470558000000.0,2023-12-31,,10-Q,2024.0,Q2
Assets,balance_sheet,总资产,USD,484275000000.0,2024-03-31,,10-Q,2024.0,Q3
Assets,balance_sheet,总资产,USD,512163000000.0,2024-06-30,,10-K,2024.0,FY
Assets,balance_sheet,总资产,USD,512163000000.0,2024-06-30,,10-Q,2025.0,Q1
Assets,balance_sheet,总资产,USD,512163000000.0,2024-06-30,,8-K,,
Assets,balance_sheet,总资产,USD,512163000000.0,2024-06-30,,10-Q,2025.0,Q2
Assets,balance_sheet,总资产,USD,512163000000.0,2024-06-30,,10-Q,2025.0,Q3
Assets,balance_sheet,总资产,USD,512163000000.0,2024-06-30,,10-K,2025.0,FY
Assets,balance_sheet,总资产,USD,523013000000.0,2024-09-30,,10-Q,2025.0,Q1
Assets,balance_sheet,总资产,USD,533898000000.0,2024-12-31,,10-Q,2025.0,Q2
Assets,balance_sheet,总资产,USD,562624000000.0,2025-03-31,,10-Q,2025.0,Q3
Assets,balance_sheet,总资产,USD,619003000000.0,2025-06-30,,10-K,2025.0,FY
AssetsCurrent,balance_sheet,流动资产,USD,165614000000.0,2021-03-31,,10-Q,2021.0,Q3
AssetsCurrent,balance_sheet,流动资产,USD,184406000000.0,2021-06-30,,10-K,2021.0,FY
AssetsCurrent,balance_sheet,流动资产,USD,184406000000.0,2021-06-30,,10-Q,2022.0,Q1
AssetsCurrent,balance_sheet,流动资产,USD,184406000000.0,2021-06-30,,10-Q,2022.0,Q2
AssetsCurrent,balance_sheet,流动资产,USD,184406000000.0,2021-06-30,,10-Q,2022.0,Q3
AssetsCurrent,balance_sheet,流动资产,USD,184406000000.0,2021-06-30,,10-K,2022.0,FY
AssetsCurrent,balance_sheet,流动资产,USD,174326000000.0,2021-09-30,,10-Q,2022.0,Q1
AssetsCurrent,balance_sheet,流动资产,USD,174188000000.0,2021-12-31,,10-Q,2022.0,Q2
AssetsCurrent,balance_sheet,流动资产,USD,153922000000.0,2022-03-31,,10-Q,2022.0,Q3
AssetsCurrent,balance_sheet,流动资产,USD,169684000000.0,2022-06-30,,10-K,2022.0,FY
AssetsCurrent,balance_sheet,流动资产,USD,169684000000.0,2022-06-30,,10-Q,2023.0,Q1
AssetsCurrent,balance_sheet,流动资产,USD,169684000000.0,2022-06-30,,10-Q,2023.0,Q2
AssetsCurrent,balance_sheet,流动资产,USD,169684000000.0,2022-06-30,,10-Q,2023.0,Q3
AssetsCurrent,balance_sheet,流动资产,USD,169684000000.0,2022-06-30,,10-K,2023.0,FY
AssetsCurrent,balance_sheet,流动资产,USD,160812000000.0,2022-09-30,,10-Q,2023.0,Q1
AssetsCurrent,balance_sheet,流动资产,USD,157823000000.0,2022-12-31,,10-Q,2023.0,Q2
AssetsCurrent,balance_sheet,流动资产,USD,163889000000.0,2023-03-31,,10-Q,2023.0,Q3
AssetsCurrent,balance_sheet,流动资产,USD,184257000000.0,2023-06-30,,10-K,2023.0,FY
AssetsCurrent,balance_sheet,流动资产,USD,184257000000.0,2023-06-30,,10-Q,2024.0,Q1
AssetsCurrent,balance_sheet,流动资产,USD,184257000000.0,2023-06-30,,10-Q,2024.0,Q2
AssetsCurrent,balance_sheet,流动资产,USD,184257000000.0,2023-06-30,,10-Q,2024.0,Q3
AssetsCurrent,balance_sheet,流动资产,USD,184257000000.0,2023-06-30,,10-K,2024.0,FY
AssetsCurrent,balance_sheet,流动资产,USD,184257000000.0,2023-06-30,,8-K,,
AssetsCurrent,balance_sheet,流动资产,USD,207586000000.0,2023-09-30,,10-Q,2024.0,Q1
AssetsCurrent,balance_sheet,流动资产,USD,147393000000.0,2023-12-31,,10-Q,2024.0,Q2
AssetsCurrent,balance_sheet,流动资产,USD,147180000000.0,2024-03-31,,10-Q,2024.0,Q3
AssetsCurrent,balance_sheet,流动资产,USD,159734000000.0,2024-06-30,,10-K,2024.0,FY
AssetsCurrent,balance_sheet,流动资产,USD,159734000000.0,2024-06-30,,10-Q,2025.0,Q1
AssetsCurrent,balance_sheet,流动资产,USD,159734000000.0,2024-06-30,,8-K,,
AssetsCurrent,balance_sheet,流动资产,USD,159734000000.0,2024-06-30,,10-Q,2025.0,Q2
AssetsCurrent,balance_sheet,流动资产,USD,159734000000.0,2024-06-30,,10-Q,2025.0,Q3
AssetsCurrent,balance_sheet,流动资产,USD,159734000000.0,2024-06-30,,10-K,2025.0,FY
AssetsCurrent,balance_sheet,流动资产,USD,149926000000.0,2024-09-30,,10-Q,2025.0,Q1
AssetsCurrent,balance_sheet,流动资产,USD,147080000000.0,2024-12-31,,10-Q,2025.0,Q2
AssetsCurrent,balance_sheet,流动资产,USD,156644000000.0,2025-03-31,,10-Q,2025.0,Q3
AssetsCurrent,balance_sheet,流动资产,USD,191131000000.0,2025-06-30,,10-K,2025.0,FY
CashAndCashEquivalentsAtCarryingValue,balance_sheet,现金及现金等价物,USD,13702000000.0,2021-03-31,,10-Q,2021.0,Q3
CashAndCashEquivalentsAtCarryingValue,balance_sheet,现金及现金等价物,USD,14224000000.0,2021-06-30,,10-K,2021.0,FY
CashAndCashEquivalentsAtCarryingValue,balance_sheet,现金及现金等价物,USD,14224000000.0,2021-06-30,,10-Q,2022.0,Q1
CashAndCashEquivalentsAtCarryingValue,balance_sheet,现金及现金等价物,USD,14224000000.0,2021-06-30,,10-Q,2022.0,Q2
CashAndCashEquivalentsAtCarryingValue,balance_sheet,现金及现金等价物,USD,14224000000.0,2021-06-30,,10-Q,2022.0,Q3
CashAndCashEquivalentsAtCarryingValue,balance_sheet,现金及现金等价物,USD,14224000000.0,2021-06-30,,10-K,2022.0,FY
CashAndCashEquivalentsAtCarryingValue,balance_sheet,现金及现金等价物,USD,19165000000.0,2021-09-30,,10-Q,2022.0,Q1
CashAndCashEquivalentsAtCarryingValue,balance_sheet,现金及现金等价物,USD,20604000000.0,2021-12-31,,10-Q,2022.0,Q2
CashAndCashEquivalentsAtCarryingValue,balance_sheet,现金及现金等价物,USD,12498000000.0,2022-03-31,,10-Q,2022.0,Q3
CashAndCashEquivalentsAtCarryingValue,balance_sheet,现金及现金等价物,USD,13931000000.0,2022-06-30,,10-K,2022.0,FY
CashAndCashEquivalentsAtCarryingValue,balance_sheet,现金及现金等价物,USD,13931000000.0,2022-06-30,,10-Q,2023.0,Q1
CashAndCashEquivalentsAtCarryingValue,balance_sheet,现金及现金等价物,USD,13931000000.0,2022-06-30,,10-Q,2023.0,Q2
CashAndCashEquivalentsAtCarryingValue,balance_sheet,现金及现金等价物,USD,13931000000.0,2022-06-30,,10-Q,2023.0,Q3
CashAndCashEquivalentsAtCarryingValue,balance_sheet,现金及现金等价物,USD,13931000000.0,2022-06-30,,10-K,2023.0,FY
CashAndCashEquivalentsAtCarryingValue,balance_sheet,现金及现金等价物,USD,22884000000.0,2022-09-30,,10-Q,2023.0,Q1
CashAndCashEquivalentsAtCarryingValue,balance_sheet,现金及现金等价物,USD,15646000000.0,2022-12-31,,10-Q,2023.0,Q2
CashAndCashEquivalentsAtCarryingValue,balance_sheet,现金及现金等价物,USD,26562000000.0,2023-03-31,,10-Q,2023.0,Q3
CashAndCashEquivalentsAtCarryingValue,balance_sheet,现金及现金等价物,USD,34704000000.0,2023-06-30,,10-K,2023.0,FY
CashAndCashEquivalentsAtCarryingValue,balance_sheet,现金及现金等价物,USD,34704000000.0,2023-06-30,,10-Q,2024.0,Q1
CashAndCashEquivalentsAtCarryingValue,balance_sheet,现金及现金等价物,USD,34704000000.0,2023-06-30,,10-Q,2024.0,Q2
CashAndCashEquivalentsAtCarryingValue,balance_sheet,现金及现金等价物,USD,34704000000.0,2023-06-30,,10-Q,2024.0,Q3
CashAndCashEquivalentsAtCarryingValue,balance_sheet,现金及现金等价物,USD,34704000000.0,2023-06-30,,10-K,2024.0,FY
CashAndCashEquivalentsAtCarryingValue,balance_sheet,现金及现金等价物,USD,34704000000.0,2023-06-30,,8-K,,
CashAndCashEquivalentsAtCarryingValue,balance_sheet,现金及现金等价物,USD,80452000000.0,2023-09-30,,10-Q,2024.0,Q1
CashAndCashEquivalentsAtCarryingValue,balance_sheet,现金及现金等价物,USD,17305000000.0,2023-12-31,,10-Q,2024.0,Q2
CashAndCashEquivalentsAtCarryingValue,balance_sheet,现金及现金等价物,USD,19634000000.0,2024-03-31,,10-Q,2024.0,Q3
CashAndCashEquivalentsAtCarryingValue,balance_sheet,现金及现金等价物,USD,18315000000.0,2024-06-30,,10-K,2024.0,FY
CashAndCashEquivalentsAtCarryingValue,balance_sheet,现金及现金等价物,USD,18315000000.0,2024-06-30,,10-Q,2025.0,Q1
CashAndCashEquivalentsAtCarryingValue,balance_sheet,现金及现金等价物,USD,18315000000.0,2024-06-30,,8-K,,
CashAndCashEquivalentsAtCarryingValue,balance_sheet,现金及现金等价物,USD,18315000000.0,2024-06-30,,10-Q,2025.0,Q2
CashAndCashEquivalentsAtCarryingValue,balance_sheet,现金及现金等价物,USD,18315000000.0,2024-06-30,,10-Q,2025.0,Q3
CashAndCashEquivalentsAtCarryingValue,balance_sheet,现金及现金等价物,USD,18315000000.0,2024-06-30,,10-K,2025.0,FY
CashAndCashEquivalentsAtCarryingValue,balance_sheet,现金及现金等价物,USD,20840000000.0,2024-09-30,,10-Q,2025.0,Q1
CashAndCashEquivalentsAtCarryingValue,balance_sheet,现金及现金等价物,USD,17482000000.0,2024-12-31,,10-Q,2025.0,Q2
CashAndCashEquivalentsAtCarryingValue,balance_sheet,现金及现金等价物,USD,28828000000.0,2025-03-31,,10-Q,2025.0,Q3
CashAndCashEquivalentsAtCarryingValue,balance_sheet,现金及现金等价物,USD,30242000000.0,2025-06-30,,10-K,2025.0,FY
AccountsReceivableNetCurrent,balance_sheet,应收账款净额,USD,26322000000.0,2021-03-31,,10-Q,2021.0,Q3
AccountsReceivableNetCurrent,balance_sheet,应收账款净额,USD,38043000000.0,2021-06-30,,10-K,2021.0,FY
AccountsReceivableNetCurrent,balance_sheet,应收账款净额,USD,38043000000.0,2021-06-30,,10-Q,2022.0,Q1
AccountsReceivableNetCurrent,balance_sheet,应收账款净额,USD,38043000000.0,2021-06-30,,10-Q,2022.0,Q2
AccountsReceivableNetCurrent,balance_sheet,应收账款净额,USD,38043000000.0,2021-06-30,,10-Q,2022.0,Q3
AccountsReceivableNetCurrent,balance_sheet,应收账款净额,USD,38043000000.0,2021-06-30,,10-K,2022.0,FY
AccountsReceivableNetCurrent,balance_sheet,应收账款净额,USD,27349000000.0,2021-09-30,,10-Q,2022.0,Q1
AccountsReceivableNetCurrent,balance_sheet,应收账款净额,USD,33520000000.0,2021-12-31,,10-Q,2022.0,Q2
AccountsReceivableNetCurrent,balance_sheet,应收账款净额,USD,32613000000.0,2022-03-31,,10-Q,2022.0,Q3
AccountsReceivableNetCurrent,balance_sheet,应收账款净额,USD,44261000000.0,2022-06-30,,10-K,2022.0,FY
AccountsReceivableNetCurrent,balance_sheet,应收账款净额,USD,44261000000.0,2022-06-30,,10-Q,2023.0,Q1
AccountsReceivableNetCurrent,balance_sheet,应收账款净额,USD,44261000000.0,2022-06-30,,10-Q,2023.0,Q2
AccountsReceivableNetCurrent,balance_sheet,应收账款净额,USD,44261000000.0,2022-06-30,,10-Q,2023.0,Q3
AccountsReceivableNetCurrent,balance_sheet,应收账款净额,USD,44261000000.0,2022-06-30,,10-K,2023.0,FY
AccountsReceivableNetCurrent,balance_sheet,应收账款净额,USD,31279000000.0,2022-09-30,,10-Q,2023.0,Q1
AccountsReceivableNetCurrent,balance_sheet,应收账款净额,USD,35833000000.0,2022-12-31,,10-Q,2023.0,Q2
AccountsReceivableNetCurrent,balance_sheet,应收账款净额,USD,37420000000.0,2023-03-31,,10-Q,2023.0,Q3
AccountsReceivableNetCurrent,balance_sheet,应收账款净额,USD,48688000000.0,2023-06-30,,10-K,2023.0,FY
AccountsReceivableNetCurrent,balance_sheet,应收账款净额,USD,48688000000.0,2023-06-30,,10-Q,2024.0,Q1
AccountsReceivableNetCurrent,balance_sheet,应收账款净额,USD,48688000000.0,2023-06-30,,10-Q,2024.0,Q2
AccountsReceivableNetCurrent,balance_sheet,应收账款净额,USD,48688000000.0,2023-06-30,,10-Q,2024.0,Q3
AccountsReceivableNetCurrent,balance_sheet,应收账款净额,USD,48688000000.0,2023-06-30,,10-K,2024.0,FY
AccountsReceivableNetCurrent,balance_sheet,应收账款净额,USD,48688000000.0,2023-06-30,,8-K,,
AccountsReceivableNetCurrent,balance_sheet,应收账款净额,USD,36953000000.0,2023-09-30,,10-Q,2024.0,Q1
AccountsReceivableNetCurrent,balance_sheet,应收账款净额,USD,42831000000.0,2023-12-31,,10-Q,2024.0,Q2
AccountsReceivableNetCurrent,balance_sheet,应收账款净额,USD,44029000000.0,2024-03-31,,10-Q,2024.0,Q3
AccountsReceivableNetCurrent,balance_sheet,应收账款净额,USD,56924000000.0,2024-06-30,,10-K,2024.0,FY
AccountsReceivableNetCurrent,balance_sheet,应收账款净额,USD,56924000000.0,2024-06-30,,10-Q,2025.0,Q1
AccountsReceivableNetCurrent,balance_sheet,应收账款净额,USD,56924000000.0,2024-06-30,,8-K,,
AccountsReceivableNetCurrent,balance_sheet,应收账款净额,USD,56924000000.0,2024-06-30,,10-Q,2025.0,Q2
AccountsReceivableNetCurrent,balance_sheet,应收账款净额,USD,56924000000.0,2024-06-30,,10-Q,2025.0,Q3
AccountsReceivableNetCurrent,balance_sheet,应收账款净额,USD,56924000000.0,2024-06-30,,10-K,2025.0,FY
AccountsReceivableNetCurrent,balance_sheet,应收账款净额,USD,44148000000.0,2024-09-30,,10-Q,2025.0,Q1
AccountsReceivableNetCurrent,balance_sheet,应收账款净额,USD,48188000000.0,2024-12-31,,10-Q,2025.0,Q2
AccountsReceivableNetCurrent,balance_sheet,应收账款净额,USD,51700000000.0,2025-03-31,,10-Q,2025.0,Q3
AccountsReceivableNetCurrent,balance_sheet,应收账款净额,USD,69905000000.0,2025-06-30,,10-K,2025.0,FY
InventoryNet,balance_sheet,存货净额,USD,2245000000.0,2021-03-31,,10-Q,2021.0,Q3
InventoryNet,balance_sheet,存货净额,USD,2636000000.0,2021-06-30,,10-K,2021.0,FY
InventoryNet,balance_sheet,存货净额,USD,2636000000.0,2021-06-30,,10-Q,2022.0,Q1
InventoryNet,balance_sheet,存货净额,USD,2636000000.0,2021-06-30,,10-Q,2022.0,Q2
InventoryNet,balance_sheet,存货净额,USD,2636000000.0,2021-06-30,,10-Q,2022.0,Q3
InventoryNet,balance_sheet,存货净额,USD,2636000000.0,2021-06-30,,10-K,2022.0,FY
InventoryNet,balance_sheet,存货净额,USD,3411000000.0,2021-09-30,,10-Q,2022.0,Q1
InventoryNet,balance_sheet,存货净额,USD,3019000000.0,2021-12-31,,10-Q,2022.0,Q2
InventoryNet,balance_sheet,存货净额,USD,3296000000.0,2022-03-31,,10-Q,2022.0,Q3
InventoryNet,balance_sheet,存货净额,USD,3742000000.0,2022-06-30,,10-K,2022.0,FY
InventoryNet,balance_sheet,存货净额,USD,3742000000.0,2022-06-30,,10-Q,2023.0,Q1
InventoryNet,balance_sheet,存货净额,USD,3742000000.0,2022-06-30,,10-Q,2023.0,Q2
InventoryNet,balance_sheet,存货净额,USD,3742000000.0,2022-06-30,,10-Q,2023.0,Q3
InventoryNet,balance_sheet,存货净额,USD,3742000000.0,2022-06-30,,10-K,2023.0,FY
InventoryNet,balance_sheet,存货净额,USD,4268000000.0,2022-09-30,,10-Q,2023.0,Q1
InventoryNet,balance_sheet,存货净额,USD,2980000000.0,2022-12-31,,10-Q,2023.0,Q2
InventoryNet,balance_sheet,存货净额,USD,2877000000.0,2023-03-31,,10-Q,2023.0,Q3
InventoryNet,balance_sheet,存货净额,USD,2500000000.0,2023-06-30,,10-K,2023.0,FY
InventoryNet,balance_sheet,存货净额,USD,2500000000.0,2023-06-30,,10-Q,2024.0,Q1
InventoryNet,balance_sheet,存货净额,USD,2500000000.0,2023-06-30,,10-Q,2024.0,Q2
InventoryNet,balance_sheet,存货净额,USD,2500000000.0,2023-06-30,,10-Q,2024.0,Q3
InventoryNet,balance_sheet,存货净额,USD,2500000000.0,2023-06-30,,10-K,2024.0,FY
InventoryNet,balance_sheet,存货净额,USD,2500000000.0,2023-06-30,,8-K,,
InventoryNet,balance_sheet,存货净额,USD,3000000000.0,2023-09-30,,10-Q,2024.0,Q1
InventoryNet,balance_sheet,存货净额,USD,1615000000.0,2023-12-31,,10-Q,2024.0,Q2
InventoryNet,balance_sheet,存货净额,USD,1304000000.0,2024-03-31,,10-Q,2024.0,Q3
InventoryNet,balance_sheet,存货净额,USD,1246000000.0,2024-06-30,,10-K,2024.0,FY
InventoryNet,balance_sheet,存货净额,USD,1246000000.0,2024-06-30,,10-Q,2025.0,Q1
InventoryNet,balance_sheet,存货净额,USD,1246000000.0,2024-06-30,,8-K,,
InventoryNet,balance_sheet,存货净额,USD,1246000000.0,2024-06-30,,10-Q,2025.0,Q2
InventoryNet,balance_sheet,存货净额,USD,1246000000.0,2024-06-30,,10-Q,2025.0,Q3
InventoryNet,balance_sheet,存货净额,USD,1246000000.0,2024-06-30,,10-K,2025.0,FY
InventoryNet,balance_sheet,存货净额,USD,1626000000.0,2024-09-30,,10-Q,2025.0,Q1
InventoryNet,balance_sheet,存货净额,USD,909000000.0,2024-12-31,,10-Q,2025.0,Q2
InventoryNet,balance_sheet,存货净额,USD,848000000.0,2025-03-31,,10-Q,2025.0,Q3
InventoryNet,balance_sheet,存货净额,USD,938000000.0,2025-06-30,,10-K,2025.0,FY
Liabilities,balance_sheet,总负债,USD,174374000000.0,2021-03-31,,10-Q,2021.0,Q3
Liabilities,balance_sheet,总负债,USD,191791000000.0,2021-06-30,,10-K,2021.0,FY
Liabilities,balance_sheet,总负债,USD,191791000000.0,2021-06-30,,10-Q,2022.0,Q1
Liabilities,balance_sheet,总负债,USD,191791000000.0,2021-06-30,,10-Q,2022.0,Q2
Liabilities,balance_sheet,总负债,USD,191791000000.0,2021-06-30,,10-Q,2022.0,Q3
Liabilities,balance_sheet,总负债,USD,191791000000.0,2021-06-30,,10-K,2022.0,FY
Liabilities,balance_sheet,总负债,USD,183440000000.0,2021-09-30,,10-Q,2022.0,Q1
Liabilities,balance_sheet,总负债,USD,180379000000.0,2021-12-31,,10-Q,2022.0,Q2
Liabilities,balance_sheet,总负债,USD,181683000000.0,2022-03-31,,10-Q,2022.0,Q3
Liabilities,balance_sheet,总负债,USD,198298000000.0,2022-06-30,,10-K,2022.0,FY
Liabilities,balance_sheet,总负债,USD,198298000000.0,2022-06-30,,10-Q,2023.0,Q1
Liabilities,balance_sheet,总负债,USD,198298000000.0,2022-06-30,,10-Q,2023.0,Q2
Liabilities,balance_sheet,总负债,USD,198298000000.0,2022-06-30,,10-Q,2023.0,Q3
Liabilities,balance_sheet,总负债,USD,198298000000.0,2022-06-30,,10-K,2023.0,FY
Liabilities,balance_sheet,总负债,USD,186218000000.0,2022-09-30,,10-Q,2023.0,Q1
Liabilities,balance_sheet,总负债,USD,181416000000.0,2022-12-31,,10-Q,2023.0,Q2
Liabilities,balance_sheet,总负债,USD,185405000000.0,2023-03-31,,10-Q,2023.0,Q3
Liabilities,balance_sheet,总负债,USD,205753000000.0,2023-06-30,,10-K,2023.0,FY
Liabilities,balance_sheet,总负债,USD,205753000000.0,2023-06-30,,10-Q,2024.0,Q1
Liabilities,balance_sheet,总负债,USD,205753000000.0,2023-06-30,,10-Q,2024.0,Q2
Liabilities,balance_sheet,总负债,USD,205753000000.0,2023-06-30,,10-Q,2024.0,Q3
Liabilities,balance_sheet,总负债,USD,205753000000.0,2023-06-30,,10-K,2024.0,FY
Liabilities,balance_sheet,总负债,USD,205753000000.0,2023-06-30,,8-K,,
Liabilities,balance_sheet,总负债,USD,225071000000.0,2023-09-30,,10-Q,2024.0,Q1
Liabilities,balance_sheet,总负债,USD,232290000000.0,2023-12-31,,10-Q,2024.0,Q2
Liabilities,balance_sheet,总负债,USD,231123000000.0,2024-03-31,,10-Q,2024.0,Q3
Liabilities,balance_sheet,总负债,USD,243686000000.0,2024-06-30,,10-K,2024.0,FY
Liabilities,balance_sheet,总负债,USD,243686000000.0,2024-06-30,,10-Q,2025.0,Q1
Liabilities,balance_sheet,总负债,USD,243686000000.0,2024-06-30,,8-K,,
Liabilities,balance_sheet,总负债,USD,243686000000.0,2024-06-30,,10-Q,2025.0,Q2
Liabilities,balance_sheet,总负债,USD,243686000000.0,2024-06-30,,10-Q,2025.0,Q3
Liabilities,balance_sheet,总负债,USD,243686000000.0,2024-06-30,,10-K,2025.0,FY
Liabilities,balance_sheet,总负债,USD,235290000000.0,2024-09-30,,10-Q,2025.0,Q1
Liabilities,balance_sheet,总负债,USD,231203000000.0,2024-12-31,,10-Q,2025.0,Q2
Liabilities,balance_sheet,总负债,USD,240733000000.0,2025-03-31,,10-Q,2025.0,Q3
Liabilities,balance_sheet,总负债,USD,275524000000.0,2025-06-30,,10-K,2025.0,FY
LiabilitiesCurrent,balance_sheet,流动负债,USD,72193000000.0,2021-03-31,,10-Q,2021.0,Q3
LiabilitiesCurrent,balance_sheet,流动负债,USD,88657000000.0,2021-06-30,,10-K,2021.0,FY
LiabilitiesCurrent,balance_sheet,流动负债,USD,88657000000.0,2021-06-30,,10-Q,2022.0,Q1
LiabilitiesCurrent,balance_sheet,流动负债,USD,88657000000.0,2021-06-30,,10-Q,2022.0,Q2
LiabilitiesCurrent,balance_sheet,流动负债,USD,88657000000.0,2021-06-30,,10-Q,2022.0,Q3
LiabilitiesCurrent,balance_sheet,流动负债,USD,88657000000.0,2021-06-30,,10-K,2022.0,FY
LiabilitiesCurrent,balance_sheet,流动负债,USD,80528000000.0,2021-09-30,,10-Q,2022.0,Q1
LiabilitiesCurrent,balance_sheet,流动负债,USD,77510000000.0,2021-12-31,,10-Q,2022.0,Q2
LiabilitiesCurrent,balance_sheet,流动负债,USD,77439000000.0,2022-03-31,,10-Q,2022.0,Q3
LiabilitiesCurrent,balance_sheet,流动负债,USD,95082000000.0,2022-06-30,,10-K,2022.0,FY
LiabilitiesCurrent,balance_sheet,流动负债,USD,95082000000.0,2022-06-30,,10-Q,2023.0,Q1
LiabilitiesCurrent,balance_sheet,流动负债,USD,95082000000.0,2022-06-30,,10-Q,2023.0,Q2
LiabilitiesCurrent,balance_sheet,流动负债,USD,95082000000.0,2022-06-30,,10-Q,2023.0,Q3
LiabilitiesCurrent,balance_sheet,流动负债,USD,95082000000.0,2022-06-30,,10-K,2023.0,FY
LiabilitiesCurrent,balance_sheet,流动负债,USD,87389000000.0,2022-09-30,,10-Q,2023.0,Q1
LiabilitiesCurrent,balance_sheet,流动负债,USD,81718000000.0,2022-12-31,,10-Q,2023.0,Q2
LiabilitiesCurrent,balance_sheet,流动负债,USD,85691000000.0,2023-03-31,,10-Q,2023.0,Q3
LiabilitiesCurrent,balance_sheet,流动负债,USD,104149000000.0,2023-06-30,,10-K,2023.0,FY
LiabilitiesCurrent,balance_sheet,流动负债,USD,104149000000.0,2023-06-30,,10-Q,2024.0,Q1
LiabilitiesCurrent,balance_sheet,流动负债,USD,104149000000.0,2023-06-30,,10-Q,2024.0,Q2
LiabilitiesCurrent,balance_sheet,流动负债,USD,104149000000.0,2023-06-30,,10-Q,2024.0,Q3
LiabilitiesCurrent,balance_sheet,流动负债,USD,104149000000.0,2023-06-30,,10-K,2024.0,FY
LiabilitiesCurrent,balance_sheet,流动负债,USD,104149000000.0,2023-06-30,,8-K,,
LiabilitiesCurrent,balance_sheet,流动负债,USD,124792000000.0,2023-09-30,,10-Q,2024.0,Q1
LiabilitiesCurrent,balance_sheet,流动负债,USD,121016000000.0,2023-12-31,,10-Q,2024.0,Q2
LiabilitiesCurrent,balance_sheet,流动负债,USD,118525000000.0,2024-03-31,,10-Q,2024.0,Q3
LiabilitiesCurrent,balance_sheet,流动负债,USD,125286000000.0,2024-06-30,,10-K,2024.0,FY
LiabilitiesCurrent,balance_sheet,流动负债,USD,125286000000.0,2024-06-30,,10-Q,2025.0,Q1
LiabilitiesCurrent,balance_sheet,流动负债,USD,125286000000.0,2024-06-30,,8-K,,
LiabilitiesCurrent,balance_sheet,流动负债,USD,125286000000.0,2024-06-30,,10-Q,2025.0,Q2
LiabilitiesCurrent,balance_sheet,流动负债,USD,125286000000.0,2024-06-30,,10-Q,2025.0,Q3
LiabilitiesCurrent,balance_sheet,流动负债,USD,125286000000.0,2024-06-30,,10-K,2025.0,FY
LiabilitiesCurrent,balance_sheet,流动负债,USD,115200000000.0,2024-09-30,,10-Q,2025.0,Q1
LiabilitiesCurrent,balance_sheet,流动负债,USD,108882000000.0,2024-12-31,,10-Q,2025.0,Q2
LiabilitiesCurrent,balance_sheet,流动负债,USD,114206000000.0,2025-03-31,,10-Q,2025.0,Q3
LiabilitiesCurrent,balance_sheet,流动负债,USD,141218000000.0,2025-06-30,,10-K,2025.0,FY
AccountsPayableCurrent,balance_sheet,应付账款,USD,13412000000.0,2021-03-31,,10-Q,2021.0,Q3
AccountsPayableCurrent,balance_sheet,应付账款,USD,15163000000.0,2021-06-30,,10-K,2021.0,FY
AccountsPayableCurrent,balance_sheet,应付账款,USD,15163000000.0,2021-06-30,,10-Q,2022.0,Q1
AccountsPayableCurrent,balance_sheet,应付账款,USD,15163000000.0,2021-06-30,,10-Q,2022.0,Q2
AccountsPayableCurrent,balance_sheet,应付账款,USD,15163000000.0,2021-06-30,,10-Q,2022.0,Q3
AccountsPayableCurrent,balance_sheet,应付账款,USD,15163000000.0,2021-06-30,,10-K,2022.0,FY
AccountsPayableCurrent,balance_sheet,应付账款,USD,14832000000.0,2021-09-30,,10-Q,2022.0,Q1
AccountsPayableCurrent,balance_sheet,应付账款,USD,15314000000.0,2021-12-31,,10-Q,2022.0,Q2
AccountsPayableCurrent,balance_sheet,应付账款,USD,16085000000.0,2022-03-31,,10-Q,2022.0,Q3
AccountsPayableCurrent,balance_sheet,应付账款,USD,19000000000.0,2022-06-30,,10-K,2022.0,FY
AccountsPayableCurrent,balance_sheet,应付账款,USD,19000000000.0,2022-06-30,,10-Q,2023.0,Q1
AccountsPayableCurrent,balance_sheet,应付账款,USD,19000000000.0,2022-06-30,,10-Q,2023.0,Q2
AccountsPayableCurrent,balance_sheet,应付账款,USD,19000000000.0,2022-06-30,,10-Q,2023.0,Q3
AccountsPayableCurrent,balance_sheet,应付账款,USD,19000000000.0,2022-06-30,,10-K,2023.0,FY
AccountsPayableCurrent,balance_sheet,应付账款,USD,16609000000.0,2022-09-30,,10-Q,2023.0,Q1
AccountsPayableCurrent,balance_sheet,应付账款,USD,15354000000.0,2022-12-31,,10-Q,2023.0,Q2
AccountsPayableCurrent,balance_sheet,应付账款,USD,15305000000.0,2023-03-31,,10-Q,2023.0,Q3
AccountsPayableCurrent,balance_sheet,应付账款,USD,18095000000.0,2023-06-30,,10-K,2023.0,FY
AccountsPayableCurrent,balance_sheet,应付账款,USD,18095000000.0,2023-06-30,,10-Q,2024.0,Q1
AccountsPayableCurrent,balance_sheet,应付账款,USD,18095000000.0,2023-06-30,,10-Q,2024.0,Q2
AccountsPayableCurrent,balance_sheet,应付账款,USD,18095000000.0,2023-06-30,,10-Q,2024.0,Q3
AccountsPayableCurrent,balance_sheet,应付账款,USD,18095000000.0,2023-06-30,,10-K,2024.0,FY
AccountsPayableCurrent,balance_sheet,应付账款,USD,18095000000.0,2023-06-30,,8-K,,
AccountsPayableCurrent,balance_sheet,应付账款,USD,19307000000.0,2023-09-30,,10-Q,2024.0,Q1
AccountsPayableCurrent,balance_sheet,应付账款,USD,17695000000.0,2023-12-31,,10-Q,2024.0,Q2
AccountsPayableCurrent,balance_sheet,应付账款,USD,18087000000.0,2024-03-31,,10-Q,2024.0,Q3
AccountsPayableCurrent,balance_sheet,应付账款,USD,21996000000.0,2024-06-30,,10-K,2024.0,FY
AccountsPayableCurrent,balance_sheet,应付账款,USD,21996000000.0,2024-06-30,,10-Q,2025.0,Q1
AccountsPayableCurrent,balance_sheet,应付账款,USD,21996000000.0,2024-06-30,,8-K,,
AccountsPayableCurrent,balance_sheet,应付账款,USD,21996000000.0,2024-06-30,,10-Q,2025.0,Q2
AccountsPayableCurrent,balance_sheet,应付账款,USD,21996000000.0,2024-06-30,,10-Q,2025.0,Q3
AccountsPayableCurrent,balance_sheet,应付账款,USD,21996000000.0,2024-06-30,,10-K,2025.0,FY
AccountsPayableCurrent,balance_sheet,应付账款,USD,22768000000.0,2024-09-30,,10-Q,2025.0,Q1
AccountsPayableCurrent,balance_sheet,应付账款,USD,22608000000.0,2024-12-31,,10-Q,2025.0,Q2
AccountsPayableCurrent,balance_sheet,应付账款,USD,26250000000.0,2025-03-31,,10-Q,2025.0,Q3
AccountsPayableCurrent,balance_sheet,应付账款,USD,27724000000.0,2025-06-30,,10-K,2025.0,FY
LongTermDebtNoncurrent,balance_sheet,长期债务,USD,50007000000.0,2021-03-31,,10-Q,2021.0,Q3
LongTermDebtNoncurrent,balance_sheet,长期债务,USD,50074000000.0,2021-06-30,,10-K,2021.0,FY
LongTermDebtNoncurrent,balance_sheet,长期债务,USD,50074000000.0,2021-06-30,,10-Q,2022.0,Q1
LongTermDebtNoncurrent,balance_sheet,长期债务,USD,50074000000.0,2021-06-30,,10-Q,2022.0,Q2
LongTermDebtNoncurrent,balance_sheet,长期债务,USD,50074000000.0,2021-06-30,,10-Q,2022.0,Q3
LongTermDebtNoncurrent,balance_sheet,长期债务,USD,50074000000.0,2021-06-30,,10-K,2022.0,FY
LongTermDebtNoncurrent,balance_sheet,长期债务,USD,50039000000.0,2021-09-30,,10-Q,2022.0,Q1
LongTermDebtNoncurrent,balance_sheet,长期债务,USD,48260000000.0,2021-12-31,,10-Q,2022.0,Q2
LongTermDebtNoncurrent,balance_sheet,长期债务,USD,48177000000.0,2022-03-31,,10-Q,2022.0,Q3
LongTermDebtNoncurrent,balance_sheet,长期债务,USD,47032000000.0,2022-06-30,,10-K,2022.0,FY
LongTermDebtNoncurrent,balance_sheet,长期债务,USD,47032000000.0,2022-06-30,,10-Q,2023.0,Q1
LongTermDebtNoncurrent,balance_sheet,长期债务,USD,47032000000.0,2022-06-30,,10-Q,2023.0,Q2
LongTermDebtNoncurrent,balance_sheet,长期债务,USD,47032000000.0,2022-06-30,,10-Q,2023.0,Q3
LongTermDebtNoncurrent,balance_sheet,长期债务,USD,47032000000.0,2022-06-30,,10-K,2023.0,FY
LongTermDebtNoncurrent,balance_sheet,长期债务,USD,45374000000.0,2022-09-30,,10-Q,2023.0,Q1
LongTermDebtNoncurrent,balance_sheet,长期债务,USD,44119000000.0,2022-12-31,,10-Q,2023.0,Q2
LongTermDebtNoncurrent,balance_sheet,长期债务,USD,41965000000.0,2023-03-31,,10-Q,2023.0,Q3
LongTermDebtNoncurrent,balance_sheet,长期债务,USD,41990000000.0,2023-06-30,,10-K,2023.0,FY
LongTermDebtNoncurrent,balance_sheet,长期债务,USD,41990000000.0,2023-06-30,,10-Q,2024.0,Q1
LongTermDebtNoncurrent,balance_sheet,长期债务,USD,41990000000.0,2023-06-30,,10-Q,2024.0,Q2
LongTermDebtNoncurrent,balance_sheet,长期债务,USD,41990000000.0,2023-06-30,,10-Q,2024.0,Q3
LongTermDebtNoncurrent,balance_sheet,长期债务,USD,41990000000.0,2023-06-30,,10-K,2024.0,FY
LongTermDebtNoncurrent,balance_sheet,长期债务,USD,41990000000.0,2023-06-30,,8-K,,
LongTermDebtNoncurrent,balance_sheet,长期债务,USD,41946000000.0,2023-09-30,,10-Q,2024.0,Q1
LongTermDebtNoncurrent,balance_sheet,长期债务,USD,44928000000.0,2023-12-31,,10-Q,2024.0,Q2
LongTermDebtNoncurrent,balance_sheet,长期债务,USD,42658000000.0,2024-03-31,,10-Q,2024.0,Q3
LongTermDebtNoncurrent,balance_sheet,长期债务,USD,42688000000.0,2024-06-30,,10-K,2024.0,FY
LongTermDebtNoncurrent,balance_sheet,长期债务,USD,42688000000.0,2024-06-30,,10-Q,2025.0,Q1
LongTermDebtNoncurrent,balance_sheet,长期债务,USD,42688000000.0,2024-06-30,,8-K,,
LongTermDebtNoncurrent,balance_sheet,长期债务,USD,42688000000.0,2024-06-30,,10-Q,2025.0,Q2
LongTermDebtNoncurrent,balance_sheet,长期债务,USD,42688000000.0,2024-06-30,,10-Q,2025.0,Q3
LongTermDebtNoncurrent,balance_sheet,长期债务,USD,42688000000.0,2024-06-30,,10-K,2025.0,FY
LongTermDebtNoncurrent,balance_sheet,长期债务,USD,42868000000.0,2024-09-30,,10-Q,2025.0,Q1
LongTermDebtNoncurrent,balance_sheet,长期债务,USD,39722000000.0,2024-12-31,,10-Q,2025.0,Q2
LongTermDebtNoncurrent,balance_sheet,长期债务,USD,39882000000.0,2025-03-31,,10-Q,2025.0,Q3
LongTermDebtNoncurrent,balance_sheet,长期债务,USD,40152000000.0,2025-06-30,,10-K,2025.0,FY
StockholdersEquity,balance_sheet,股东权益,USD,134505000000.0,2021-03-31,,10-Q,2021.0,Q3
StockholdersEquity,balance_sheet,股东权益,USD,134505000000.0,2021-03-31,,10-Q,2022.0,Q3
StockholdersEquity,balance_sheet,股东权益,USD,141988000000.0,2021-06-30,,10-K,2021.0,FY
StockholdersEquity,balance_sheet,股东权益,USD,141988000000.0,2021-06-30,,10-Q,2022.0,Q1
StockholdersEquity,balance_sheet,股东权益,USD,141988000000.0,2021-06-30,,10-Q,2022.0,Q2
StockholdersEquity,balance_sheet,股东权益,USD,141988000000.0,2021-06-30,,10-Q,2022.0,Q3
StockholdersEquity,balance_sheet,股东权益,USD,141988000000.0,2021-06-30,,10-K,2022.0,FY
StockholdersEquity,balance_sheet,股东权益,USD,141988000000.0,2021-06-30,,10-K,2023.0,FY
StockholdersEquity,balance_sheet,股东权益,USD,151978000000.0,2021-09-30,,10-Q,2022.0,Q1
StockholdersEquity,balance_sheet,股东权益,USD,151978000000.0,2021-09-30,,10-Q,2023.0,Q1
StockholdersEquity,balance_sheet,股东权益,USD,160010000000.0,2021-12-31,,10-Q,2022.0,Q2
StockholdersEquity,balance_sheet,股东权益,USD,160010000000.0,2021-12-31,,10-Q,2023.0,Q2
StockholdersEquity,balance_sheet,股东权益,USD,162924000000.0,2022-03-31,,10-Q,2022.0,Q3
StockholdersEquity,balance_sheet,股东权益,USD,162924000000.0,2022-03-31,,10-Q,2023.0,Q3
StockholdersEquity,balance_sheet,股东权益,USD,166542000000.0,2022-06-30,,10-K,2022.0,FY
StockholdersEquity,balance_sheet,股东权益,USD,166542000000.0,2022-06-30,,10-Q,2023.0,Q1
StockholdersEquity,balance_sheet,股东权益,USD,166542000000.0,2022-06-30,,10-Q,2023.0,Q2
StockholdersEquity,balance_sheet,股东权益,USD,166542000000.0,2022-06-30,,10-Q,2023.0,Q3
StockholdersEquity,balance_sheet,股东权益,USD,166542000000.0,2022-06-30,,10-K,2023.0,FY
StockholdersEquity,balance_sheet,股东权益,USD,166542000000.0,2022-06-30,,10-K,2024.0,FY
StockholdersEquity,balance_sheet,股东权益,USD,166542000000.0,2022-06-30,,8-K,,
StockholdersEquity,balance_sheet,股东权益,USD,173566000000.0,2022-09-30,,10-Q,2023.0,Q1
StockholdersEquity,balance_sheet,股东权益,USD,173566000000.0,2022-09-30,,10-Q,2024.0,Q1
StockholdersEquity,balance_sheet,股东权益,USD,183136000000.0,2022-12-31,,10-Q,2023.0,Q2
StockholdersEquity,balance_sheet,股东权益,USD,183136000000.0,2022-12-31,,10-Q,2024.0,Q2
StockholdersEquity,balance_sheet,股东权益,USD,194683000000.0,2023-03-31,,10-Q,2023.0,Q3
StockholdersEquity,balance_sheet,股东权益,USD,194683000000.0,2023-03-31,,10-Q,2024.0,Q3
StockholdersEquity,balance_sheet,股东权益,USD,206223000000.0,2023-06-30,,10-K,2023.0,FY
StockholdersEquity,balance_sheet,股东权益,USD,206223000000.0,2023-06-30,,10-Q,2024.0,Q1
StockholdersEquity,balance_sheet,股东权益,USD,206223000000.0,2023-06-30,,10-Q,2024.0,Q2
StockholdersEquity,balance_sheet,股东权益,USD,206223000000.0,2023-06-30,,10-Q,2024.0,Q3
StockholdersEquity,balance_sheet,股东权益,USD,206223000000.0,2023-06-30,,10-K,2024.0,FY
StockholdersEquity,balance_sheet,股东权益,USD,206223000000.0,2023-06-30,,8-K,,
StockholdersEquity,balance_sheet,股东权益,USD,206223000000.0,2023-06-30,,10-K,2025.0,FY
StockholdersEquity,balance_sheet,股东权益,USD,220714000000.0,2023-09-30,,10-Q,2024.0,Q1
StockholdersEquity,balance_sheet,股东权益,USD,220714000000.0,2023-09-30,,10-Q,2025.0,Q1
StockholdersEquity,balance_sheet,股东权益,USD,238268000000.0,2023-12-31,,10-Q,2024.0,Q2
StockholdersEquity,balance_sheet,股东权益,USD,238268000000.0,2023-12-31,,10-Q,2025.0,Q2
StockholdersEquity,balance_sheet,股东权益,USD,253152000000.0,2024-03-31,,10-Q,2024.0,Q3
StockholdersEquity,balance_sheet,股东权益,USD,253152000000.0,2024-03-31,,10-Q,2025.0,Q3
StockholdersEquity,balance_sheet,股东权益,USD,268477000000.0,2024-06-30,,10-K,2024.0,FY
StockholdersEquity,balance_sheet,股东权益,USD,268477000000.0,2024-06-30,,10-Q,2025.0,Q1
StockholdersEquity,balance_sheet,股东权益,USD,268477000000.0,2024-06-30,,8-K,,
StockholdersEquity,balance_sheet,股东权益,USD,268477000000.0,2024-06-30,,10-Q,2025.0,Q2
StockholdersEquity,balance_sheet,股东权益,USD,268477000000.0,2024-06-30,,10-Q,2025.0,Q3
StockholdersEquity,balance_sheet,股东权益,USD,268477000000.0,2024-06-30,,10-K,2025.0,FY
StockholdersEquity,balance_sheet,股东权益,USD,287723000000.0,2024-09-30,,10-Q,2025.0,Q1
StockholdersEquity,balance_sheet,股东权益,USD,302695000000.0,2024-12-31,,10-Q,2025.0,Q2
StockholdersEquity,balance_sheet,股东权益,USD,321891000000.0,2025-03-31,,10-Q,2025.0,Q3
StockholdersEquity,balance_sheet,股东权益,USD,343479000000.0,2025-06-30,,10-K,2025.0,FY
RetainedEarningsAccumulatedDeficit,balance_sheet,留存收益,USD,50735000000.0,2021-03-31,,10-Q,2021.0,Q3
RetainedEarningsAccumulatedDeficit,balance_sheet,留存收益,USD,57055000000.0,2021-06-30,,10-K,2021.0,FY
RetainedEarningsAccumulatedDeficit,balance_sheet,留存收益,USD,57055000000.0,2021-06-30,,10-Q,2022.0,Q1
RetainedEarningsAccumulatedDeficit,balance_sheet,留存收益,USD,57055000000.0,2021-06-30,,10-Q,2022.0,Q2
RetainedEarningsAccumulatedDeficit,balance_sheet,留存收益,USD,57055000000.0,2021-06-30,,10-Q,2022.0,Q3
RetainedEarningsAccumulatedDeficit,balance_sheet,留存收益,USD,57055000000.0,2021-06-30,,10-K,2022.0,FY
RetainedEarningsAccumulatedDeficit,balance_sheet,留存收益,USD,66944000000.0,2021-09-30,,10-Q,2022.0,Q1
RetainedEarningsAccumulatedDeficit,balance_sheet,留存收益,USD,75045000000.0,2021-12-31,,10-Q,2022.0,Q2
RetainedEarningsAccumulatedDeficit,balance_sheet,留存收益,USD,79633000000.0,2022-03-31,,10-Q,2022.0,Q3
RetainedEarningsAccumulatedDeficit,balance_sheet,留存收益,USD,84281000000.0,2022-06-30,,10-K,2022.0,FY
RetainedEarningsAccumulatedDeficit,balance_sheet,留存收益,USD,84281000000.0,2022-06-30,,10-Q,2023.0,Q1
RetainedEarningsAccumulatedDeficit,balance_sheet,留存收益,USD,84281000000.0,2022-06-30,,10-Q,2023.0,Q2
RetainedEarningsAccumulatedDeficit,balance_sheet,留存收益,USD,84281000000.0,2022-06-30,,10-Q,2023.0,Q3
RetainedEarningsAccumulatedDeficit,balance_sheet,留存收益,USD,84281000000.0,2022-06-30,,10-K,2023.0,FY
RetainedEarningsAccumulatedDeficit,balance_sheet,留存收益,USD,92374000000.0,2022-09-30,,10-Q,2023.0,Q1
RetainedEarningsAccumulatedDeficit,balance_sheet,留存收益,USD,99368000000.0,2022-12-31,,10-Q,2023.0,Q2
RetainedEarningsAccumulatedDeficit,balance_sheet,留存收益,USD,108234000000.0,2023-03-31,,10-Q,2023.0,Q3
RetainedEarningsAccumulatedDeficit,balance_sheet,留存收益,USD,118848000000.0,2023-06-30,,10-K,2023.0,FY
RetainedEarningsAccumulatedDeficit,balance_sheet,留存收益,USD,118848000000.0,2023-06-30,,10-Q,2024.0,Q1
RetainedEarningsAccumulatedDeficit,balance_sheet,留存收益,USD,118848000000.0,2023-06-30,,10-Q,2024.0,Q2
RetainedEarningsAccumulatedDeficit,balance_sheet,留存收益,USD,118848000000.0,2023-06-30,,10-Q,2024.0,Q3
RetainedEarningsAccumulatedDeficit,balance_sheet,留存收益,USD,118848000000.0,2023-06-30,,10-K,2024.0,FY
RetainedEarningsAccumulatedDeficit,balance_sheet,留存收益,USD,118848000000.0,2023-06-30,,8-K,,
RetainedEarningsAccumulatedDeficit,balance_sheet,留存收益,USD,132143000000.0,2023-09-30,,10-Q,2024.0,Q1
RetainedEarningsAccumulatedDeficit,balance_sheet,留存收益,USD,145737000000.0,2023-12-31,,10-Q,2024.0,Q2
RetainedEarningsAccumulatedDeficit,balance_sheet,留存收益,USD,159394000000.0,2024-03-31,,10-Q,2024.0,Q3
RetainedEarningsAccumulatedDeficit,balance_sheet,留存收益,USD,173144000000.0,2024-06-30,,10-K,2024.0,FY
RetainedEarningsAccumulatedDeficit,balance_sheet,留存收益,USD,173144000000.0,2024-06-30,,10-Q,2025.0,Q1
RetainedEarningsAccumulatedDeficit,balance_sheet,留存收益,USD,173144000000.0,2024-06-30,,8-K,,
RetainedEarningsAccumulatedDeficit,balance_sheet,留存收益,USD,173144000000.0,2024-06-30,,10-Q,2025.0,Q2
RetainedEarningsAccumulatedDeficit,balance_sheet,留存收益,USD,173144000000.0,2024-06-30,,10-Q,2025.0,Q3
RetainedEarningsAccumulatedDeficit,balance_sheet,留存收益,USD,173144000000.0,2024-06-30,,10-K,2025.0,FY
RetainedEarningsAccumulatedDeficit,balance_sheet,留存收益,USD,188929000000.0,2024-09-30,,10-Q,2025.0,Q1
RetainedEarningsAccumulatedDeficit,balance_sheet,留存收益,USD,203482000000.0,2024-12-31,,10-Q,2025.0,Q2
RetainedEarningsAccumulatedDeficit,balance_sheet,留存收益,USD,219759000000.0,2025-03-31,,10-Q,2025.0,Q3
RetainedEarningsAccumulatedDeficit,balance_sheet,留存收益,USD,237731000000.0,2025-06-30,,10-K,2025.0,FY
