concept,category,chinese_name,unit,value,end_date,start_date,form,fiscal_year,fiscal_period
NetCashProvidedByUsedInOperatingActivities,cash_flow,经营活动现金流,USD,54030000000.0,2021-03-31,2020-07-01,10-Q,2021.0,Q3
NetCashProvidedByUsedInOperatingActivities,cash_flow,经营活动现金流,USD,54030000000.0,2021-03-31,2020-07-01,10-Q,2022.0,Q3
NetCashProvidedByUsedInOperatingActivities,cash_flow,经营活动现金流,USD,22179000000.0,2021-03-31,2021-01-01,10-Q,2021.0,Q3
NetCashProvidedByUsedInOperatingActivities,cash_flow,经营活动现金流,USD,22179000000.0,2021-03-31,2021-01-01,10-Q,2022.0,Q3
NetCashProvidedByUsedInOperatingActivities,cash_flow,经营活动现金流,USD,76740000000.0,2021-06-30,2020-07-01,10-K,2021.0,FY
NetCashProvidedByUsedInOperatingActivities,cash_flow,经营活动现金流,USD,76740000000.0,2021-06-30,2020-07-01,10-K,2022.0,FY
NetCashProvidedByUsedInOperatingActivities,cash_flow,经营活动现金流,USD,76740000000.0,2021-06-30,2020-07-01,10-K,2023.0,FY
NetCashProvidedByUsedInOperatingActivities,cash_flow,经营活动现金流,USD,24540000000.0,2021-09-30,2021-07-01,10-Q,2022.0,Q1
NetCashProvidedByUsedInOperatingActivities,cash_flow,经营活动现金流,USD,24540000000.0,2021-09-30,2021-07-01,10-Q,2023.0,Q1
NetCashProvidedByUsedInOperatingActivities,cash_flow,经营活动现金流,USD,39020000000.0,2021-12-31,2021-07-01,10-Q,2022.0,Q2
NetCashProvidedByUsedInOperatingActivities,cash_flow,经营活动现金流,USD,39020000000.0,2021-12-31,2021-07-01,10-Q,2023.0,Q2
NetCashProvidedByUsedInOperatingActivities,cash_flow,经营活动现金流,USD,14480000000.0,2021-12-31,2021-10-01,10-Q,2022.0,Q2
NetCashProvidedByUsedInOperatingActivities,cash_flow,经营活动现金流,USD,14480000000.0,2021-12-31,2021-10-01,10-Q,2023.0,Q2
NetCashProvidedByUsedInOperatingActivities,cash_flow,经营活动现金流,USD,64406000000.0,2022-03-31,2021-07-01,10-Q,2022.0,Q3
NetCashProvidedByUsedInOperatingActivities,cash_flow,经营活动现金流,USD,64406000000.0,2022-03-31,2021-07-01,10-Q,2023.0,Q3
NetCashProvidedByUsedInOperatingActivities,cash_flow,经营活动现金流,USD,25386000000.0,2022-03-31,2022-01-01,10-Q,2022.0,Q3
NetCashProvidedByUsedInOperatingActivities,cash_flow,经营活动现金流,USD,25386000000.0,2022-03-31,2022-01-01,10-Q,2023.0,Q3
NetCashProvidedByUsedInOperatingActivities,cash_flow,经营活动现金流,USD,89035000000.0,2022-06-30,2021-07-01,10-K,2022.0,FY
NetCashProvidedByUsedInOperatingActivities,cash_flow,经营活动现金流,USD,89035000000.0,2022-06-30,2021-07-01,10-K,2023.0,FY
NetCashProvidedByUsedInOperatingActivities,cash_flow,经营活动现金流,USD,89035000000.0,2022-06-30,2021-07-01,10-K,2024.0,FY
NetCashProvidedByUsedInOperatingActivities,cash_flow,经营活动现金流,USD,89035000000.0,2022-06-30,2021-07-01,8-K,,
NetCashProvidedByUsedInOperatingActivities,cash_flow,经营活动现金流,USD,23198000000.0,2022-09-30,2022-07-01,10-Q,2023.0,Q1
NetCashProvidedByUsedInOperatingActivities,cash_flow,经营活动现金流,USD,23198000000.0,2022-09-30,2022-07-01,10-Q,2024.0,Q1
NetCashProvidedByUsedInOperatingActivities,cash_flow,经营活动现金流,USD,34371000000.0,2022-12-31,2022-07-01,10-Q,2023.0,Q2
NetCashProvidedByUsedInOperatingActivities,cash_flow,经营活动现金流,USD,34371000000.0,2022-12-31,2022-07-01,10-Q,2024.0,Q2
NetCashProvidedByUsedInOperatingActivities,cash_flow,经营活动现金流,USD,11173000000.0,2022-12-31,2022-10-01,10-Q,2023.0,Q2
NetCashProvidedByUsedInOperatingActivities,cash_flow,经营活动现金流,USD,11173000000.0,2022-12-31,2022-10-01,10-Q,2024.0,Q2
NetCashProvidedByUsedInOperatingActivities,cash_flow,经营活动现金流,USD,58812000000.0,2023-03-31,2022-07-01,10-Q,2023.0,Q3
NetCashProvidedByUsedInOperatingActivities,cash_flow,经营活动现金流,USD,58812000000.0,2023-03-31,2022-07-01,10-Q,2024.0,Q3
NetCashProvidedByUsedInOperatingActivities,cash_flow,经营活动现金流,USD,24441000000.0,2023-03-31,2023-01-01,10-Q,2023.0,Q3
NetCashProvidedByUsedInOperatingActivities,cash_flow,经营活动现金流,USD,24441000000.0,2023-03-31,2023-01-01,10-Q,2024.0,Q3
NetCashProvidedByUsedInOperatingActivities,cash_flow,经营活动现金流,USD,87582000000.0,2023-06-30,2022-07-01,10-K,2023.0,FY
NetCashProvidedByUsedInOperatingActivities,cash_flow,经营活动现金流,USD,87582000000.0,2023-06-30,2022-07-01,10-K,2024.0,FY
NetCashProvidedByUsedInOperatingActivities,cash_flow,经营活动现金流,USD,87582000000.0,2023-06-30,2022-07-01,8-K,,
NetCashProvidedByUsedInOperatingActivities,cash_flow,经营活动现金流,USD,87582000000.0,2023-06-30,2022-07-01,10-K,2025.0,FY
NetCashProvidedByUsedInOperatingActivities,cash_flow,经营活动现金流,USD,30583000000.0,2023-09-30,2023-07-01,10-Q,2024.0,Q1
NetCashProvidedByUsedInOperatingActivities,cash_flow,经营活动现金流,USD,30583000000.0,2023-09-30,2023-07-01,10-Q,2025.0,Q1
NetCashProvidedByUsedInOperatingActivities,cash_flow,经营活动现金流,USD,49436000000.0,2023-12-31,2023-07-01,10-Q,2024.0,Q2
NetCashProvidedByUsedInOperatingActivities,cash_flow,经营活动现金流,USD,49436000000.0,2023-12-31,2023-07-01,10-Q,2025.0,Q2
NetCashProvidedByUsedInOperatingActivities,cash_flow,经营活动现金流,USD,18853000000.0,2023-12-31,2023-10-01,10-Q,2024.0,Q2
NetCashProvidedByUsedInOperatingActivities,cash_flow,经营活动现金流,USD,18853000000.0,2023-12-31,2023-10-01,10-Q,2025.0,Q2
NetCashProvidedByUsedInOperatingActivities,cash_flow,经营活动现金流,USD,81353000000.0,2024-03-31,2023-07-01,10-Q,2024.0,Q3
NetCashProvidedByUsedInOperatingActivities,cash_flow,经营活动现金流,USD,81353000000.0,2024-03-31,2023-07-01,10-Q,2025.0,Q3
NetCashProvidedByUsedInOperatingActivities,cash_flow,经营活动现金流,USD,31917000000.0,2024-03-31,2024-01-01,10-Q,2024.0,Q3
NetCashProvidedByUsedInOperatingActivities,cash_flow,经营活动现金流,USD,31917000000.0,2024-03-31,2024-01-01,10-Q,2025.0,Q3
NetCashProvidedByUsedInOperatingActivities,cash_flow,经营活动现金流,USD,118548000000.0,2024-06-30,2023-07-01,10-K,2024.0,FY
NetCashProvidedByUsedInOperatingActivities,cash_flow,经营活动现金流,USD,118548000000.0,2024-06-30,2023-07-01,8-K,,
NetCashProvidedByUsedInOperatingActivities,cash_flow,经营活动现金流,USD,118548000000.0,2024-06-30,2023-07-01,10-K,2025.0,FY
NetCashProvidedByUsedInOperatingActivities,cash_flow,经营活动现金流,USD,34180000000.0,2024-09-30,2024-07-01,10-Q,2025.0,Q1
NetCashProvidedByUsedInOperatingActivities,cash_flow,经营活动现金流,USD,56471000000.0,2024-12-31,2024-07-01,10-Q,2025.0,Q2
NetCashProvidedByUsedInOperatingActivities,cash_flow,经营活动现金流,USD,22291000000.0,2024-12-31,2024-10-01,10-Q,2025.0,Q2
NetCashProvidedByUsedInOperatingActivities,cash_flow,经营活动现金流,USD,93515000000.0,2025-03-31,2024-07-01,10-Q,2025.0,Q3
NetCashProvidedByUsedInOperatingActivities,cash_flow,经营活动现金流,USD,37044000000.0,2025-03-31,2025-01-01,10-Q,2025.0,Q3
NetCashProvidedByUsedInOperatingActivities,cash_flow,经营活动现金流,USD,136162000000.0,2025-06-30,2024-07-01,10-K,2025.0,FY
NetCashProvidedByUsedInInvestingActivities,cash_flow,投资活动现金流,USD,-16724000000.0,2021-03-31,2020-07-01,10-Q,2021.0,Q3
NetCashProvidedByUsedInInvestingActivities,cash_flow,投资活动现金流,USD,-16724000000.0,2021-03-31,2020-07-01,10-Q,2022.0,Q3
NetCashProvidedByUsedInInvestingActivities,cash_flow,投资活动现金流,USD,-9684000000.0,2021-03-31,2021-01-01,10-Q,2021.0,Q3
NetCashProvidedByUsedInInvestingActivities,cash_flow,投资活动现金流,USD,-9684000000.0,2021-03-31,2021-01-01,10-Q,2022.0,Q3
NetCashProvidedByUsedInInvestingActivities,cash_flow,投资活动现金流,USD,-27577000000.0,2021-06-30,2020-07-01,10-K,2021.0,FY
NetCashProvidedByUsedInInvestingActivities,cash_flow,投资活动现金流,USD,-27577000000.0,2021-06-30,2020-07-01,10-K,2022.0,FY
NetCashProvidedByUsedInInvestingActivities,cash_flow,投资活动现金流,USD,-27577000000.0,2021-06-30,2020-07-01,10-K,2023.0,FY
NetCashProvidedByUsedInInvestingActivities,cash_flow,投资活动现金流,USD,-3250000000.0,2021-09-30,2021-07-01,10-Q,2022.0,Q1
NetCashProvidedByUsedInInvestingActivities,cash_flow,投资活动现金流,USD,-3250000000.0,2021-09-30,2021-07-01,10-Q,2023.0,Q1
NetCashProvidedByUsedInInvestingActivities,cash_flow,投资活动现金流,USD,-4411000000.0,2021-12-31,2021-07-01,10-Q,2022.0,Q2
NetCashProvidedByUsedInInvestingActivities,cash_flow,投资活动现金流,USD,-4411000000.0,2021-12-31,2021-07-01,10-Q,2023.0,Q2
NetCashProvidedByUsedInInvestingActivities,cash_flow,投资活动现金流,USD,-1161000000.0,2021-12-31,2021-10-01,10-Q,2022.0,Q2
NetCashProvidedByUsedInInvestingActivities,cash_flow,投资活动现金流,USD,-1161000000.0,2021-12-31,2021-10-01,10-Q,2023.0,Q2
NetCashProvidedByUsedInInvestingActivities,cash_flow,投资活动现金流,USD,-20582000000.0,2022-03-31,2021-07-01,10-Q,2022.0,Q3
NetCashProvidedByUsedInInvestingActivities,cash_flow,投资活动现金流,USD,-20582000000.0,2022-03-31,2021-07-01,10-Q,2023.0,Q3
NetCashProvidedByUsedInInvestingActivities,cash_flow,投资活动现金流,USD,-16171000000.0,2022-03-31,2022-01-01,10-Q,2022.0,Q3
NetCashProvidedByUsedInInvestingActivities,cash_flow,投资活动现金流,USD,-16171000000.0,2022-03-31,2022-01-01,10-Q,2023.0,Q3
NetCashProvidedByUsedInInvestingActivities,cash_flow,投资活动现金流,USD,-30311000000.0,2022-06-30,2021-07-01,10-K,2022.0,FY
NetCashProvidedByUsedInInvestingActivities,cash_flow,投资活动现金流,USD,-30311000000.0,2022-06-30,2021-07-01,10-K,2023.0,FY
NetCashProvidedByUsedInInvestingActivities,cash_flow,投资活动现金流,USD,-30311000000.0,2022-06-30,2021-07-01,10-K,2024.0,FY
NetCashProvidedByUsedInInvestingActivities,cash_flow,投资活动现金流,USD,-30311000000.0,2022-06-30,2021-07-01,8-K,,
NetCashProvidedByUsedInInvestingActivities,cash_flow,投资活动现金流,USD,-3132000000.0,2022-09-30,2022-07-01,10-Q,2023.0,Q1
NetCashProvidedByUsedInInvestingActivities,cash_flow,投资活动现金流,USD,-3132000000.0,2022-09-30,2022-07-01,10-Q,2024.0,Q1
NetCashProvidedByUsedInInvestingActivities,cash_flow,投资活动现金流,USD,-10282000000.0,2022-12-31,2022-07-01,10-Q,2023.0,Q2
NetCashProvidedByUsedInInvestingActivities,cash_flow,投资活动现金流,USD,-10282000000.0,2022-12-31,2022-07-01,10-Q,2024.0,Q2
NetCashProvidedByUsedInInvestingActivities,cash_flow,投资活动现金流,USD,-7150000000.0,2022-12-31,2022-10-01,10-Q,2023.0,Q2
NetCashProvidedByUsedInInvestingActivities,cash_flow,投资活动现金流,USD,-7150000000.0,2022-12-31,2022-10-01,10-Q,2024.0,Q2
NetCashProvidedByUsedInInvestingActivities,cash_flow,投资活动现金流,USD,-13546000000.0,2023-03-31,2022-07-01,10-Q,2023.0,Q3
NetCashProvidedByUsedInInvestingActivities,cash_flow,投资活动现金流,USD,-13546000000.0,2023-03-31,2022-07-01,10-Q,2024.0,Q3
NetCashProvidedByUsedInInvestingActivities,cash_flow,投资活动现金流,USD,-3264000000.0,2023-03-31,2023-01-01,10-Q,2023.0,Q3
NetCashProvidedByUsedInInvestingActivities,cash_flow,投资活动现金流,USD,-3264000000.0,2023-03-31,2023-01-01,10-Q,2024.0,Q3
NetCashProvidedByUsedInInvestingActivities,cash_flow,投资活动现金流,USD,-22680000000.0,2023-06-30,2022-07-01,10-K,2023.0,FY
NetCashProvidedByUsedInInvestingActivities,cash_flow,投资活动现金流,USD,-22680000000.0,2023-06-30,2022-07-01,10-K,2024.0,FY
NetCashProvidedByUsedInInvestingActivities,cash_flow,投资活动现金流,USD,-22680000000.0,2023-06-30,2022-07-01,8-K,,
NetCashProvidedByUsedInInvestingActivities,cash_flow,投资活动现金流,USD,-22680000000.0,2023-06-30,2022-07-01,10-K,2025.0,FY
NetCashProvidedByUsedInInvestingActivities,cash_flow,投资活动现金流,USD,503000000.0,2023-09-30,2023-07-01,10-Q,2024.0,Q1
NetCashProvidedByUsedInInvestingActivities,cash_flow,投资活动现金流,USD,503000000.0,2023-09-30,2023-07-01,10-Q,2025.0,Q1
NetCashProvidedByUsedInInvestingActivities,cash_flow,投资活动现金流,USD,-71422000000.0,2023-12-31,2023-07-01,10-Q,2024.0,Q2
NetCashProvidedByUsedInInvestingActivities,cash_flow,投资活动现金流,USD,-71422000000.0,2023-12-31,2023-07-01,10-Q,2025.0,Q2
NetCashProvidedByUsedInInvestingActivities,cash_flow,投资活动现金流,USD,-71925000000.0,2023-12-31,2023-10-01,10-Q,2024.0,Q2
NetCashProvidedByUsedInInvestingActivities,cash_flow,投资活动现金流,USD,-71925000000.0,2023-12-31,2023-10-01,10-Q,2025.0,Q2
NetCashProvidedByUsedInInvestingActivities,cash_flow,投资活动现金流,USD,-82122000000.0,2024-03-31,2023-07-01,10-Q,2024.0,Q3
NetCashProvidedByUsedInInvestingActivities,cash_flow,投资活动现金流,USD,-82122000000.0,2024-03-31,2023-07-01,10-Q,2025.0,Q3
NetCashProvidedByUsedInInvestingActivities,cash_flow,投资活动现金流,USD,-10700000000.0,2024-03-31,2024-01-01,10-Q,2024.0,Q3
NetCashProvidedByUsedInInvestingActivities,cash_flow,投资活动现金流,USD,-10700000000.0,2024-03-31,2024-01-01,10-Q,2025.0,Q3
NetCashProvidedByUsedInInvestingActivities,cash_flow,投资活动现金流,USD,-96970000000.0,2024-06-30,2023-07-01,10-K,2024.0,FY
NetCashProvidedByUsedInInvestingActivities,cash_flow,投资活动现金流,USD,-96970000000.0,2024-06-30,2023-07-01,8-K,,
NetCashProvidedByUsedInInvestingActivities,cash_flow,投资活动现金流,USD,-96970000000.0,2024-06-30,2023-07-01,10-K,2025.0,FY
NetCashProvidedByUsedInInvestingActivities,cash_flow,投资活动现金流,USD,-15201000000.0,2024-09-30,2024-07-01,10-Q,2025.0,Q1
NetCashProvidedByUsedInInvestingActivities,cash_flow,投资活动现金流,USD,-29313000000.0,2024-12-31,2024-07-01,10-Q,2025.0,Q2
NetCashProvidedByUsedInInvestingActivities,cash_flow,投资活动现金流,USD,-14112000000.0,2024-12-31,2024-10-01,10-Q,2025.0,Q2
NetCashProvidedByUsedInInvestingActivities,cash_flow,投资活动现金流,USD,-42027000000.0,2025-03-31,2024-07-01,10-Q,2025.0,Q3
NetCashProvidedByUsedInInvestingActivities,cash_flow,投资活动现金流,USD,-12714000000.0,2025-03-31,2025-01-01,10-Q,2025.0,Q3
NetCashProvidedByUsedInInvestingActivities,cash_flow,投资活动现金流,USD,-72599000000.0,2025-06-30,2024-07-01,10-K,2025.0,FY
NetCashProvidedByUsedInFinancingActivities,cash_flow,筹资活动现金流,USD,-37115000000.0,2021-03-31,2020-07-01,10-Q,2021.0,Q3
NetCashProvidedByUsedInFinancingActivities,cash_flow,筹资活动现金流,USD,-37115000000.0,2021-03-31,2020-07-01,10-Q,2022.0,Q3
NetCashProvidedByUsedInFinancingActivities,cash_flow,筹资活动现金流,USD,-13192000000.0,2021-03-31,2021-01-01,10-Q,2021.0,Q3
NetCashProvidedByUsedInFinancingActivities,cash_flow,筹资活动现金流,USD,-13192000000.0,2021-03-31,2021-01-01,10-Q,2022.0,Q3
NetCashProvidedByUsedInFinancingActivities,cash_flow,筹资活动现金流,USD,-48486000000.0,2021-06-30,2020-07-01,10-K,2021.0,FY
NetCashProvidedByUsedInFinancingActivities,cash_flow,筹资活动现金流,USD,-48486000000.0,2021-06-30,2020-07-01,10-K,2022.0,FY
NetCashProvidedByUsedInFinancingActivities,cash_flow,筹资活动现金流,USD,-48486000000.0,2021-06-30,2020-07-01,10-K,2023.0,FY
NetCashProvidedByUsedInFinancingActivities,cash_flow,筹资活动现金流,USD,-16276000000.0,2021-09-30,2021-07-01,10-Q,2022.0,Q1
NetCashProvidedByUsedInFinancingActivities,cash_flow,筹资活动现金流,USD,-16276000000.0,2021-09-30,2021-07-01,10-Q,2023.0,Q1
NetCashProvidedByUsedInFinancingActivities,cash_flow,筹资活动现金流,USD,-28262000000.0,2021-12-31,2021-07-01,10-Q,2022.0,Q2
NetCashProvidedByUsedInFinancingActivities,cash_flow,筹资活动现金流,USD,-28262000000.0,2021-12-31,2021-07-01,10-Q,2023.0,Q2
NetCashProvidedByUsedInFinancingActivities,cash_flow,筹资活动现金流,USD,-11986000000.0,2021-12-31,2021-10-01,10-Q,2022.0,Q2
NetCashProvidedByUsedInFinancingActivities,cash_flow,筹资活动现金流,USD,-11986000000.0,2021-12-31,2021-10-01,10-Q,2023.0,Q2
NetCashProvidedByUsedInFinancingActivities,cash_flow,筹资活动现金流,USD,-45607000000.0,2022-03-31,2021-07-01,10-Q,2022.0,Q3
NetCashProvidedByUsedInFinancingActivities,cash_flow,筹资活动现金流,USD,-45607000000.0,2022-03-31,2021-07-01,10-Q,2023.0,Q3
NetCashProvidedByUsedInFinancingActivities,cash_flow,筹资活动现金流,USD,-17345000000.0,2022-03-31,2022-01-01,10-Q,2022.0,Q3
NetCashProvidedByUsedInFinancingActivities,cash_flow,筹资活动现金流,USD,-17345000000.0,2022-03-31,2022-01-01,10-Q,2023.0,Q3
NetCashProvidedByUsedInFinancingActivities,cash_flow,筹资活动现金流,USD,-58876000000.0,2022-06-30,2021-07-01,10-K,2022.0,FY
NetCashProvidedByUsedInFinancingActivities,cash_flow,筹资活动现金流,USD,-58876000000.0,2022-06-30,2021-07-01,10-K,2023.0,FY
NetCashProvidedByUsedInFinancingActivities,cash_flow,筹资活动现金流,USD,-58876000000.0,2022-06-30,2021-07-01,10-K,2024.0,FY
NetCashProvidedByUsedInFinancingActivities,cash_flow,筹资活动现金流,USD,-58876000000.0,2022-06-30,2021-07-01,8-K,,
NetCashProvidedByUsedInFinancingActivities,cash_flow,筹资活动现金流,USD,-10883000000.0,2022-09-30,2022-07-01,10-Q,2023.0,Q1
NetCashProvidedByUsedInFinancingActivities,cash_flow,筹资活动现金流,USD,-10883000000.0,2022-09-30,2022-07-01,10-Q,2024.0,Q1
NetCashProvidedByUsedInFinancingActivities,cash_flow,筹资活动现金流,USD,-22232000000.0,2022-12-31,2022-07-01,10-Q,2023.0,Q2
NetCashProvidedByUsedInFinancingActivities,cash_flow,筹资活动现金流,USD,-22232000000.0,2022-12-31,2022-07-01,10-Q,2024.0,Q2
NetCashProvidedByUsedInFinancingActivities,cash_flow,筹资活动现金流,USD,-11349000000.0,2022-12-31,2022-10-01,10-Q,2023.0,Q2
NetCashProvidedByUsedInFinancingActivities,cash_flow,筹资活动现金流,USD,-11349000000.0,2022-12-31,2022-10-01,10-Q,2024.0,Q2
NetCashProvidedByUsedInFinancingActivities,cash_flow,筹资活动现金流,USD,-32522000000.0,2023-03-31,2022-07-01,10-Q,2023.0,Q3
NetCashProvidedByUsedInFinancingActivities,cash_flow,筹资活动现金流,USD,-32522000000.0,2023-03-31,2022-07-01,10-Q,2024.0,Q3
NetCashProvidedByUsedInFinancingActivities,cash_flow,筹资活动现金流,USD,-10290000000.0,2023-03-31,2023-01-01,10-Q,2023.0,Q3
NetCashProvidedByUsedInFinancingActivities,cash_flow,筹资活动现金流,USD,-10290000000.0,2023-03-31,2023-01-01,10-Q,2024.0,Q3
NetCashProvidedByUsedInFinancingActivities,cash_flow,筹资活动现金流,USD,-43935000000.0,2023-06-30,2022-07-01,10-K,2023.0,FY
NetCashProvidedByUsedInFinancingActivities,cash_flow,筹资活动现金流,USD,-43935000000.0,2023-06-30,2022-07-01,10-K,2024.0,FY
NetCashProvidedByUsedInFinancingActivities,cash_flow,筹资活动现金流,USD,-43935000000.0,2023-06-30,2022-07-01,8-K,,
NetCashProvidedByUsedInFinancingActivities,cash_flow,筹资活动现金流,USD,-43935000000.0,2023-06-30,2022-07-01,10-K,2025.0,FY
NetCashProvidedByUsedInFinancingActivities,cash_flow,筹资活动现金流,USD,14761000000.0,2023-09-30,2023-07-01,10-Q,2024.0,Q1
NetCashProvidedByUsedInFinancingActivities,cash_flow,筹资活动现金流,USD,14761000000.0,2023-09-30,2023-07-01,10-Q,2025.0,Q1
NetCashProvidedByUsedInFinancingActivities,cash_flow,筹资活动现金流,USD,4614000000.0,2023-12-31,2023-07-01,10-Q,2024.0,Q2
NetCashProvidedByUsedInFinancingActivities,cash_flow,筹资活动现金流,USD,4614000000.0,2023-12-31,2023-07-01,10-Q,2025.0,Q2
NetCashProvidedByUsedInFinancingActivities,cash_flow,筹资活动现金流,USD,-10147000000.0,2023-12-31,2023-10-01,10-Q,2024.0,Q2
NetCashProvidedByUsedInFinancingActivities,cash_flow,筹资活动现金流,USD,-10147000000.0,2023-12-31,2023-10-01,10-Q,2025.0,Q2
NetCashProvidedByUsedInFinancingActivities,cash_flow,筹资活动现金流,USD,-14194000000.0,2024-03-31,2023-07-01,10-Q,2024.0,Q3
NetCashProvidedByUsedInFinancingActivities,cash_flow,筹资活动现金流,USD,-14194000000.0,2024-03-31,2023-07-01,10-Q,2025.0,Q3
NetCashProvidedByUsedInFinancingActivities,cash_flow,筹资活动现金流,USD,-18808000000.0,2024-03-31,2024-01-01,10-Q,2024.0,Q3
NetCashProvidedByUsedInFinancingActivities,cash_flow,筹资活动现金流,USD,-18808000000.0,2024-03-31,2024-01-01,10-Q,2025.0,Q3
NetCashProvidedByUsedInFinancingActivities,cash_flow,筹资活动现金流,USD,-37757000000.0,2024-06-30,2023-07-01,10-K,2024.0,FY
NetCashProvidedByUsedInFinancingActivities,cash_flow,筹资活动现金流,USD,-37757000000.0,2024-06-30,2023-07-01,8-K,,
NetCashProvidedByUsedInFinancingActivities,cash_flow,筹资活动现金流,USD,-37757000000.0,2024-06-30,2023-07-01,10-K,2025.0,FY
NetCashProvidedByUsedInFinancingActivities,cash_flow,筹资活动现金流,USD,-16576000000.0,2024-09-30,2024-07-01,10-Q,2025.0,Q1
NetCashProvidedByUsedInFinancingActivities,cash_flow,筹资活动现金流,USD,-27819000000.0,2024-12-31,2024-07-01,10-Q,2025.0,Q2
NetCashProvidedByUsedInFinancingActivities,cash_flow,筹资活动现金流,USD,-11243000000.0,2024-12-31,2024-10-01,10-Q,2025.0,Q2
NetCashProvidedByUsedInFinancingActivities,cash_flow,筹资活动现金流,USD,-40855000000.0,2025-03-31,2024-07-01,10-Q,2025.0,Q3
NetCashProvidedByUsedInFinancingActivities,cash_flow,筹资活动现金流,USD,-13036000000.0,2025-03-31,2025-01-01,10-Q,2025.0,Q3
NetCashProvidedByUsedInFinancingActivities,cash_flow,筹资活动现金流,USD,-51699000000.0,2025-06-30,2024-07-01,10-K,2025.0,FY
PaymentsToAcquirePropertyPlantAndEquipment,cash_flow,购买固定资产支出,USD,14170000000.0,2021-03-31,2020-07-01,10-Q,2021.0,Q3
PaymentsToAcquirePropertyPlantAndEquipment,cash_flow,购买固定资产支出,USD,14170000000.0,2021-03-31,2020-07-01,10-Q,2022.0,Q3
PaymentsToAcquirePropertyPlantAndEquipment,cash_flow,购买固定资产支出,USD,5089000000.0,2021-03-31,2021-01-01,10-Q,2021.0,Q3
PaymentsToAcquirePropertyPlantAndEquipment,cash_flow,购买固定资产支出,USD,5089000000.0,2021-03-31,2021-01-01,10-Q,2022.0,Q3
PaymentsToAcquirePropertyPlantAndEquipment,cash_flow,购买固定资产支出,USD,20622000000.0,2021-06-30,2020-07-01,10-K,2021.0,FY
PaymentsToAcquirePropertyPlantAndEquipment,cash_flow,购买固定资产支出,USD,20622000000.0,2021-06-30,2020-07-01,10-K,2022.0,FY
PaymentsToAcquirePropertyPlantAndEquipment,cash_flow,购买固定资产支出,USD,20622000000.0,2021-06-30,2020-07-01,10-K,2023.0,FY
PaymentsToAcquirePropertyPlantAndEquipment,cash_flow,购买固定资产支出,USD,5810000000.0,2021-09-30,2021-07-01,10-Q,2022.0,Q1
PaymentsToAcquirePropertyPlantAndEquipment,cash_flow,购买固定资产支出,USD,5810000000.0,2021-09-30,2021-07-01,10-Q,2023.0,Q1
PaymentsToAcquirePropertyPlantAndEquipment,cash_flow,购买固定资产支出,USD,11675000000.0,2021-12-31,2021-07-01,10-Q,2022.0,Q2
PaymentsToAcquirePropertyPlantAndEquipment,cash_flow,购买固定资产支出,USD,11675000000.0,2021-12-31,2021-07-01,10-Q,2023.0,Q2
PaymentsToAcquirePropertyPlantAndEquipment,cash_flow,购买固定资产支出,USD,5865000000.0,2021-12-31,2021-10-01,10-Q,2022.0,Q2
PaymentsToAcquirePropertyPlantAndEquipment,cash_flow,购买固定资产支出,USD,5865000000.0,2021-12-31,2021-10-01,10-Q,2023.0,Q2
PaymentsToAcquirePropertyPlantAndEquipment,cash_flow,购买固定资产支出,USD,17015000000.0,2022-03-31,2021-07-01,10-Q,2022.0,Q3
PaymentsToAcquirePropertyPlantAndEquipment,cash_flow,购买固定资产支出,USD,17015000000.0,2022-03-31,2021-07-01,10-Q,2023.0,Q3
PaymentsToAcquirePropertyPlantAndEquipment,cash_flow,购买固定资产支出,USD,5340000000.0,2022-03-31,2022-01-01,10-Q,2022.0,Q3
PaymentsToAcquirePropertyPlantAndEquipment,cash_flow,购买固定资产支出,USD,5340000000.0,2022-03-31,2022-01-01,10-Q,2023.0,Q3
PaymentsToAcquirePropertyPlantAndEquipment,cash_flow,购买固定资产支出,USD,23886000000.0,2022-06-30,2021-07-01,10-K,2022.0,FY
PaymentsToAcquirePropertyPlantAndEquipment,cash_flow,购买固定资产支出,USD,23886000000.0,2022-06-30,2021-07-01,10-K,2023.0,FY
PaymentsToAcquirePropertyPlantAndEquipment,cash_flow,购买固定资产支出,USD,23886000000.0,2022-06-30,2021-07-01,10-K,2024.0,FY
PaymentsToAcquirePropertyPlantAndEquipment,cash_flow,购买固定资产支出,USD,23886000000.0,2022-06-30,2021-07-01,8-K,,
PaymentsToAcquirePropertyPlantAndEquipment,cash_flow,购买固定资产支出,USD,6283000000.0,2022-09-30,2022-07-01,10-Q,2023.0,Q1
PaymentsToAcquirePropertyPlantAndEquipment,cash_flow,购买固定资产支出,USD,6283000000.0,2022-09-30,2022-07-01,10-Q,2024.0,Q1
PaymentsToAcquirePropertyPlantAndEquipment,cash_flow,购买固定资产支出,USD,12557000000.0,2022-12-31,2022-07-01,10-Q,2023.0,Q2
PaymentsToAcquirePropertyPlantAndEquipment,cash_flow,购买固定资产支出,USD,12557000000.0,2022-12-31,2022-07-01,10-Q,2024.0,Q2
PaymentsToAcquirePropertyPlantAndEquipment,cash_flow,购买固定资产支出,USD,6274000000.0,2022-12-31,2022-10-01,10-Q,2023.0,Q2
PaymentsToAcquirePropertyPlantAndEquipment,cash_flow,购买固定资产支出,USD,6274000000.0,2022-12-31,2022-10-01,10-Q,2024.0,Q2
PaymentsToAcquirePropertyPlantAndEquipment,cash_flow,购买固定资产支出,USD,19164000000.0,2023-03-31,2022-07-01,10-Q,2023.0,Q3
PaymentsToAcquirePropertyPlantAndEquipment,cash_flow,购买固定资产支出,USD,19164000000.0,2023-03-31,2022-07-01,10-Q,2024.0,Q3
PaymentsToAcquirePropertyPlantAndEquipment,cash_flow,购买固定资产支出,USD,6607000000.0,2023-03-31,2023-01-01,10-Q,2023.0,Q3
PaymentsToAcquirePropertyPlantAndEquipment,cash_flow,购买固定资产支出,USD,6607000000.0,2023-03-31,2023-01-01,10-Q,2024.0,Q3
PaymentsToAcquirePropertyPlantAndEquipment,cash_flow,购买固定资产支出,USD,28107000000.0,2023-06-30,2022-07-01,10-K,2023.0,FY
PaymentsToAcquirePropertyPlantAndEquipment,cash_flow,购买固定资产支出,USD,28107000000.0,2023-06-30,2022-07-01,10-K,2024.0,FY
PaymentsToAcquirePropertyPlantAndEquipment,cash_flow,购买固定资产支出,USD,28107000000.0,2023-06-30,2022-07-01,8-K,,
PaymentsToAcquirePropertyPlantAndEquipment,cash_flow,购买固定资产支出,USD,28107000000.0,2023-06-30,2022-07-01,10-K,2025.0,FY
PaymentsToAcquirePropertyPlantAndEquipment,cash_flow,购买固定资产支出,USD,9917000000.0,2023-09-30,2023-07-01,10-Q,2024.0,Q1
PaymentsToAcquirePropertyPlantAndEquipment,cash_flow,购买固定资产支出,USD,9917000000.0,2023-09-30,2023-07-01,10-Q,2025.0,Q1
PaymentsToAcquirePropertyPlantAndEquipment,cash_flow,购买固定资产支出,USD,19652000000.0,2023-12-31,2023-07-01,10-Q,2024.0,Q2
PaymentsToAcquirePropertyPlantAndEquipment,cash_flow,购买固定资产支出,USD,19652000000.0,2023-12-31,2023-07-01,10-Q,2025.0,Q2
PaymentsToAcquirePropertyPlantAndEquipment,cash_flow,购买固定资产支出,USD,9735000000.0,2023-12-31,2023-10-01,10-Q,2024.0,Q2
PaymentsToAcquirePropertyPlantAndEquipment,cash_flow,购买固定资产支出,USD,9735000000.0,2023-12-31,2023-10-01,10-Q,2025.0,Q2
PaymentsToAcquirePropertyPlantAndEquipment,cash_flow,购买固定资产支出,USD,30604000000.0,2024-03-31,2023-07-01,10-Q,2024.0,Q3
PaymentsToAcquirePropertyPlantAndEquipment,cash_flow,购买固定资产支出,USD,30604000000.0,2024-03-31,2023-07-01,10-Q,2025.0,Q3
PaymentsToAcquirePropertyPlantAndEquipment,cash_flow,购买固定资产支出,USD,10952000000.0,2024-03-31,2024-01-01,10-Q,2024.0,Q3
PaymentsToAcquirePropertyPlantAndEquipment,cash_flow,购买固定资产支出,USD,10952000000.0,2024-03-31,2024-01-01,10-Q,2025.0,Q3
PaymentsToAcquirePropertyPlantAndEquipment,cash_flow,购买固定资产支出,USD,44477000000.0,2024-06-30,2023-07-01,10-K,2024.0,FY
PaymentsToAcquirePropertyPlantAndEquipment,cash_flow,购买固定资产支出,USD,44477000000.0,2024-06-30,2023-07-01,8-K,,
PaymentsToAcquirePropertyPlantAndEquipment,cash_flow,购买固定资产支出,USD,44477000000.0,2024-06-30,2023-07-01,10-K,2025.0,FY
PaymentsToAcquirePropertyPlantAndEquipment,cash_flow,购买固定资产支出,USD,14923000000.0,2024-09-30,2024-07-01,10-Q,2025.0,Q1
PaymentsToAcquirePropertyPlantAndEquipment,cash_flow,购买固定资产支出,USD,30727000000.0,2024-12-31,2024-07-01,10-Q,2025.0,Q2
PaymentsToAcquirePropertyPlantAndEquipment,cash_flow,购买固定资产支出,USD,15804000000.0,2024-12-31,2024-10-01,10-Q,2025.0,Q2
PaymentsToAcquirePropertyPlantAndEquipment,cash_flow,购买固定资产支出,USD,47472000000.0,2025-03-31,2024-07-01,10-Q,2025.0,Q3
PaymentsToAcquirePropertyPlantAndEquipment,cash_flow,购买固定资产支出,USD,16745000000.0,2025-03-31,2025-01-01,10-Q,2025.0,Q3
PaymentsToAcquirePropertyPlantAndEquipment,cash_flow,购买固定资产支出,USD,64551000000.0,2025-06-30,2024-07-01,10-K,2025.0,FY
PaymentsForRepurchaseOfCommonStock,cash_flow,回购股票支出,USD,20208000000.0,2021-03-31,2020-07-01,10-Q,2021.0,Q3
PaymentsForRepurchaseOfCommonStock,cash_flow,回购股票支出,USD,20208000000.0,2021-03-31,2020-07-01,10-Q,2022.0,Q3
PaymentsForRepurchaseOfCommonStock,cash_flow,回购股票支出,USD,6930000000.0,2021-03-31,2021-01-01,10-Q,2021.0,Q3
PaymentsForRepurchaseOfCommonStock,cash_flow,回购股票支出,USD,6930000000.0,2021-03-31,2021-01-01,10-Q,2022.0,Q3
PaymentsForRepurchaseOfCommonStock,cash_flow,回购股票支出,USD,27385000000.0,2021-06-30,2020-07-01,10-K,2021.0,FY
PaymentsForRepurchaseOfCommonStock,cash_flow,回购股票支出,USD,27385000000.0,2021-06-30,2020-07-01,10-K,2022.0,FY
PaymentsForRepurchaseOfCommonStock,cash_flow,回购股票支出,USD,27385000000.0,2021-06-30,2020-07-01,10-K,2023.0,FY
PaymentsForRepurchaseOfCommonStock,cash_flow,回购股票支出,USD,7684000000.0,2021-09-30,2021-07-01,10-Q,2022.0,Q1
PaymentsForRepurchaseOfCommonStock,cash_flow,回购股票支出,USD,7684000000.0,2021-09-30,2021-07-01,10-Q,2023.0,Q1
PaymentsForRepurchaseOfCommonStock,cash_flow,回购股票支出,USD,15117000000.0,2021-12-31,2021-07-01,10-Q,2022.0,Q2
PaymentsForRepurchaseOfCommonStock,cash_flow,回购股票支出,USD,15117000000.0,2021-12-31,2021-07-01,10-Q,2023.0,Q2
PaymentsForRepurchaseOfCommonStock,cash_flow,回购股票支出,USD,7433000000.0,2021-12-31,2021-10-01,10-Q,2022.0,Q2
PaymentsForRepurchaseOfCommonStock,cash_flow,回购股票支出,USD,7433000000.0,2021-12-31,2021-10-01,10-Q,2023.0,Q2
PaymentsForRepurchaseOfCommonStock,cash_flow,回购股票支出,USD,23939000000.0,2022-03-31,2021-07-01,10-Q,2022.0,Q3
PaymentsForRepurchaseOfCommonStock,cash_flow,回购股票支出,USD,23939000000.0,2022-03-31,2021-07-01,10-Q,2023.0,Q3
PaymentsForRepurchaseOfCommonStock,cash_flow,回购股票支出,USD,8822000000.0,2022-03-31,2022-01-01,10-Q,2022.0,Q3
PaymentsForRepurchaseOfCommonStock,cash_flow,回购股票支出,USD,8822000000.0,2022-03-31,2022-01-01,10-Q,2023.0,Q3
PaymentsForRepurchaseOfCommonStock,cash_flow,回购股票支出,USD,32696000000.0,2022-06-30,2021-07-01,10-K,2022.0,FY
PaymentsForRepurchaseOfCommonStock,cash_flow,回购股票支出,USD,32696000000.0,2022-06-30,2021-07-01,10-K,2023.0,FY
PaymentsForRepurchaseOfCommonStock,cash_flow,回购股票支出,USD,32696000000.0,2022-06-30,2021-07-01,10-K,2024.0,FY
PaymentsForRepurchaseOfCommonStock,cash_flow,回购股票支出,USD,32696000000.0,2022-06-30,2021-07-01,8-K,,
PaymentsForRepurchaseOfCommonStock,cash_flow,回购股票支出,USD,5573000000.0,2022-09-30,2022-07-01,10-Q,2023.0,Q1
PaymentsForRepurchaseOfCommonStock,cash_flow,回购股票支出,USD,5573000000.0,2022-09-30,2022-07-01,10-Q,2024.0,Q1
PaymentsForRepurchaseOfCommonStock,cash_flow,回购股票支出,USD,11032000000.0,2022-12-31,2022-07-01,10-Q,2023.0,Q2
PaymentsForRepurchaseOfCommonStock,cash_flow,回购股票支出,USD,11032000000.0,2022-12-31,2022-07-01,10-Q,2024.0,Q2
PaymentsForRepurchaseOfCommonStock,cash_flow,回购股票支出,USD,5459000000.0,2022-12-31,2022-10-01,10-Q,2023.0,Q2
PaymentsForRepurchaseOfCommonStock,cash_flow,回购股票支出,USD,5459000000.0,2022-12-31,2022-10-01,10-Q,2024.0,Q2
PaymentsForRepurchaseOfCommonStock,cash_flow,回购股票支出,USD,16541000000.0,2023-03-31,2022-07-01,10-Q,2023.0,Q3
PaymentsForRepurchaseOfCommonStock,cash_flow,回购股票支出,USD,16541000000.0,2023-03-31,2022-07-01,10-Q,2024.0,Q3
PaymentsForRepurchaseOfCommonStock,cash_flow,回购股票支出,USD,5509000000.0,2023-03-31,2023-01-01,10-Q,2023.0,Q3
PaymentsForRepurchaseOfCommonStock,cash_flow,回购股票支出,USD,5509000000.0,2023-03-31,2023-01-01,10-Q,2024.0,Q3
PaymentsForRepurchaseOfCommonStock,cash_flow,回购股票支出,USD,22245000000.0,2023-06-30,2022-07-01,10-K,2023.0,FY
PaymentsForRepurchaseOfCommonStock,cash_flow,回购股票支出,USD,22245000000.0,2023-06-30,2022-07-01,10-K,2024.0,FY
PaymentsForRepurchaseOfCommonStock,cash_flow,回购股票支出,USD,22245000000.0,2023-06-30,2022-07-01,8-K,,
PaymentsForRepurchaseOfCommonStock,cash_flow,回购股票支出,USD,22245000000.0,2023-06-30,2022-07-01,10-K,2025.0,FY
PaymentsForRepurchaseOfCommonStock,cash_flow,回购股票支出,USD,4831000000.0,2023-09-30,2023-07-01,10-Q,2024.0,Q1
PaymentsForRepurchaseOfCommonStock,cash_flow,回购股票支出,USD,4831000000.0,2023-09-30,2023-07-01,10-Q,2025.0,Q1
PaymentsForRepurchaseOfCommonStock,cash_flow,回购股票支出,USD,8831000000.0,2023-12-31,2023-07-01,10-Q,2024.0,Q2
PaymentsForRepurchaseOfCommonStock,cash_flow,回购股票支出,USD,8831000000.0,2023-12-31,2023-07-01,10-Q,2025.0,Q2
PaymentsForRepurchaseOfCommonStock,cash_flow,回购股票支出,USD,4000000000.0,2023-12-31,2023-10-01,10-Q,2024.0,Q2
PaymentsForRepurchaseOfCommonStock,cash_flow,回购股票支出,USD,4000000000.0,2023-12-31,2023-10-01,10-Q,2025.0,Q2
PaymentsForRepurchaseOfCommonStock,cash_flow,回购股票支出,USD,13044000000.0,2024-03-31,2023-07-01,10-Q,2024.0,Q3
PaymentsForRepurchaseOfCommonStock,cash_flow,回购股票支出,USD,13044000000.0,2024-03-31,2023-07-01,10-Q,2025.0,Q3
PaymentsForRepurchaseOfCommonStock,cash_flow,回购股票支出,USD,4213000000.0,2024-03-31,2024-01-01,10-Q,2024.0,Q3
PaymentsForRepurchaseOfCommonStock,cash_flow,回购股票支出,USD,4213000000.0,2024-03-31,2024-01-01,10-Q,2025.0,Q3
PaymentsForRepurchaseOfCommonStock,cash_flow,回购股票支出,USD,17254000000.0,2024-06-30,2023-07-01,10-K,2024.0,FY
PaymentsForRepurchaseOfCommonStock,cash_flow,回购股票支出,USD,17254000000.0,2024-06-30,2023-07-01,8-K,,
PaymentsForRepurchaseOfCommonStock,cash_flow,回购股票支出,USD,17254000000.0,2024-06-30,2023-07-01,10-K,2025.0,FY
PaymentsForRepurchaseOfCommonStock,cash_flow,回购股票支出,USD,4107000000.0,2024-09-30,2024-07-01,10-Q,2025.0,Q1
PaymentsForRepurchaseOfCommonStock,cash_flow,回购股票支出,USD,9093000000.0,2024-12-31,2024-07-01,10-Q,2025.0,Q2
PaymentsForRepurchaseOfCommonStock,cash_flow,回购股票支出,USD,4986000000.0,2024-12-31,2024-10-01,10-Q,2025.0,Q2
PaymentsForRepurchaseOfCommonStock,cash_flow,回购股票支出,USD,13874000000.0,2025-03-31,2024-07-01,10-Q,2025.0,Q3
PaymentsForRepurchaseOfCommonStock,cash_flow,回购股票支出,USD,4781000000.0,2025-03-31,2025-01-01,10-Q,2025.0,Q3
PaymentsForRepurchaseOfCommonStock,cash_flow,回购股票支出,USD,18420000000.0,2025-06-30,2024-07-01,10-K,2025.0,FY
