concept,category,chinese_name,unit,value,end_date,start_date,form,fiscal_year,fiscal_period
RevenueFromContractWithCustomerExcludingAssessedTax,income_statement,销售收入,USD,121936000000.0,2021-03-31,2020-07-01,10-Q,2021.0,Q3
RevenueFromContractWithCustomerExcludingAssessedTax,income_statement,销售收入,USD,121936000000.0,2021-03-31,2020-07-01,10-Q,2022.0,Q3
RevenueFromContractWithCustomerExcludingAssessedTax,income_statement,销售收入,USD,41706000000.0,2021-03-31,2021-01-01,10-Q,2021.0,Q3
RevenueFromContractWithCustomerExcludingAssessedTax,income_statement,销售收入,USD,41706000000.0,2021-03-31,2021-01-01,10-Q,2022.0,Q3
RevenueFromContractWithCustomerExcludingAssessedTax,income_statement,销售收入,USD,168088000000.0,2021-06-30,2020-07-01,10-K,2021.0,FY
RevenueFromContractWithCustomerExcludingAssessedTax,income_statement,销售收入,USD,168088000000.0,2021-06-30,2020-07-01,10-K,2022.0,FY
RevenueFromContractWithCustomerExcludingAssessedTax,income_statement,销售收入,USD,168088000000.0,2021-06-30,2020-07-01,10-K,2023.0,FY
RevenueFromContractWithCustomerExcludingAssessedTax,income_statement,销售收入,USD,45317000000.0,2021-09-30,2021-07-01,10-Q,2022.0,Q1
RevenueFromContractWithCustomerExcludingAssessedTax,income_statement,销售收入,USD,45317000000.0,2021-09-30,2021-07-01,10-Q,2023.0,Q1
RevenueFromContractWithCustomerExcludingAssessedTax,income_statement,销售收入,USD,97045000000.0,2021-12-31,2021-07-01,10-Q,2022.0,Q2
RevenueFromContractWithCustomerExcludingAssessedTax,income_statement,销售收入,USD,97045000000.0,2021-12-31,2021-07-01,10-Q,2023.0,Q2
RevenueFromContractWithCustomerExcludingAssessedTax,income_statement,销售收入,USD,51728000000.0,2021-12-31,2021-10-01,10-Q,2022.0,Q2
RevenueFromContractWithCustomerExcludingAssessedTax,income_statement,销售收入,USD,51728000000.0,2021-12-31,2021-10-01,10-Q,2023.0,Q2
RevenueFromContractWithCustomerExcludingAssessedTax,income_statement,销售收入,USD,146405000000.0,2022-03-31,2021-07-01,10-Q,2022.0,Q3
RevenueFromContractWithCustomerExcludingAssessedTax,income_statement,销售收入,USD,146405000000.0,2022-03-31,2021-07-01,10-Q,2023.0,Q3
RevenueFromContractWithCustomerExcludingAssessedTax,income_statement,销售收入,USD,49360000000.0,2022-03-31,2022-01-01,10-Q,2022.0,Q3
RevenueFromContractWithCustomerExcludingAssessedTax,income_statement,销售收入,USD,49360000000.0,2022-03-31,2022-01-01,10-Q,2023.0,Q3
RevenueFromContractWithCustomerExcludingAssessedTax,income_statement,销售收入,USD,198270000000.0,2022-06-30,2021-07-01,10-K,2022.0,FY
RevenueFromContractWithCustomerExcludingAssessedTax,income_statement,销售收入,USD,198270000000.0,2022-06-30,2021-07-01,10-K,2023.0,FY
RevenueFromContractWithCustomerExcludingAssessedTax,income_statement,销售收入,USD,198270000000.0,2022-06-30,2021-07-01,10-K,2024.0,FY
RevenueFromContractWithCustomerExcludingAssessedTax,income_statement,销售收入,USD,198270000000.0,2022-06-30,2021-07-01,8-K,,
RevenueFromContractWithCustomerExcludingAssessedTax,income_statement,销售收入,USD,50122000000.0,2022-09-30,2022-07-01,10-Q,2023.0,Q1
RevenueFromContractWithCustomerExcludingAssessedTax,income_statement,销售收入,USD,50122000000.0,2022-09-30,2022-07-01,10-Q,2024.0,Q1
RevenueFromContractWithCustomerExcludingAssessedTax,income_statement,销售收入,USD,102869000000.0,2022-12-31,2022-07-01,10-Q,2023.0,Q2
RevenueFromContractWithCustomerExcludingAssessedTax,income_statement,销售收入,USD,102869000000.0,2022-12-31,2022-07-01,10-Q,2024.0,Q2
RevenueFromContractWithCustomerExcludingAssessedTax,income_statement,销售收入,USD,52747000000.0,2022-12-31,2022-10-01,10-Q,2023.0,Q2
RevenueFromContractWithCustomerExcludingAssessedTax,income_statement,销售收入,USD,52747000000.0,2022-12-31,2022-10-01,10-Q,2024.0,Q2
RevenueFromContractWithCustomerExcludingAssessedTax,income_statement,销售收入,USD,155726000000.0,2023-03-31,2022-07-01,10-Q,2023.0,Q3
RevenueFromContractWithCustomerExcludingAssessedTax,income_statement,销售收入,USD,155726000000.0,2023-03-31,2022-07-01,10-Q,2024.0,Q3
RevenueFromContractWithCustomerExcludingAssessedTax,income_statement,销售收入,USD,52857000000.0,2023-03-31,2023-01-01,10-Q,2023.0,Q3
RevenueFromContractWithCustomerExcludingAssessedTax,income_statement,销售收入,USD,52857000000.0,2023-03-31,2023-01-01,10-Q,2024.0,Q3
RevenueFromContractWithCustomerExcludingAssessedTax,income_statement,销售收入,USD,211915000000.0,2023-06-30,2022-07-01,10-K,2023.0,FY
RevenueFromContractWithCustomerExcludingAssessedTax,income_statement,销售收入,USD,211915000000.0,2023-06-30,2022-07-01,10-K,2024.0,FY
RevenueFromContractWithCustomerExcludingAssessedTax,income_statement,销售收入,USD,211915000000.0,2023-06-30,2022-07-01,8-K,,
RevenueFromContractWithCustomerExcludingAssessedTax,income_statement,销售收入,USD,211915000000.0,2023-06-30,2022-07-01,10-K,2025.0,FY
RevenueFromContractWithCustomerExcludingAssessedTax,income_statement,销售收入,USD,56517000000.0,2023-09-30,2023-07-01,10-Q,2024.0,Q1
RevenueFromContractWithCustomerExcludingAssessedTax,income_statement,销售收入,USD,56517000000.0,2023-09-30,2023-07-01,10-Q,2025.0,Q1
RevenueFromContractWithCustomerExcludingAssessedTax,income_statement,销售收入,USD,118537000000.0,2023-12-31,2023-07-01,10-Q,2024.0,Q2
RevenueFromContractWithCustomerExcludingAssessedTax,income_statement,销售收入,USD,118537000000.0,2023-12-31,2023-07-01,10-Q,2025.0,Q2
RevenueFromContractWithCustomerExcludingAssessedTax,income_statement,销售收入,USD,62020000000.0,2023-12-31,2023-10-01,10-Q,2024.0,Q2
RevenueFromContractWithCustomerExcludingAssessedTax,income_statement,销售收入,USD,62020000000.0,2023-12-31,2023-10-01,10-Q,2025.0,Q2
RevenueFromContractWithCustomerExcludingAssessedTax,income_statement,销售收入,USD,180395000000.0,2024-03-31,2023-07-01,10-Q,2024.0,Q3
RevenueFromContractWithCustomerExcludingAssessedTax,income_statement,销售收入,USD,180395000000.0,2024-03-31,2023-07-01,10-Q,2025.0,Q3
RevenueFromContractWithCustomerExcludingAssessedTax,income_statement,销售收入,USD,61858000000.0,2024-03-31,2024-01-01,10-Q,2024.0,Q3
RevenueFromContractWithCustomerExcludingAssessedTax,income_statement,销售收入,USD,61858000000.0,2024-03-31,2024-01-01,10-Q,2025.0,Q3
RevenueFromContractWithCustomerExcludingAssessedTax,income_statement,销售收入,USD,245122000000.0,2024-06-30,2023-07-01,10-K,2024.0,FY
RevenueFromContractWithCustomerExcludingAssessedTax,income_statement,销售收入,USD,245122000000.0,2024-06-30,2023-07-01,8-K,,
RevenueFromContractWithCustomerExcludingAssessedTax,income_statement,销售收入,USD,245122000000.0,2024-06-30,2023-07-01,10-K,2025.0,FY
RevenueFromContractWithCustomerExcludingAssessedTax,income_statement,销售收入,USD,65585000000.0,2024-09-30,2024-07-01,10-Q,2025.0,Q1
RevenueFromContractWithCustomerExcludingAssessedTax,income_statement,销售收入,USD,135217000000.0,2024-12-31,2024-07-01,10-Q,2025.0,Q2
RevenueFromContractWithCustomerExcludingAssessedTax,income_statement,销售收入,USD,69632000000.0,2024-12-31,2024-10-01,10-Q,2025.0,Q2
RevenueFromContractWithCustomerExcludingAssessedTax,income_statement,销售收入,USD,205283000000.0,2025-03-31,2024-07-01,10-Q,2025.0,Q3
RevenueFromContractWithCustomerExcludingAssessedTax,income_statement,销售收入,USD,70066000000.0,2025-03-31,2025-01-01,10-Q,2025.0,Q3
RevenueFromContractWithCustomerExcludingAssessedTax,income_statement,销售收入,USD,281724000000.0,2025-06-30,2024-07-01,10-K,2025.0,FY
GrossProfit,income_statement,毛利润,USD,83695000000.0,2021-03-31,2020-07-01,10-Q,2021.0,Q3
GrossProfit,income_statement,毛利润,USD,83695000000.0,2021-03-31,2020-07-01,10-Q,2022.0,Q3
GrossProfit,income_statement,毛利润,USD,28661000000.0,2021-03-31,2021-01-01,10-Q,2021.0,Q3
GrossProfit,income_statement,毛利润,USD,28661000000.0,2021-03-31,2021-01-01,10-Q,2022.0,Q3
GrossProfit,income_statement,毛利润,USD,115856000000.0,2021-06-30,2020-07-01,10-K,2021.0,FY
GrossProfit,income_statement,毛利润,USD,115856000000.0,2021-06-30,2020-07-01,10-K,2022.0,FY
GrossProfit,income_statement,毛利润,USD,115856000000.0,2021-06-30,2020-07-01,10-K,2023.0,FY
GrossProfit,income_statement,毛利润,USD,31671000000.0,2021-09-30,2021-07-01,10-Q,2022.0,Q1
GrossProfit,income_statement,毛利润,USD,31671000000.0,2021-09-30,2021-07-01,10-Q,2023.0,Q1
GrossProfit,income_statement,毛利润,USD,66439000000.0,2021-12-31,2021-07-01,10-Q,2022.0,Q2
GrossProfit,income_statement,毛利润,USD,66439000000.0,2021-12-31,2021-07-01,10-Q,2023.0,Q2
GrossProfit,income_statement,毛利润,USD,34768000000.0,2021-12-31,2021-10-01,10-Q,2022.0,Q2
GrossProfit,income_statement,毛利润,USD,34768000000.0,2021-12-31,2021-10-01,10-Q,2023.0,Q2
GrossProfit,income_statement,毛利润,USD,100184000000.0,2022-03-31,2021-07-01,10-Q,2022.0,Q3
GrossProfit,income_statement,毛利润,USD,100184000000.0,2022-03-31,2021-07-01,10-Q,2023.0,Q3
GrossProfit,income_statement,毛利润,USD,33745000000.0,2022-03-31,2022-01-01,10-Q,2022.0,Q3
GrossProfit,income_statement,毛利润,USD,33745000000.0,2022-03-31,2022-01-01,10-Q,2023.0,Q3
GrossProfit,income_statement,毛利润,USD,135620000000.0,2022-06-30,2021-07-01,10-K,2022.0,FY
GrossProfit,income_statement,毛利润,USD,135620000000.0,2022-06-30,2021-07-01,10-K,2023.0,FY
GrossProfit,income_statement,毛利润,USD,135620000000.0,2022-06-30,2021-07-01,10-K,2024.0,FY
GrossProfit,income_statement,毛利润,USD,135620000000.0,2022-06-30,2021-07-01,8-K,,
GrossProfit,income_statement,毛利润,USD,34670000000.0,2022-09-30,2022-07-01,10-Q,2023.0,Q1
GrossProfit,income_statement,毛利润,USD,34670000000.0,2022-09-30,2022-07-01,10-Q,2024.0,Q1
GrossProfit,income_statement,毛利润,USD,69929000000.0,2022-12-31,2022-07-01,10-Q,2023.0,Q2
GrossProfit,income_statement,毛利润,USD,69929000000.0,2022-12-31,2022-07-01,10-Q,2024.0,Q2
GrossProfit,income_statement,毛利润,USD,35259000000.0,2022-12-31,2022-10-01,10-Q,2023.0,Q2
GrossProfit,income_statement,毛利润,USD,35259000000.0,2022-12-31,2022-10-01,10-Q,2024.0,Q2
GrossProfit,income_statement,毛利润,USD,106658000000.0,2023-03-31,2022-07-01,10-Q,2023.0,Q3
GrossProfit,income_statement,毛利润,USD,106658000000.0,2023-03-31,2022-07-01,10-Q,2024.0,Q3
GrossProfit,income_statement,毛利润,USD,36729000000.0,2023-03-31,2023-01-01,10-Q,2023.0,Q3
GrossProfit,income_statement,毛利润,USD,36729000000.0,2023-03-31,2023-01-01,10-Q,2024.0,Q3
GrossProfit,income_statement,毛利润,USD,146052000000.0,2023-06-30,2022-07-01,10-K,2023.0,FY
GrossProfit,income_statement,毛利润,USD,146052000000.0,2023-06-30,2022-07-01,10-K,2024.0,FY
GrossProfit,income_statement,毛利润,USD,146052000000.0,2023-06-30,2022-07-01,8-K,,
GrossProfit,income_statement,毛利润,USD,146052000000.0,2023-06-30,2022-07-01,10-K,2025.0,FY
GrossProfit,income_statement,毛利润,USD,40215000000.0,2023-09-30,2023-07-01,10-Q,2024.0,Q1
GrossProfit,income_statement,毛利润,USD,40215000000.0,2023-09-30,2023-07-01,10-Q,2025.0,Q1
GrossProfit,income_statement,毛利润,USD,82612000000.0,2023-12-31,2023-07-01,10-Q,2024.0,Q2
GrossProfit,income_statement,毛利润,USD,82612000000.0,2023-12-31,2023-07-01,10-Q,2025.0,Q2
GrossProfit,income_statement,毛利润,USD,42397000000.0,2023-12-31,2023-10-01,10-Q,2024.0,Q2
GrossProfit,income_statement,毛利润,USD,42397000000.0,2023-12-31,2023-10-01,10-Q,2025.0,Q2
GrossProfit,income_statement,毛利润,USD,125965000000.0,2024-03-31,2023-07-01,10-Q,2024.0,Q3
GrossProfit,income_statement,毛利润,USD,125965000000.0,2024-03-31,2023-07-01,10-Q,2025.0,Q3
GrossProfit,income_statement,毛利润,USD,43353000000.0,2024-03-31,2024-01-01,10-Q,2024.0,Q3
GrossProfit,income_statement,毛利润,USD,43353000000.0,2024-03-31,2024-01-01,10-Q,2025.0,Q3
GrossProfit,income_statement,毛利润,USD,171008000000.0,2024-06-30,2023-07-01,10-K,2024.0,FY
GrossProfit,income_statement,毛利润,USD,171008000000.0,2024-06-30,2023-07-01,8-K,,
GrossProfit,income_statement,毛利润,USD,171008000000.0,2024-06-30,2023-07-01,10-K,2025.0,FY
GrossProfit,income_statement,毛利润,USD,45486000000.0,2024-09-30,2024-07-01,10-Q,2025.0,Q1
GrossProfit,income_statement,毛利润,USD,93319000000.0,2024-12-31,2024-07-01,10-Q,2025.0,Q2
GrossProfit,income_statement,毛利润,USD,47833000000.0,2024-12-31,2024-10-01,10-Q,2025.0,Q2
GrossProfit,income_statement,毛利润,USD,141466000000.0,2025-03-31,2024-07-01,10-Q,2025.0,Q3
GrossProfit,income_statement,毛利润,USD,48147000000.0,2025-03-31,2025-01-01,10-Q,2025.0,Q3
GrossProfit,income_statement,毛利润,USD,193893000000.0,2025-06-30,2024-07-01,10-K,2025.0,FY
OperatingIncomeLoss,income_statement,营业利润,USD,50821000000.0,2021-03-31,2020-07-01,10-Q,2021.0,Q3
OperatingIncomeLoss,income_statement,营业利润,USD,50821000000.0,2021-03-31,2020-07-01,10-Q,2022.0,Q3
OperatingIncomeLoss,income_statement,营业利润,USD,17048000000.0,2021-03-31,2021-01-01,10-Q,2021.0,Q3
OperatingIncomeLoss,income_statement,营业利润,USD,17048000000.0,2021-03-31,2021-01-01,10-Q,2022.0,Q3
OperatingIncomeLoss,income_statement,营业利润,USD,69916000000.0,2021-06-30,2020-07-01,10-K,2021.0,FY
OperatingIncomeLoss,income_statement,营业利润,USD,69916000000.0,2021-06-30,2020-07-01,10-K,2022.0,FY
OperatingIncomeLoss,income_statement,营业利润,USD,69916000000.0,2021-06-30,2020-07-01,10-K,2023.0,FY
OperatingIncomeLoss,income_statement,营业利润,USD,20238000000.0,2021-09-30,2021-07-01,10-Q,2022.0,Q1
OperatingIncomeLoss,income_statement,营业利润,USD,20238000000.0,2021-09-30,2021-07-01,10-Q,2023.0,Q1
OperatingIncomeLoss,income_statement,营业利润,USD,42485000000.0,2021-12-31,2021-07-01,10-Q,2022.0,Q2
OperatingIncomeLoss,income_statement,营业利润,USD,42485000000.0,2021-12-31,2021-07-01,10-Q,2023.0,Q2
OperatingIncomeLoss,income_statement,营业利润,USD,22247000000.0,2021-12-31,2021-10-01,10-Q,2022.0,Q2
OperatingIncomeLoss,income_statement,营业利润,USD,22247000000.0,2021-12-31,2021-10-01,10-Q,2023.0,Q2
OperatingIncomeLoss,income_statement,营业利润,USD,62849000000.0,2022-03-31,2021-07-01,10-Q,2022.0,Q3
OperatingIncomeLoss,income_statement,营业利润,USD,62849000000.0,2022-03-31,2021-07-01,10-Q,2023.0,Q3
OperatingIncomeLoss,income_statement,营业利润,USD,20364000000.0,2022-03-31,2022-01-01,10-Q,2022.0,Q3
OperatingIncomeLoss,income_statement,营业利润,USD,20364000000.0,2022-03-31,2022-01-01,10-Q,2023.0,Q3
OperatingIncomeLoss,income_statement,营业利润,USD,83383000000.0,2022-06-30,2021-07-01,10-K,2022.0,FY
OperatingIncomeLoss,income_statement,营业利润,USD,83383000000.0,2022-06-30,2021-07-01,10-K,2023.0,FY
OperatingIncomeLoss,income_statement,营业利润,USD,83383000000.0,2022-06-30,2021-07-01,10-K,2024.0,FY
OperatingIncomeLoss,income_statement,营业利润,USD,83383000000.0,2022-06-30,2021-07-01,8-K,,
OperatingIncomeLoss,income_statement,营业利润,USD,21518000000.0,2022-09-30,2022-07-01,10-Q,2023.0,Q1
OperatingIncomeLoss,income_statement,营业利润,USD,21518000000.0,2022-09-30,2022-07-01,10-Q,2024.0,Q1
OperatingIncomeLoss,income_statement,营业利润,USD,41917000000.0,2022-12-31,2022-07-01,10-Q,2023.0,Q2
OperatingIncomeLoss,income_statement,营业利润,USD,41917000000.0,2022-12-31,2022-07-01,10-Q,2024.0,Q2
OperatingIncomeLoss,income_statement,营业利润,USD,20399000000.0,2022-12-31,2022-10-01,10-Q,2023.0,Q2
OperatingIncomeLoss,income_statement,营业利润,USD,20399000000.0,2022-12-31,2022-10-01,10-Q,2024.0,Q2
OperatingIncomeLoss,income_statement,营业利润,USD,64269000000.0,2023-03-31,2022-07-01,10-Q,2023.0,Q3
OperatingIncomeLoss,income_statement,营业利润,USD,64269000000.0,2023-03-31,2022-07-01,10-Q,2024.0,Q3
OperatingIncomeLoss,income_statement,营业利润,USD,22352000000.0,2023-03-31,2023-01-01,10-Q,2023.0,Q3
OperatingIncomeLoss,income_statement,营业利润,USD,22352000000.0,2023-03-31,2023-01-01,10-Q,2024.0,Q3
OperatingIncomeLoss,income_statement,营业利润,USD,88523000000.0,2023-06-30,2022-07-01,10-K,2023.0,FY
OperatingIncomeLoss,income_statement,营业利润,USD,88523000000.0,2023-06-30,2022-07-01,10-K,2024.0,FY
OperatingIncomeLoss,income_statement,营业利润,USD,88523000000.0,2023-06-30,2022-07-01,8-K,,
OperatingIncomeLoss,income_statement,营业利润,USD,88523000000.0,2023-06-30,2022-07-01,10-K,2025.0,FY
OperatingIncomeLoss,income_statement,营业利润,USD,26895000000.0,2023-09-30,2023-07-01,10-Q,2024.0,Q1
OperatingIncomeLoss,income_statement,营业利润,USD,26895000000.0,2023-09-30,2023-07-01,10-Q,2025.0,Q1
OperatingIncomeLoss,income_statement,营业利润,USD,53927000000.0,2023-12-31,2023-07-01,10-Q,2024.0,Q2
OperatingIncomeLoss,income_statement,营业利润,USD,53927000000.0,2023-12-31,2023-07-01,10-Q,2025.0,Q2
OperatingIncomeLoss,income_statement,营业利润,USD,27032000000.0,2023-12-31,2023-10-01,10-Q,2024.0,Q2
OperatingIncomeLoss,income_statement,营业利润,USD,27032000000.0,2023-12-31,2023-10-01,10-Q,2025.0,Q2
OperatingIncomeLoss,income_statement,营业利润,USD,81508000000.0,2024-03-31,2023-07-01,10-Q,2024.0,Q3
OperatingIncomeLoss,income_statement,营业利润,USD,81508000000.0,2024-03-31,2023-07-01,10-Q,2025.0,Q3
OperatingIncomeLoss,income_statement,营业利润,USD,27581000000.0,2024-03-31,2024-01-01,10-Q,2024.0,Q3
OperatingIncomeLoss,income_statement,营业利润,USD,27581000000.0,2024-03-31,2024-01-01,10-Q,2025.0,Q3
OperatingIncomeLoss,income_statement,营业利润,USD,109433000000.0,2024-06-30,2023-07-01,10-K,2024.0,FY
OperatingIncomeLoss,income_statement,营业利润,USD,109433000000.0,2024-06-30,2023-07-01,8-K,,
OperatingIncomeLoss,income_statement,营业利润,USD,109433000000.0,2024-06-30,2023-07-01,10-K,2025.0,FY
OperatingIncomeLoss,income_statement,营业利润,USD,30552000000.0,2024-09-30,2024-07-01,10-Q,2025.0,Q1
OperatingIncomeLoss,income_statement,营业利润,USD,62205000000.0,2024-12-31,2024-07-01,10-Q,2025.0,Q2
OperatingIncomeLoss,income_statement,营业利润,USD,31653000000.0,2024-12-31,2024-10-01,10-Q,2025.0,Q2
OperatingIncomeLoss,income_statement,营业利润,USD,94205000000.0,2025-03-31,2024-07-01,10-Q,2025.0,Q3
OperatingIncomeLoss,income_statement,营业利润,USD,32000000000.0,2025-03-31,2025-01-01,10-Q,2025.0,Q3
OperatingIncomeLoss,income_statement,营业利润,USD,128528000000.0,2025-06-30,2024-07-01,10-K,2025.0,FY
NetIncomeLoss,income_statement,净利润,USD,44813000000.0,2021-03-31,2020-07-01,10-Q,2021.0,Q3
NetIncomeLoss,income_statement,净利润,USD,44813000000.0,2021-03-31,2020-07-01,10-Q,2022.0,Q3
NetIncomeLoss,income_statement,净利润,USD,15457000000.0,2021-03-31,2021-01-01,10-Q,2021.0,Q3
NetIncomeLoss,income_statement,净利润,USD,15457000000.0,2021-03-31,2021-01-01,10-Q,2022.0,Q3
NetIncomeLoss,income_statement,净利润,USD,61271000000.0,2021-06-30,2020-07-01,10-K,2021.0,FY
NetIncomeLoss,income_statement,净利润,USD,61271000000.0,2021-06-30,2020-07-01,10-K,2022.0,FY
NetIncomeLoss,income_statement,净利润,USD,61271000000.0,2021-06-30,2020-07-01,10-K,2023.0,FY
NetIncomeLoss,income_statement,净利润,USD,20505000000.0,2021-09-30,2021-07-01,10-Q,2022.0,Q1
NetIncomeLoss,income_statement,净利润,USD,20505000000.0,2021-09-30,2021-07-01,10-Q,2023.0,Q1
NetIncomeLoss,income_statement,净利润,USD,39270000000.0,2021-12-31,2021-07-01,10-Q,2022.0,Q2
NetIncomeLoss,income_statement,净利润,USD,39270000000.0,2021-12-31,2021-07-01,10-Q,2023.0,Q2
NetIncomeLoss,income_statement,净利润,USD,18765000000.0,2021-12-31,2021-10-01,10-Q,2022.0,Q2
NetIncomeLoss,income_statement,净利润,USD,18765000000.0,2021-12-31,2021-10-01,10-Q,2023.0,Q2
NetIncomeLoss,income_statement,净利润,USD,55998000000.0,2022-03-31,2021-07-01,10-Q,2022.0,Q3
NetIncomeLoss,income_statement,净利润,USD,55998000000.0,2022-03-31,2021-07-01,10-Q,2023.0,Q3
NetIncomeLoss,income_statement,净利润,USD,16728000000.0,2022-03-31,2022-01-01,10-Q,2022.0,Q3
NetIncomeLoss,income_statement,净利润,USD,16728000000.0,2022-03-31,2022-01-01,10-Q,2023.0,Q3
NetIncomeLoss,income_statement,净利润,USD,72738000000.0,2022-06-30,2021-07-01,10-K,2022.0,FY
NetIncomeLoss,income_statement,净利润,USD,72738000000.0,2022-06-30,2021-07-01,10-K,2023.0,FY
NetIncomeLoss,income_statement,净利润,USD,72738000000.0,2022-06-30,2021-07-01,10-K,2024.0,FY
NetIncomeLoss,income_statement,净利润,USD,72738000000.0,2022-06-30,2021-07-01,8-K,,
NetIncomeLoss,income_statement,净利润,USD,17556000000.0,2022-09-30,2022-07-01,10-Q,2023.0,Q1
NetIncomeLoss,income_statement,净利润,USD,17556000000.0,2022-09-30,2022-07-01,10-Q,2024.0,Q1
NetIncomeLoss,income_statement,净利润,USD,33981000000.0,2022-12-31,2022-07-01,10-Q,2023.0,Q2
NetIncomeLoss,income_statement,净利润,USD,33981000000.0,2022-12-31,2022-07-01,10-Q,2024.0,Q2
NetIncomeLoss,income_statement,净利润,USD,16425000000.0,2022-12-31,2022-10-01,10-Q,2023.0,Q2
NetIncomeLoss,income_statement,净利润,USD,16425000000.0,2022-12-31,2022-10-01,10-Q,2024.0,Q2
NetIncomeLoss,income_statement,净利润,USD,52280000000.0,2023-03-31,2022-07-01,10-Q,2023.0,Q3
NetIncomeLoss,income_statement,净利润,USD,52280000000.0,2023-03-31,2022-07-01,10-Q,2024.0,Q3
NetIncomeLoss,income_statement,净利润,USD,18299000000.0,2023-03-31,2023-01-01,10-Q,2023.0,Q3
NetIncomeLoss,income_statement,净利润,USD,18299000000.0,2023-03-31,2023-01-01,10-Q,2024.0,Q3
NetIncomeLoss,income_statement,净利润,USD,72361000000.0,2023-06-30,2022-07-01,10-K,2023.0,FY
NetIncomeLoss,income_statement,净利润,USD,72361000000.0,2023-06-30,2022-07-01,10-K,2024.0,FY
NetIncomeLoss,income_statement,净利润,USD,72361000000.0,2023-06-30,2022-07-01,8-K,,
NetIncomeLoss,income_statement,净利润,USD,72361000000.0,2023-06-30,2022-07-01,10-K,2025.0,FY
NetIncomeLoss,income_statement,净利润,USD,22291000000.0,2023-09-30,2023-07-01,10-Q,2024.0,Q1
NetIncomeLoss,income_statement,净利润,USD,22291000000.0,2023-09-30,2023-07-01,10-Q,2025.0,Q1
NetIncomeLoss,income_statement,净利润,USD,44161000000.0,2023-12-31,2023-07-01,10-Q,2024.0,Q2
NetIncomeLoss,income_statement,净利润,USD,44161000000.0,2023-12-31,2023-07-01,10-Q,2025.0,Q2
NetIncomeLoss,income_statement,净利润,USD,21870000000.0,2023-12-31,2023-10-01,10-Q,2024.0,Q2
NetIncomeLoss,income_statement,净利润,USD,21870000000.0,2023-12-31,2023-10-01,10-Q,2025.0,Q2
NetIncomeLoss,income_statement,净利润,USD,66100000000.0,2024-03-31,2023-07-01,10-Q,2024.0,Q3
NetIncomeLoss,income_statement,净利润,USD,66100000000.0,2024-03-31,2023-07-01,10-Q,2025.0,Q3
NetIncomeLoss,income_statement,净利润,USD,21939000000.0,2024-03-31,2024-01-01,10-Q,2024.0,Q3
NetIncomeLoss,income_statement,净利润,USD,21939000000.0,2024-03-31,2024-01-01,10-Q,2025.0,Q3
NetIncomeLoss,income_statement,净利润,USD,88136000000.0,2024-06-30,2023-07-01,10-K,2024.0,FY
NetIncomeLoss,income_statement,净利润,USD,88136000000.0,2024-06-30,2023-07-01,8-K,,
NetIncomeLoss,income_statement,净利润,USD,88136000000.0,2024-06-30,2023-07-01,10-K,2025.0,FY
NetIncomeLoss,income_statement,净利润,USD,24667000000.0,2024-09-30,2024-07-01,10-Q,2025.0,Q1
NetIncomeLoss,income_statement,净利润,USD,48775000000.0,2024-12-31,2024-07-01,10-Q,2025.0,Q2
NetIncomeLoss,income_statement,净利润,USD,24108000000.0,2024-12-31,2024-10-01,10-Q,2025.0,Q2
NetIncomeLoss,income_statement,净利润,USD,74599000000.0,2025-03-31,2024-07-01,10-Q,2025.0,Q3
NetIncomeLoss,income_statement,净利润,USD,25824000000.0,2025-03-31,2025-01-01,10-Q,2025.0,Q3
NetIncomeLoss,income_statement,净利润,USD,101832000000.0,2025-06-30,2024-07-01,10-K,2025.0,FY
EarningsPerShareBasic,income_statement,基本每股收益,USD/shares,5.93,2021-03-31,2020-07-01,10-Q,2021.0,Q3
EarningsPerShareBasic,income_statement,基本每股收益,USD/shares,5.93,2021-03-31,2020-07-01,10-Q,2022.0,Q3
EarningsPerShareBasic,income_statement,基本每股收益,USD/shares,2.05,2021-03-31,2021-01-01,10-Q,2021.0,Q3
EarningsPerShareBasic,income_statement,基本每股收益,USD/shares,2.05,2021-03-31,2021-01-01,10-Q,2022.0,Q3
EarningsPerShareBasic,income_statement,基本每股收益,USD/shares,8.12,2021-06-30,2020-07-01,10-K,2021.0,FY
EarningsPerShareBasic,income_statement,基本每股收益,USD/shares,8.12,2021-06-30,2020-07-01,10-K,2022.0,FY
EarningsPerShareBasic,income_statement,基本每股收益,USD/shares,8.12,2021-06-30,2020-07-01,10-K,2023.0,FY
EarningsPerShareBasic,income_statement,基本每股收益,USD/shares,2.73,2021-09-30,2021-07-01,10-Q,2022.0,Q1
EarningsPerShareBasic,income_statement,基本每股收益,USD/shares,2.73,2021-09-30,2021-07-01,10-Q,2023.0,Q1
EarningsPerShareBasic,income_statement,基本每股收益,USD/shares,5.23,2021-12-31,2021-07-01,10-Q,2022.0,Q2
EarningsPerShareBasic,income_statement,基本每股收益,USD/shares,5.23,2021-12-31,2021-07-01,10-Q,2023.0,Q2
EarningsPerShareBasic,income_statement,基本每股收益,USD/shares,2.5,2021-12-31,2021-10-01,10-Q,2022.0,Q2
EarningsPerShareBasic,income_statement,基本每股收益,USD/shares,2.5,2021-12-31,2021-10-01,10-Q,2023.0,Q2
EarningsPerShareBasic,income_statement,基本每股收益,USD/shares,7.46,2022-03-31,2021-07-01,10-Q,2022.0,Q3
EarningsPerShareBasic,income_statement,基本每股收益,USD/shares,7.46,2022-03-31,2021-07-01,10-Q,2023.0,Q3
EarningsPerShareBasic,income_statement,基本每股收益,USD/shares,2.23,2022-03-31,2022-01-01,10-Q,2022.0,Q3
EarningsPerShareBasic,income_statement,基本每股收益,USD/shares,2.23,2022-03-31,2022-01-01,10-Q,2023.0,Q3
EarningsPerShareBasic,income_statement,基本每股收益,USD/shares,9.7,2022-06-30,2021-07-01,10-K,2022.0,FY
EarningsPerShareBasic,income_statement,基本每股收益,USD/shares,9.7,2022-06-30,2021-07-01,10-K,2023.0,FY
EarningsPerShareBasic,income_statement,基本每股收益,USD/shares,9.7,2022-06-30,2021-07-01,10-K,2024.0,FY
EarningsPerShareBasic,income_statement,基本每股收益,USD/shares,9.7,2022-06-30,2021-07-01,8-K,,
EarningsPerShareBasic,income_statement,基本每股收益,USD/shares,2.35,2022-09-30,2022-07-01,10-Q,2023.0,Q1
EarningsPerShareBasic,income_statement,基本每股收益,USD/shares,2.35,2022-09-30,2022-07-01,10-Q,2024.0,Q1
EarningsPerShareBasic,income_statement,基本每股收益,USD/shares,4.56,2022-12-31,2022-07-01,10-Q,2023.0,Q2
EarningsPerShareBasic,income_statement,基本每股收益,USD/shares,4.56,2022-12-31,2022-07-01,10-Q,2024.0,Q2
EarningsPerShareBasic,income_statement,基本每股收益,USD/shares,2.2,2022-12-31,2022-10-01,10-Q,2023.0,Q2
EarningsPerShareBasic,income_statement,基本每股收益,USD/shares,2.2,2022-12-31,2022-10-01,10-Q,2024.0,Q2
EarningsPerShareBasic,income_statement,基本每股收益,USD/shares,7.02,2023-03-31,2022-07-01,10-Q,2023.0,Q3
EarningsPerShareBasic,income_statement,基本每股收益,USD/shares,7.02,2023-03-31,2022-07-01,10-Q,2024.0,Q3
EarningsPerShareBasic,income_statement,基本每股收益,USD/shares,2.46,2023-03-31,2023-01-01,10-Q,2023.0,Q3
EarningsPerShareBasic,income_statement,基本每股收益,USD/shares,2.46,2023-03-31,2023-01-01,10-Q,2024.0,Q3
EarningsPerShareBasic,income_statement,基本每股收益,USD/shares,9.72,2023-06-30,2022-07-01,10-K,2023.0,FY
EarningsPerShareBasic,income_statement,基本每股收益,USD/shares,9.72,2023-06-30,2022-07-01,10-K,2024.0,FY
EarningsPerShareBasic,income_statement,基本每股收益,USD/shares,9.72,2023-06-30,2022-07-01,8-K,,
EarningsPerShareBasic,income_statement,基本每股收益,USD/shares,9.72,2023-06-30,2022-07-01,10-K,2025.0,FY
EarningsPerShareBasic,income_statement,基本每股收益,USD/shares,3.0,2023-09-30,2023-07-01,10-Q,2024.0,Q1
EarningsPerShareBasic,income_statement,基本每股收益,USD/shares,3.0,2023-09-30,2023-07-01,10-Q,2025.0,Q1
EarningsPerShareBasic,income_statement,基本每股收益,USD/shares,5.94,2023-12-31,2023-07-01,10-Q,2024.0,Q2
EarningsPerShareBasic,income_statement,基本每股收益,USD/shares,5.94,2023-12-31,2023-07-01,10-Q,2025.0,Q2
EarningsPerShareBasic,income_statement,基本每股收益,USD/shares,2.94,2023-12-31,2023-10-01,10-Q,2024.0,Q2
EarningsPerShareBasic,income_statement,基本每股收益,USD/shares,2.94,2023-12-31,2023-10-01,10-Q,2025.0,Q2
EarningsPerShareBasic,income_statement,基本每股收益,USD/shares,8.9,2024-03-31,2023-07-01,10-Q,2024.0,Q3
EarningsPerShareBasic,income_statement,基本每股收益,USD/shares,8.9,2024-03-31,2023-07-01,10-Q,2025.0,Q3
EarningsPerShareBasic,income_statement,基本每股收益,USD/shares,2.95,2024-03-31,2024-01-01,10-Q,2024.0,Q3
EarningsPerShareBasic,income_statement,基本每股收益,USD/shares,2.95,2024-03-31,2024-01-01,10-Q,2025.0,Q3
EarningsPerShareBasic,income_statement,基本每股收益,USD/shares,11.86,2024-06-30,2023-07-01,10-K,2024.0,FY
EarningsPerShareBasic,income_statement,基本每股收益,USD/shares,11.86,2024-06-30,2023-07-01,8-K,,
EarningsPerShareBasic,income_statement,基本每股收益,USD/shares,11.86,2024-06-30,2023-07-01,10-K,2025.0,FY
EarningsPerShareBasic,income_statement,基本每股收益,USD/shares,3.32,2024-09-30,2024-07-01,10-Q,2025.0,Q1
EarningsPerShareBasic,income_statement,基本每股收益,USD/shares,6.56,2024-12-31,2024-07-01,10-Q,2025.0,Q2
EarningsPerShareBasic,income_statement,基本每股收益,USD/shares,3.24,2024-12-31,2024-10-01,10-Q,2025.0,Q2
EarningsPerShareBasic,income_statement,基本每股收益,USD/shares,10.03,2025-03-31,2024-07-01,10-Q,2025.0,Q3
EarningsPerShareBasic,income_statement,基本每股收益,USD/shares,3.47,2025-03-31,2025-01-01,10-Q,2025.0,Q3
EarningsPerShareBasic,income_statement,基本每股收益,USD/shares,13.7,2025-06-30,2024-07-01,10-K,2025.0,FY
EarningsPerShareDiluted,income_statement,稀释每股收益,USD/shares,5.88,2021-03-31,2020-07-01,10-Q,2021.0,Q3
EarningsPerShareDiluted,income_statement,稀释每股收益,USD/shares,5.88,2021-03-31,2020-07-01,10-Q,2022.0,Q3
EarningsPerShareDiluted,income_statement,稀释每股收益,USD/shares,2.03,2021-03-31,2021-01-01,10-Q,2021.0,Q3
EarningsPerShareDiluted,income_statement,稀释每股收益,USD/shares,2.03,2021-03-31,2021-01-01,10-Q,2022.0,Q3
EarningsPerShareDiluted,income_statement,稀释每股收益,USD/shares,8.05,2021-06-30,2020-07-01,10-K,2021.0,FY
EarningsPerShareDiluted,income_statement,稀释每股收益,USD/shares,8.05,2021-06-30,2020-07-01,10-K,2022.0,FY
EarningsPerShareDiluted,income_statement,稀释每股收益,USD/shares,8.05,2021-06-30,2020-07-01,10-K,2023.0,FY
EarningsPerShareDiluted,income_statement,稀释每股收益,USD/shares,2.71,2021-09-30,2021-07-01,10-Q,2022.0,Q1
EarningsPerShareDiluted,income_statement,稀释每股收益,USD/shares,2.71,2021-09-30,2021-07-01,10-Q,2023.0,Q1
EarningsPerShareDiluted,income_statement,稀释每股收益,USD/shares,5.19,2021-12-31,2021-07-01,10-Q,2022.0,Q2
EarningsPerShareDiluted,income_statement,稀释每股收益,USD/shares,5.19,2021-12-31,2021-07-01,10-Q,2023.0,Q2
EarningsPerShareDiluted,income_statement,稀释每股收益,USD/shares,2.48,2021-12-31,2021-10-01,10-Q,2022.0,Q2
EarningsPerShareDiluted,income_statement,稀释每股收益,USD/shares,2.48,2021-12-31,2021-10-01,10-Q,2023.0,Q2
EarningsPerShareDiluted,income_statement,稀释每股收益,USD/shares,7.41,2022-03-31,2021-07-01,10-Q,2022.0,Q3
EarningsPerShareDiluted,income_statement,稀释每股收益,USD/shares,7.41,2022-03-31,2021-07-01,10-Q,2023.0,Q3
EarningsPerShareDiluted,income_statement,稀释每股收益,USD/shares,2.22,2022-03-31,2022-01-01,10-Q,2022.0,Q3
EarningsPerShareDiluted,income_statement,稀释每股收益,USD/shares,2.22,2022-03-31,2022-01-01,10-Q,2023.0,Q3
EarningsPerShareDiluted,income_statement,稀释每股收益,USD/shares,9.65,2022-06-30,2021-07-01,10-K,2022.0,FY
EarningsPerShareDiluted,income_statement,稀释每股收益,USD/shares,9.65,2022-06-30,2021-07-01,10-K,2023.0,FY
EarningsPerShareDiluted,income_statement,稀释每股收益,USD/shares,9.65,2022-06-30,2021-07-01,10-K,2024.0,FY
EarningsPerShareDiluted,income_statement,稀释每股收益,USD/shares,9.65,2022-06-30,2021-07-01,8-K,,
EarningsPerShareDiluted,income_statement,稀释每股收益,USD/shares,2.35,2022-09-30,2022-07-01,10-Q,2023.0,Q1
EarningsPerShareDiluted,income_statement,稀释每股收益,USD/shares,2.35,2022-09-30,2022-07-01,10-Q,2024.0,Q1
EarningsPerShareDiluted,income_statement,稀释每股收益,USD/shares,4.54,2022-12-31,2022-07-01,10-Q,2023.0,Q2
EarningsPerShareDiluted,income_statement,稀释每股收益,USD/shares,4.54,2022-12-31,2022-07-01,10-Q,2024.0,Q2
EarningsPerShareDiluted,income_statement,稀释每股收益,USD/shares,2.2,2022-12-31,2022-10-01,10-Q,2023.0,Q2
EarningsPerShareDiluted,income_statement,稀释每股收益,USD/shares,2.2,2022-12-31,2022-10-01,10-Q,2024.0,Q2
EarningsPerShareDiluted,income_statement,稀释每股收益,USD/shares,6.99,2023-03-31,2022-07-01,10-Q,2023.0,Q3
EarningsPerShareDiluted,income_statement,稀释每股收益,USD/shares,6.99,2023-03-31,2022-07-01,10-Q,2024.0,Q3
EarningsPerShareDiluted,income_statement,稀释每股收益,USD/shares,2.45,2023-03-31,2023-01-01,10-Q,2023.0,Q3
EarningsPerShareDiluted,income_statement,稀释每股收益,USD/shares,2.45,2023-03-31,2023-01-01,10-Q,2024.0,Q3
EarningsPerShareDiluted,income_statement,稀释每股收益,USD/shares,9.68,2023-06-30,2022-07-01,10-K,2023.0,FY
EarningsPerShareDiluted,income_statement,稀释每股收益,USD/shares,9.68,2023-06-30,2022-07-01,10-K,2024.0,FY
EarningsPerShareDiluted,income_statement,稀释每股收益,USD/shares,9.68,2023-06-30,2022-07-01,8-K,,
EarningsPerShareDiluted,income_statement,稀释每股收益,USD/shares,9.68,2023-06-30,2022-07-01,10-K,2025.0,FY
EarningsPerShareDiluted,income_statement,稀释每股收益,USD/shares,2.99,2023-09-30,2023-07-01,10-Q,2024.0,Q1
EarningsPerShareDiluted,income_statement,稀释每股收益,USD/shares,2.99,2023-09-30,2023-07-01,10-Q,2025.0,Q1
EarningsPerShareDiluted,income_statement,稀释每股收益,USD/shares,5.92,2023-12-31,2023-07-01,10-Q,2024.0,Q2
EarningsPerShareDiluted,income_statement,稀释每股收益,USD/shares,5.92,2023-12-31,2023-07-01,10-Q,2025.0,Q2
EarningsPerShareDiluted,income_statement,稀释每股收益,USD/shares,2.93,2023-12-31,2023-10-01,10-Q,2024.0,Q2
EarningsPerShareDiluted,income_statement,稀释每股收益,USD/shares,2.93,2023-12-31,2023-10-01,10-Q,2025.0,Q2
EarningsPerShareDiluted,income_statement,稀释每股收益,USD/shares,8.85,2024-03-31,2023-07-01,10-Q,2024.0,Q3
EarningsPerShareDiluted,income_statement,稀释每股收益,USD/shares,8.85,2024-03-31,2023-07-01,10-Q,2025.0,Q3
EarningsPerShareDiluted,income_statement,稀释每股收益,USD/shares,2.94,2024-03-31,2024-01-01,10-Q,2024.0,Q3
EarningsPerShareDiluted,income_statement,稀释每股收益,USD/shares,2.94,2024-03-31,2024-01-01,10-Q,2025.0,Q3
EarningsPerShareDiluted,income_statement,稀释每股收益,USD/shares,11.8,2024-06-30,2023-07-01,10-K,2024.0,FY
EarningsPerShareDiluted,income_statement,稀释每股收益,USD/shares,11.8,2024-06-30,2023-07-01,8-K,,
EarningsPerShareDiluted,income_statement,稀释每股收益,USD/shares,11.8,2024-06-30,2023-07-01,10-K,2025.0,FY
EarningsPerShareDiluted,income_statement,稀释每股收益,USD/shares,3.3,2024-09-30,2024-07-01,10-Q,2025.0,Q1
EarningsPerShareDiluted,income_statement,稀释每股收益,USD/shares,6.53,2024-12-31,2024-07-01,10-Q,2025.0,Q2
EarningsPerShareDiluted,income_statement,稀释每股收益,USD/shares,3.23,2024-12-31,2024-10-01,10-Q,2025.0,Q2
EarningsPerShareDiluted,income_statement,稀释每股收益,USD/shares,9.99,2025-03-31,2024-07-01,10-Q,2025.0,Q3
EarningsPerShareDiluted,income_statement,稀释每股收益,USD/shares,3.46,2025-03-31,2025-01-01,10-Q,2025.0,Q3
EarningsPerShareDiluted,income_statement,稀释每股收益,USD/shares,13.64,2025-06-30,2024-07-01,10-K,2025.0,FY
