concept,category,chinese_name,unit,value,end_date,start_date,form,fiscal_year,fiscal_period
Assets,balance_sheet,总资产,USD,337158000000.0,2021-03-27,,10-Q,2021,Q2
Assets,balance_sheet,总资产,USD,329840000000.0,2021-06-26,,10-Q,2021,Q3
Assets,balance_sheet,总资产,USD,351002000000.0,2021-09-25,,10-K,2021,FY
Assets,balance_sheet,总资产,USD,351002000000.0,2021-09-25,,10-Q,2022,Q1
Assets,balance_sheet,总资产,USD,351002000000.0,2021-09-25,,10-Q,2022,Q2
Assets,balance_sheet,总资产,USD,351002000000.0,2021-09-25,,10-Q,2022,Q3
Assets,balance_sheet,总资产,USD,351002000000.0,2021-09-25,,10-K,2022,FY
Assets,balance_sheet,总资产,USD,381191000000.0,2021-12-25,,10-Q,2022,Q1
Assets,balance_sheet,总资产,USD,350662000000.0,2022-03-26,,10-Q,2022,Q2
Assets,balance_sheet,总资产,USD,336309000000.0,2022-06-25,,10-Q,2022,Q3
Assets,balance_sheet,总资产,USD,352755000000.0,2022-09-24,,10-K,2022,FY
Assets,balance_sheet,总资产,USD,352755000000.0,2022-09-24,,10-Q,2023,Q1
Assets,balance_sheet,总资产,USD,352755000000.0,2022-09-24,,10-Q,2023,Q2
Assets,balance_sheet,总资产,USD,352755000000.0,2022-09-24,,10-Q,2023,Q3
Assets,balance_sheet,总资产,USD,352755000000.0,2022-09-24,,10-K,2023,FY
Assets,balance_sheet,总资产,USD,346747000000.0,2022-12-31,,10-Q,2023,Q1
Assets,balance_sheet,总资产,USD,332160000000.0,2023-04-01,,10-Q,2023,Q2
Assets,balance_sheet,总资产,USD,335038000000.0,2023-07-01,,10-Q,2023,Q3
Assets,balance_sheet,总资产,USD,352583000000.0,2023-09-30,,10-K,2023,FY
Assets,balance_sheet,总资产,USD,352583000000.0,2023-09-30,,10-Q,2024,Q1
Assets,balance_sheet,总资产,USD,352583000000.0,2023-09-30,,10-Q,2024,Q2
Assets,balance_sheet,总资产,USD,352583000000.0,2023-09-30,,10-Q,2024,Q3
Assets,balance_sheet,总资产,USD,352583000000.0,2023-09-30,,10-K,2024,FY
Assets,balance_sheet,总资产,USD,353514000000.0,2023-12-30,,10-Q,2024,Q1
Assets,balance_sheet,总资产,USD,337411000000.0,2024-03-30,,10-Q,2024,Q2
Assets,balance_sheet,总资产,USD,331612000000.0,2024-06-29,,10-Q,2024,Q3
Assets,balance_sheet,总资产,USD,364980000000.0,2024-09-28,,10-K,2024,FY
Assets,balance_sheet,总资产,USD,364980000000.0,2024-09-28,,10-Q,2025,Q1
Assets,balance_sheet,总资产,USD,364980000000.0,2024-09-28,,10-Q,2025,Q2
Assets,balance_sheet,总资产,USD,364980000000.0,2024-09-28,,10-Q,2025,Q3
Assets,balance_sheet,总资产,USD,344085000000.0,2024-12-28,,10-Q,2025,Q1
Assets,balance_sheet,总资产,USD,331233000000.0,2025-03-29,,10-Q,2025,Q2
Assets,balance_sheet,总资产,USD,331495000000.0,2025-06-28,,10-Q,2025,Q3
AssetsCurrent,balance_sheet,流动资产,USD,121465000000.0,2021-03-27,,10-Q,2021,Q2
AssetsCurrent,balance_sheet,流动资产,USD,114423000000.0,2021-06-26,,10-Q,2021,Q3
AssetsCurrent,balance_sheet,流动资产,USD,134836000000.0,2021-09-25,,10-K,2021,FY
AssetsCurrent,balance_sheet,流动资产,USD,134836000000.0,2021-09-25,,10-Q,2022,Q1
AssetsCurrent,balance_sheet,流动资产,USD,134836000000.0,2021-09-25,,10-Q,2022,Q2
AssetsCurrent,balance_sheet,流动资产,USD,134836000000.0,2021-09-25,,10-Q,2022,Q3
AssetsCurrent,balance_sheet,流动资产,USD,134836000000.0,2021-09-25,,10-K,2022,FY
AssetsCurrent,balance_sheet,流动资产,USD,153154000000.0,2021-12-25,,10-Q,2022,Q1
AssetsCurrent,balance_sheet,流动资产,USD,118180000000.0,2022-03-26,,10-Q,2022,Q2
AssetsCurrent,balance_sheet,流动资产,USD,112292000000.0,2022-06-25,,10-Q,2022,Q3
AssetsCurrent,balance_sheet,流动资产,USD,135405000000.0,2022-09-24,,10-K,2022,FY
AssetsCurrent,balance_sheet,流动资产,USD,135405000000.0,2022-09-24,,10-Q,2023,Q1
AssetsCurrent,balance_sheet,流动资产,USD,135405000000.0,2022-09-24,,10-Q,2023,Q2
AssetsCurrent,balance_sheet,流动资产,USD,135405000000.0,2022-09-24,,10-Q,2023,Q3
AssetsCurrent,balance_sheet,流动资产,USD,135405000000.0,2022-09-24,,10-K,2023,FY
AssetsCurrent,balance_sheet,流动资产,USD,128777000000.0,2022-12-31,,10-Q,2023,Q1
AssetsCurrent,balance_sheet,流动资产,USD,112913000000.0,2023-04-01,,10-Q,2023,Q2
AssetsCurrent,balance_sheet,流动资产,USD,122659000000.0,2023-07-01,,10-Q,2023,Q3
AssetsCurrent,balance_sheet,流动资产,USD,143566000000.0,2023-09-30,,10-K,2023,FY
AssetsCurrent,balance_sheet,流动资产,USD,143566000000.0,2023-09-30,,10-Q,2024,Q1
AssetsCurrent,balance_sheet,流动资产,USD,143566000000.0,2023-09-30,,10-Q,2024,Q2
AssetsCurrent,balance_sheet,流动资产,USD,143566000000.0,2023-09-30,,10-Q,2024,Q3
AssetsCurrent,balance_sheet,流动资产,USD,143566000000.0,2023-09-30,,10-K,2024,FY
AssetsCurrent,balance_sheet,流动资产,USD,143692000000.0,2023-12-30,,10-Q,2024,Q1
AssetsCurrent,balance_sheet,流动资产,USD,128416000000.0,2024-03-30,,10-Q,2024,Q2
AssetsCurrent,balance_sheet,流动资产,USD,125435000000.0,2024-06-29,,10-Q,2024,Q3
AssetsCurrent,balance_sheet,流动资产,USD,152987000000.0,2024-09-28,,10-K,2024,FY
AssetsCurrent,balance_sheet,流动资产,USD,152987000000.0,2024-09-28,,10-Q,2025,Q1
AssetsCurrent,balance_sheet,流动资产,USD,152987000000.0,2024-09-28,,10-Q,2025,Q2
AssetsCurrent,balance_sheet,流动资产,USD,152987000000.0,2024-09-28,,10-Q,2025,Q3
AssetsCurrent,balance_sheet,流动资产,USD,133240000000.0,2024-12-28,,10-Q,2025,Q1
AssetsCurrent,balance_sheet,流动资产,USD,118674000000.0,2025-03-29,,10-Q,2025,Q2
AssetsCurrent,balance_sheet,流动资产,USD,122491000000.0,2025-06-28,,10-Q,2025,Q3
CashAndCashEquivalentsAtCarryingValue,balance_sheet,现金及现金等价物,USD,38466000000.0,2021-03-27,,10-Q,2021,Q2
CashAndCashEquivalentsAtCarryingValue,balance_sheet,现金及现金等价物,USD,34050000000.0,2021-06-26,,10-Q,2021,Q3
CashAndCashEquivalentsAtCarryingValue,balance_sheet,现金及现金等价物,USD,34940000000.0,2021-09-25,,10-K,2021,FY
CashAndCashEquivalentsAtCarryingValue,balance_sheet,现金及现金等价物,USD,34940000000.0,2021-09-25,,10-Q,2022,Q1
CashAndCashEquivalentsAtCarryingValue,balance_sheet,现金及现金等价物,USD,34940000000.0,2021-09-25,,10-Q,2022,Q2
CashAndCashEquivalentsAtCarryingValue,balance_sheet,现金及现金等价物,USD,34940000000.0,2021-09-25,,10-Q,2022,Q3
CashAndCashEquivalentsAtCarryingValue,balance_sheet,现金及现金等价物,USD,34940000000.0,2021-09-25,,10-K,2022,FY
CashAndCashEquivalentsAtCarryingValue,balance_sheet,现金及现金等价物,USD,37119000000.0,2021-12-25,,10-Q,2022,Q1
CashAndCashEquivalentsAtCarryingValue,balance_sheet,现金及现金等价物,USD,28098000000.0,2022-03-26,,10-Q,2022,Q2
CashAndCashEquivalentsAtCarryingValue,balance_sheet,现金及现金等价物,USD,27502000000.0,2022-06-25,,10-Q,2022,Q3
CashAndCashEquivalentsAtCarryingValue,balance_sheet,现金及现金等价物,USD,23646000000.0,2022-09-24,,10-K,2022,FY
CashAndCashEquivalentsAtCarryingValue,balance_sheet,现金及现金等价物,USD,23646000000.0,2022-09-24,,10-Q,2023,Q1
CashAndCashEquivalentsAtCarryingValue,balance_sheet,现金及现金等价物,USD,23646000000.0,2022-09-24,,10-Q,2023,Q2
CashAndCashEquivalentsAtCarryingValue,balance_sheet,现金及现金等价物,USD,23646000000.0,2022-09-24,,10-Q,2023,Q3
CashAndCashEquivalentsAtCarryingValue,balance_sheet,现金及现金等价物,USD,23646000000.0,2022-09-24,,10-K,2023,FY
CashAndCashEquivalentsAtCarryingValue,balance_sheet,现金及现金等价物,USD,20535000000.0,2022-12-31,,10-Q,2023,Q1
CashAndCashEquivalentsAtCarryingValue,balance_sheet,现金及现金等价物,USD,24687000000.0,2023-04-01,,10-Q,2023,Q2
CashAndCashEquivalentsAtCarryingValue,balance_sheet,现金及现金等价物,USD,28408000000.0,2023-07-01,,10-Q,2023,Q3
CashAndCashEquivalentsAtCarryingValue,balance_sheet,现金及现金等价物,USD,29965000000.0,2023-09-30,,10-K,2023,FY
CashAndCashEquivalentsAtCarryingValue,balance_sheet,现金及现金等价物,USD,29965000000.0,2023-09-30,,10-Q,2024,Q1
CashAndCashEquivalentsAtCarryingValue,balance_sheet,现金及现金等价物,USD,29965000000.0,2023-09-30,,10-Q,2024,Q2
CashAndCashEquivalentsAtCarryingValue,balance_sheet,现金及现金等价物,USD,29965000000.0,2023-09-30,,10-Q,2024,Q3
CashAndCashEquivalentsAtCarryingValue,balance_sheet,现金及现金等价物,USD,29965000000.0,2023-09-30,,10-K,2024,FY
CashAndCashEquivalentsAtCarryingValue,balance_sheet,现金及现金等价物,USD,40760000000.0,2023-12-30,,10-Q,2024,Q1
CashAndCashEquivalentsAtCarryingValue,balance_sheet,现金及现金等价物,USD,32695000000.0,2024-03-30,,10-Q,2024,Q2
CashAndCashEquivalentsAtCarryingValue,balance_sheet,现金及现金等价物,USD,25565000000.0,2024-06-29,,10-Q,2024,Q3
CashAndCashEquivalentsAtCarryingValue,balance_sheet,现金及现金等价物,USD,29943000000.0,2024-09-28,,10-K,2024,FY
CashAndCashEquivalentsAtCarryingValue,balance_sheet,现金及现金等价物,USD,29943000000.0,2024-09-28,,10-Q,2025,Q1
CashAndCashEquivalentsAtCarryingValue,balance_sheet,现金及现金等价物,USD,29943000000.0,2024-09-28,,10-Q,2025,Q2
CashAndCashEquivalentsAtCarryingValue,balance_sheet,现金及现金等价物,USD,29943000000.0,2024-09-28,,10-Q,2025,Q3
CashAndCashEquivalentsAtCarryingValue,balance_sheet,现金及现金等价物,USD,30299000000.0,2024-12-28,,10-Q,2025,Q1
CashAndCashEquivalentsAtCarryingValue,balance_sheet,现金及现金等价物,USD,28162000000.0,2025-03-29,,10-Q,2025,Q2
CashAndCashEquivalentsAtCarryingValue,balance_sheet,现金及现金等价物,USD,36269000000.0,2025-06-28,,10-Q,2025,Q3
AccountsReceivableNetCurrent,balance_sheet,应收账款净额,USD,18503000000.0,2021-03-27,,10-Q,2021,Q2
AccountsReceivableNetCurrent,balance_sheet,应收账款净额,USD,17475000000.0,2021-06-26,,10-Q,2021,Q3
AccountsReceivableNetCurrent,balance_sheet,应收账款净额,USD,26278000000.0,2021-09-25,,10-K,2021,FY
AccountsReceivableNetCurrent,balance_sheet,应收账款净额,USD,26278000000.0,2021-09-25,,10-Q,2022,Q1
AccountsReceivableNetCurrent,balance_sheet,应收账款净额,USD,26278000000.0,2021-09-25,,10-Q,2022,Q2
AccountsReceivableNetCurrent,balance_sheet,应收账款净额,USD,26278000000.0,2021-09-25,,10-Q,2022,Q3
AccountsReceivableNetCurrent,balance_sheet,应收账款净额,USD,26278000000.0,2021-09-25,,10-K,2022,FY
AccountsReceivableNetCurrent,balance_sheet,应收账款净额,USD,30213000000.0,2021-12-25,,10-Q,2022,Q1
AccountsReceivableNetCurrent,balance_sheet,应收账款净额,USD,20815000000.0,2022-03-26,,10-Q,2022,Q2
AccountsReceivableNetCurrent,balance_sheet,应收账款净额,USD,21803000000.0,2022-06-25,,10-Q,2022,Q3
AccountsReceivableNetCurrent,balance_sheet,应收账款净额,USD,28184000000.0,2022-09-24,,10-K,2022,FY
AccountsReceivableNetCurrent,balance_sheet,应收账款净额,USD,28184000000.0,2022-09-24,,10-Q,2023,Q1
AccountsReceivableNetCurrent,balance_sheet,应收账款净额,USD,28184000000.0,2022-09-24,,10-Q,2023,Q2
AccountsReceivableNetCurrent,balance_sheet,应收账款净额,USD,28184000000.0,2022-09-24,,10-Q,2023,Q3
AccountsReceivableNetCurrent,balance_sheet,应收账款净额,USD,28184000000.0,2022-09-24,,10-K,2023,FY
AccountsReceivableNetCurrent,balance_sheet,应收账款净额,USD,23752000000.0,2022-12-31,,10-Q,2023,Q1
AccountsReceivableNetCurrent,balance_sheet,应收账款净额,USD,17936000000.0,2023-04-01,,10-Q,2023,Q2
AccountsReceivableNetCurrent,balance_sheet,应收账款净额,USD,19549000000.0,2023-07-01,,10-Q,2023,Q3
AccountsReceivableNetCurrent,balance_sheet,应收账款净额,USD,29508000000.0,2023-09-30,,10-K,2023,FY
AccountsReceivableNetCurrent,balance_sheet,应收账款净额,USD,29508000000.0,2023-09-30,,10-Q,2024,Q1
AccountsReceivableNetCurrent,balance_sheet,应收账款净额,USD,29508000000.0,2023-09-30,,10-Q,2024,Q2
AccountsReceivableNetCurrent,balance_sheet,应收账款净额,USD,29508000000.0,2023-09-30,,10-Q,2024,Q3
AccountsReceivableNetCurrent,balance_sheet,应收账款净额,USD,29508000000.0,2023-09-30,,10-K,2024,FY
AccountsReceivableNetCurrent,balance_sheet,应收账款净额,USD,23194000000.0,2023-12-30,,10-Q,2024,Q1
AccountsReceivableNetCurrent,balance_sheet,应收账款净额,USD,21837000000.0,2024-03-30,,10-Q,2024,Q2
AccountsReceivableNetCurrent,balance_sheet,应收账款净额,USD,22795000000.0,2024-06-29,,10-Q,2024,Q3
AccountsReceivableNetCurrent,balance_sheet,应收账款净额,USD,33410000000.0,2024-09-28,,10-K,2024,FY
AccountsReceivableNetCurrent,balance_sheet,应收账款净额,USD,33410000000.0,2024-09-28,,10-Q,2025,Q1
AccountsReceivableNetCurrent,balance_sheet,应收账款净额,USD,33410000000.0,2024-09-28,,10-Q,2025,Q2
AccountsReceivableNetCurrent,balance_sheet,应收账款净额,USD,33410000000.0,2024-09-28,,10-Q,2025,Q3
AccountsReceivableNetCurrent,balance_sheet,应收账款净额,USD,29639000000.0,2024-12-28,,10-Q,2025,Q1
AccountsReceivableNetCurrent,balance_sheet,应收账款净额,USD,26136000000.0,2025-03-29,,10-Q,2025,Q2
AccountsReceivableNetCurrent,balance_sheet,应收账款净额,USD,27557000000.0,2025-06-28,,10-Q,2025,Q3
InventoryNet,balance_sheet,存货净额,USD,5219000000.0,2021-03-27,,10-Q,2021,Q2
InventoryNet,balance_sheet,存货净额,USD,5178000000.0,2021-06-26,,10-Q,2021,Q3
InventoryNet,balance_sheet,存货净额,USD,6580000000.0,2021-09-25,,10-K,2021,FY
InventoryNet,balance_sheet,存货净额,USD,6580000000.0,2021-09-25,,10-Q,2022,Q1
InventoryNet,balance_sheet,存货净额,USD,6580000000.0,2021-09-25,,10-Q,2022,Q2
InventoryNet,balance_sheet,存货净额,USD,6580000000.0,2021-09-25,,10-Q,2022,Q3
InventoryNet,balance_sheet,存货净额,USD,6580000000.0,2021-09-25,,10-K,2022,FY
InventoryNet,balance_sheet,存货净额,USD,5876000000.0,2021-12-25,,10-Q,2022,Q1
InventoryNet,balance_sheet,存货净额,USD,5460000000.0,2022-03-26,,10-Q,2022,Q2
InventoryNet,balance_sheet,存货净额,USD,5433000000.0,2022-06-25,,10-Q,2022,Q3
InventoryNet,balance_sheet,存货净额,USD,4946000000.0,2022-09-24,,10-K,2022,FY
InventoryNet,balance_sheet,存货净额,USD,4946000000.0,2022-09-24,,10-Q,2023,Q1
InventoryNet,balance_sheet,存货净额,USD,4946000000.0,2022-09-24,,10-Q,2023,Q2
InventoryNet,balance_sheet,存货净额,USD,4946000000.0,2022-09-24,,10-Q,2023,Q3
InventoryNet,balance_sheet,存货净额,USD,4946000000.0,2022-09-24,,10-K,2023,FY
InventoryNet,balance_sheet,存货净额,USD,6820000000.0,2022-12-31,,10-Q,2023,Q1
InventoryNet,balance_sheet,存货净额,USD,7482000000.0,2023-04-01,,10-Q,2023,Q2
InventoryNet,balance_sheet,存货净额,USD,7351000000.0,2023-07-01,,10-Q,2023,Q3
InventoryNet,balance_sheet,存货净额,USD,6331000000.0,2023-09-30,,10-K,2023,FY
InventoryNet,balance_sheet,存货净额,USD,6331000000.0,2023-09-30,,10-Q,2024,Q1
InventoryNet,balance_sheet,存货净额,USD,6331000000.0,2023-09-30,,10-Q,2024,Q2
InventoryNet,balance_sheet,存货净额,USD,6331000000.0,2023-09-30,,10-Q,2024,Q3
InventoryNet,balance_sheet,存货净额,USD,6331000000.0,2023-09-30,,10-K,2024,FY
InventoryNet,balance_sheet,存货净额,USD,6511000000.0,2023-12-30,,10-Q,2024,Q1
InventoryNet,balance_sheet,存货净额,USD,6232000000.0,2024-03-30,,10-Q,2024,Q2
InventoryNet,balance_sheet,存货净额,USD,6165000000.0,2024-06-29,,10-Q,2024,Q3
InventoryNet,balance_sheet,存货净额,USD,7286000000.0,2024-09-28,,10-K,2024,FY
InventoryNet,balance_sheet,存货净额,USD,7286000000.0,2024-09-28,,10-Q,2025,Q1
InventoryNet,balance_sheet,存货净额,USD,7286000000.0,2024-09-28,,10-Q,2025,Q2
InventoryNet,balance_sheet,存货净额,USD,7286000000.0,2024-09-28,,10-Q,2025,Q3
InventoryNet,balance_sheet,存货净额,USD,6911000000.0,2024-12-28,,10-Q,2025,Q1
InventoryNet,balance_sheet,存货净额,USD,6269000000.0,2025-03-29,,10-Q,2025,Q2
InventoryNet,balance_sheet,存货净额,USD,5925000000.0,2025-06-28,,10-Q,2025,Q3
Liabilities,balance_sheet,总负债,USD,267980000000.0,2021-03-27,,10-Q,2021,Q2
Liabilities,balance_sheet,总负债,USD,265560000000.0,2021-06-26,,10-Q,2021,Q3
Liabilities,balance_sheet,总负债,USD,287912000000.0,2021-09-25,,10-K,2021,FY
Liabilities,balance_sheet,总负债,USD,287912000000.0,2021-09-25,,10-Q,2022,Q1
Liabilities,balance_sheet,总负债,USD,287912000000.0,2021-09-25,,10-Q,2022,Q2
Liabilities,balance_sheet,总负债,USD,287912000000.0,2021-09-25,,10-Q,2022,Q3
Liabilities,balance_sheet,总负债,USD,287912000000.0,2021-09-25,,10-K,2022,FY
Liabilities,balance_sheet,总负债,USD,309259000000.0,2021-12-25,,10-Q,2022,Q1
Liabilities,balance_sheet,总负债,USD,283263000000.0,2022-03-26,,10-Q,2022,Q2
Liabilities,balance_sheet,总负债,USD,278202000000.0,2022-06-25,,10-Q,2022,Q3
Liabilities,balance_sheet,总负债,USD,302083000000.0,2022-09-24,,10-K,2022,FY
Liabilities,balance_sheet,总负债,USD,302083000000.0,2022-09-24,,10-Q,2023,Q1
Liabilities,balance_sheet,总负债,USD,302083000000.0,2022-09-24,,10-Q,2023,Q2
Liabilities,balance_sheet,总负债,USD,302083000000.0,2022-09-24,,10-Q,2023,Q3
Liabilities,balance_sheet,总负债,USD,302083000000.0,2022-09-24,,10-K,2023,FY
Liabilities,balance_sheet,总负债,USD,290020000000.0,2022-12-31,,10-Q,2023,Q1
Liabilities,balance_sheet,总负债,USD,270002000000.0,2023-04-01,,10-Q,2023,Q2
Liabilities,balance_sheet,总负债,USD,274764000000.0,2023-07-01,,10-Q,2023,Q3
Liabilities,balance_sheet,总负债,USD,290437000000.0,2023-09-30,,10-K,2023,FY
Liabilities,balance_sheet,总负债,USD,290437000000.0,2023-09-30,,10-Q,2024,Q1
Liabilities,balance_sheet,总负债,USD,290437000000.0,2023-09-30,,10-Q,2024,Q2
Liabilities,balance_sheet,总负债,USD,290437000000.0,2023-09-30,,10-Q,2024,Q3
Liabilities,balance_sheet,总负债,USD,290437000000.0,2023-09-30,,10-K,2024,FY
Liabilities,balance_sheet,总负债,USD,279414000000.0,2023-12-30,,10-Q,2024,Q1
Liabilities,balance_sheet,总负债,USD,263217000000.0,2024-03-30,,10-Q,2024,Q2
Liabilities,balance_sheet,总负债,USD,264904000000.0,2024-06-29,,10-Q,2024,Q3
Liabilities,balance_sheet,总负债,USD,308030000000.0,2024-09-28,,10-K,2024,FY
Liabilities,balance_sheet,总负债,USD,308030000000.0,2024-09-28,,10-Q,2025,Q1
Liabilities,balance_sheet,总负债,USD,308030000000.0,2024-09-28,,10-Q,2025,Q2
Liabilities,balance_sheet,总负债,USD,308030000000.0,2024-09-28,,10-Q,2025,Q3
Liabilities,balance_sheet,总负债,USD,277327000000.0,2024-12-28,,10-Q,2025,Q1
Liabilities,balance_sheet,总负债,USD,264437000000.0,2025-03-29,,10-Q,2025,Q2
Liabilities,balance_sheet,总负债,USD,265665000000.0,2025-06-28,,10-Q,2025,Q3
LiabilitiesCurrent,balance_sheet,流动负债,USD,106385000000.0,2021-03-27,,10-Q,2021,Q2
LiabilitiesCurrent,balance_sheet,流动负债,USD,107754000000.0,2021-06-26,,10-Q,2021,Q3
LiabilitiesCurrent,balance_sheet,流动负债,USD,125481000000.0,2021-09-25,,10-K,2021,FY
LiabilitiesCurrent,balance_sheet,流动负债,USD,125481000000.0,2021-09-25,,10-Q,2022,Q1
LiabilitiesCurrent,balance_sheet,流动负债,USD,125481000000.0,2021-09-25,,10-Q,2022,Q2
LiabilitiesCurrent,balance_sheet,流动负债,USD,125481000000.0,2021-09-25,,10-Q,2022,Q3
LiabilitiesCurrent,balance_sheet,流动负债,USD,125481000000.0,2021-09-25,,10-K,2022,FY
LiabilitiesCurrent,balance_sheet,流动负债,USD,147574000000.0,2021-12-25,,10-Q,2022,Q1
LiabilitiesCurrent,balance_sheet,流动负债,USD,127508000000.0,2022-03-26,,10-Q,2022,Q2
LiabilitiesCurrent,balance_sheet,流动负债,USD,129873000000.0,2022-06-25,,10-Q,2022,Q3
LiabilitiesCurrent,balance_sheet,流动负债,USD,153982000000.0,2022-09-24,,10-K,2022,FY
LiabilitiesCurrent,balance_sheet,流动负债,USD,153982000000.0,2022-09-24,,10-Q,2023,Q1
LiabilitiesCurrent,balance_sheet,流动负债,USD,153982000000.0,2022-09-24,,10-Q,2023,Q2
LiabilitiesCurrent,balance_sheet,流动负债,USD,153982000000.0,2022-09-24,,10-Q,2023,Q3
LiabilitiesCurrent,balance_sheet,流动负债,USD,153982000000.0,2022-09-24,,10-K,2023,FY
LiabilitiesCurrent,balance_sheet,流动负债,USD,137286000000.0,2022-12-31,,10-Q,2023,Q1
LiabilitiesCurrent,balance_sheet,流动负债,USD,120075000000.0,2023-04-01,,10-Q,2023,Q2
LiabilitiesCurrent,balance_sheet,流动负债,USD,124963000000.0,2023-07-01,,10-Q,2023,Q3
LiabilitiesCurrent,balance_sheet,流动负债,USD,145308000000.0,2023-09-30,,10-K,2023,FY
LiabilitiesCurrent,balance_sheet,流动负债,USD,145308000000.0,2023-09-30,,10-Q,2024,Q1
LiabilitiesCurrent,balance_sheet,流动负债,USD,145308000000.0,2023-09-30,,10-Q,2024,Q2
LiabilitiesCurrent,balance_sheet,流动负债,USD,145308000000.0,2023-09-30,,10-Q,2024,Q3
LiabilitiesCurrent,balance_sheet,流动负债,USD,145308000000.0,2023-09-30,,10-K,2024,FY
LiabilitiesCurrent,balance_sheet,流动负债,USD,133973000000.0,2023-12-30,,10-Q,2024,Q1
LiabilitiesCurrent,balance_sheet,流动负债,USD,123822000000.0,2024-03-30,,10-Q,2024,Q2
LiabilitiesCurrent,balance_sheet,流动负债,USD,131624000000.0,2024-06-29,,10-Q,2024,Q3
LiabilitiesCurrent,balance_sheet,流动负债,USD,176392000000.0,2024-09-28,,10-K,2024,FY
LiabilitiesCurrent,balance_sheet,流动负债,USD,176392000000.0,2024-09-28,,10-Q,2025,Q1
LiabilitiesCurrent,balance_sheet,流动负债,USD,176392000000.0,2024-09-28,,10-Q,2025,Q2
LiabilitiesCurrent,balance_sheet,流动负债,USD,176392000000.0,2024-09-28,,10-Q,2025,Q3
LiabilitiesCurrent,balance_sheet,流动负债,USD,144365000000.0,2024-12-28,,10-Q,2025,Q1
LiabilitiesCurrent,balance_sheet,流动负债,USD,144571000000.0,2025-03-29,,10-Q,2025,Q2
LiabilitiesCurrent,balance_sheet,流动负债,USD,141120000000.0,2025-06-28,,10-Q,2025,Q3
AccountsPayableCurrent,balance_sheet,应付账款,USD,40127000000.0,2021-03-27,,10-Q,2021,Q2
AccountsPayableCurrent,balance_sheet,应付账款,USD,40409000000.0,2021-06-26,,10-Q,2021,Q3
AccountsPayableCurrent,balance_sheet,应付账款,USD,54763000000.0,2021-09-25,,10-K,2021,FY
AccountsPayableCurrent,balance_sheet,应付账款,USD,54763000000.0,2021-09-25,,10-Q,2022,Q1
AccountsPayableCurrent,balance_sheet,应付账款,USD,54763000000.0,2021-09-25,,10-Q,2022,Q2
AccountsPayableCurrent,balance_sheet,应付账款,USD,54763000000.0,2021-09-25,,10-Q,2022,Q3
AccountsPayableCurrent,balance_sheet,应付账款,USD,54763000000.0,2021-09-25,,10-K,2022,FY
AccountsPayableCurrent,balance_sheet,应付账款,USD,74362000000.0,2021-12-25,,10-Q,2022,Q1
AccountsPayableCurrent,balance_sheet,应付账款,USD,52682000000.0,2022-03-26,,10-Q,2022,Q2
AccountsPayableCurrent,balance_sheet,应付账款,USD,48343000000.0,2022-06-25,,10-Q,2022,Q3
AccountsPayableCurrent,balance_sheet,应付账款,USD,64115000000.0,2022-09-24,,10-K,2022,FY
AccountsPayableCurrent,balance_sheet,应付账款,USD,64115000000.0,2022-09-24,,10-Q,2023,Q1
AccountsPayableCurrent,balance_sheet,应付账款,USD,64115000000.0,2022-09-24,,10-Q,2023,Q2
AccountsPayableCurrent,balance_sheet,应付账款,USD,64115000000.0,2022-09-24,,10-Q,2023,Q3
AccountsPayableCurrent,balance_sheet,应付账款,USD,64115000000.0,2022-09-24,,10-K,2023,FY
AccountsPayableCurrent,balance_sheet,应付账款,USD,57918000000.0,2022-12-31,,10-Q,2023,Q1
AccountsPayableCurrent,balance_sheet,应付账款,USD,42945000000.0,2023-04-01,,10-Q,2023,Q2
AccountsPayableCurrent,balance_sheet,应付账款,USD,46699000000.0,2023-07-01,,10-Q,2023,Q3
AccountsPayableCurrent,balance_sheet,应付账款,USD,62611000000.0,2023-09-30,,10-K,2023,FY
AccountsPayableCurrent,balance_sheet,应付账款,USD,62611000000.0,2023-09-30,,10-Q,2024,Q1
AccountsPayableCurrent,balance_sheet,应付账款,USD,62611000000.0,2023-09-30,,10-Q,2024,Q2
AccountsPayableCurrent,balance_sheet,应付账款,USD,62611000000.0,2023-09-30,,10-Q,2024,Q3
AccountsPayableCurrent,balance_sheet,应付账款,USD,62611000000.0,2023-09-30,,10-K,2024,FY
AccountsPayableCurrent,balance_sheet,应付账款,USD,58146000000.0,2023-12-30,,10-Q,2024,Q1
AccountsPayableCurrent,balance_sheet,应付账款,USD,45753000000.0,2024-03-30,,10-Q,2024,Q2
AccountsPayableCurrent,balance_sheet,应付账款,USD,47574000000.0,2024-06-29,,10-Q,2024,Q3
AccountsPayableCurrent,balance_sheet,应付账款,USD,68960000000.0,2024-09-28,,10-K,2024,FY
AccountsPayableCurrent,balance_sheet,应付账款,USD,68960000000.0,2024-09-28,,10-Q,2025,Q1
AccountsPayableCurrent,balance_sheet,应付账款,USD,68960000000.0,2024-09-28,,10-Q,2025,Q2
AccountsPayableCurrent,balance_sheet,应付账款,USD,68960000000.0,2024-09-28,,10-Q,2025,Q3
AccountsPayableCurrent,balance_sheet,应付账款,USD,61910000000.0,2024-12-28,,10-Q,2025,Q1
AccountsPayableCurrent,balance_sheet,应付账款,USD,54126000000.0,2025-03-29,,10-Q,2025,Q2
AccountsPayableCurrent,balance_sheet,应付账款,USD,50374000000.0,2025-06-28,,10-Q,2025,Q3
LongTermDebtNoncurrent,balance_sheet,长期债务,USD,108642000000.0,2021-03-27,,10-Q,2021,Q2
LongTermDebtNoncurrent,balance_sheet,长期债务,USD,105752000000.0,2021-06-26,,10-Q,2021,Q3
LongTermDebtNoncurrent,balance_sheet,长期债务,USD,109106000000.0,2021-09-25,,10-K,2021,FY
LongTermDebtNoncurrent,balance_sheet,长期债务,USD,109106000000.0,2021-09-25,,10-Q,2022,Q1
LongTermDebtNoncurrent,balance_sheet,长期债务,USD,109106000000.0,2021-09-25,,10-Q,2022,Q2
LongTermDebtNoncurrent,balance_sheet,长期债务,USD,109106000000.0,2021-09-25,,10-Q,2022,Q3
LongTermDebtNoncurrent,balance_sheet,长期债务,USD,109106000000.0,2021-09-25,,10-K,2022,FY
LongTermDebtNoncurrent,balance_sheet,长期债务,USD,106629000000.0,2021-12-25,,10-Q,2022,Q1
LongTermDebtNoncurrent,balance_sheet,长期债务,USD,103323000000.0,2022-03-26,,10-Q,2022,Q2
LongTermDebtNoncurrent,balance_sheet,长期债务,USD,94700000000.0,2022-06-25,,10-Q,2022,Q3
LongTermDebtNoncurrent,balance_sheet,长期债务,USD,98959000000.0,2022-09-24,,10-K,2022,FY
LongTermDebtNoncurrent,balance_sheet,长期债务,USD,98959000000.0,2022-09-24,,10-Q,2023,Q1
LongTermDebtNoncurrent,balance_sheet,长期债务,USD,98959000000.0,2022-09-24,,10-Q,2023,Q2
LongTermDebtNoncurrent,balance_sheet,长期债务,USD,98959000000.0,2022-09-24,,10-Q,2023,Q3
LongTermDebtNoncurrent,balance_sheet,长期债务,USD,98959000000.0,2022-09-24,,10-K,2023,FY
LongTermDebtNoncurrent,balance_sheet,长期债务,USD,99627000000.0,2022-12-31,,10-Q,2023,Q1
LongTermDebtNoncurrent,balance_sheet,长期债务,USD,97041000000.0,2023-04-01,,10-Q,2023,Q2
LongTermDebtNoncurrent,balance_sheet,长期债务,USD,98071000000.0,2023-07-01,,10-Q,2023,Q3
LongTermDebtNoncurrent,balance_sheet,长期债务,USD,95281000000.0,2023-09-30,,10-K,2023,FY
LongTermDebtNoncurrent,balance_sheet,长期债务,USD,95281000000.0,2023-09-30,,10-Q,2024,Q1
LongTermDebtNoncurrent,balance_sheet,长期债务,USD,95281000000.0,2023-09-30,,10-Q,2024,Q2
LongTermDebtNoncurrent,balance_sheet,长期债务,USD,95281000000.0,2023-09-30,,10-Q,2024,Q3
LongTermDebtNoncurrent,balance_sheet,长期债务,USD,95281000000.0,2023-09-30,,10-K,2024,FY
LongTermDebtNoncurrent,balance_sheet,长期债务,USD,95088000000.0,2023-12-30,,10-Q,2024,Q1
LongTermDebtNoncurrent,balance_sheet,长期债务,USD,91831000000.0,2024-03-30,,10-Q,2024,Q2
LongTermDebtNoncurrent,balance_sheet,长期债务,USD,86196000000.0,2024-06-29,,10-Q,2024,Q3
LongTermDebtNoncurrent,balance_sheet,长期债务,USD,85750000000.0,2024-09-28,,10-K,2024,FY
LongTermDebtNoncurrent,balance_sheet,长期债务,USD,85750000000.0,2024-09-28,,10-Q,2025,Q1
LongTermDebtNoncurrent,balance_sheet,长期债务,USD,85750000000.0,2024-09-28,,10-Q,2025,Q2
LongTermDebtNoncurrent,balance_sheet,长期债务,USD,85750000000.0,2024-09-28,,10-Q,2025,Q3
LongTermDebtNoncurrent,balance_sheet,长期债务,USD,83956000000.0,2024-12-28,,10-Q,2025,Q1
LongTermDebtNoncurrent,balance_sheet,长期债务,USD,78566000000.0,2025-03-29,,10-Q,2025,Q2
LongTermDebtNoncurrent,balance_sheet,长期债务,USD,82430000000.0,2025-06-28,,10-Q,2025,Q3
StockholdersEquity,balance_sheet,股东权益,USD,69178000000.0,2021-03-27,,10-Q,2021,Q2
StockholdersEquity,balance_sheet,股东权益,USD,69178000000.0,2021-03-27,,10-Q,2021,Q3
StockholdersEquity,balance_sheet,股东权益,USD,69178000000.0,2021-03-27,,10-Q,2022,Q2
StockholdersEquity,balance_sheet,股东权益,USD,69178000000.0,2021-03-27,,10-Q,2022,Q3
StockholdersEquity,balance_sheet,股东权益,USD,64280000000.0,2021-06-26,,10-Q,2021,Q3
StockholdersEquity,balance_sheet,股东权益,USD,64280000000.0,2021-06-26,,10-Q,2022,Q3
StockholdersEquity,balance_sheet,股东权益,USD,63090000000.0,2021-09-25,,10-K,2021,FY
StockholdersEquity,balance_sheet,股东权益,USD,63090000000.0,2021-09-25,,10-Q,2022,Q1
StockholdersEquity,balance_sheet,股东权益,USD,63090000000.0,2021-09-25,,10-Q,2022,Q2
StockholdersEquity,balance_sheet,股东权益,USD,63090000000.0,2021-09-25,,10-Q,2022,Q3
StockholdersEquity,balance_sheet,股东权益,USD,63090000000.0,2021-09-25,,10-K,2022,FY
StockholdersEquity,balance_sheet,股东权益,USD,63090000000.0,2021-09-25,,10-Q,2023,Q1
StockholdersEquity,balance_sheet,股东权益,USD,63090000000.0,2021-09-25,,10-Q,2023,Q2
StockholdersEquity,balance_sheet,股东权益,USD,63090000000.0,2021-09-25,,10-Q,2023,Q3
StockholdersEquity,balance_sheet,股东权益,USD,63090000000.0,2021-09-25,,10-K,2023,FY
StockholdersEquity,balance_sheet,股东权益,USD,63090000000.0,2021-09-25,,10-K,2024,FY
StockholdersEquity,balance_sheet,股东权益,USD,71932000000.0,2021-12-25,,10-Q,2022,Q1
StockholdersEquity,balance_sheet,股东权益,USD,71932000000.0,2021-12-25,,10-Q,2022,Q2
StockholdersEquity,balance_sheet,股东权益,USD,71932000000.0,2021-12-25,,10-Q,2023,Q1
StockholdersEquity,balance_sheet,股东权益,USD,71932000000.0,2021-12-25,,10-Q,2023,Q2
StockholdersEquity,balance_sheet,股东权益,USD,67399000000.0,2022-03-26,,10-Q,2022,Q2
StockholdersEquity,balance_sheet,股东权益,USD,67399000000.0,2022-03-26,,10-Q,2022,Q3
StockholdersEquity,balance_sheet,股东权益,USD,67399000000.0,2022-03-26,,10-Q,2023,Q2
StockholdersEquity,balance_sheet,股东权益,USD,67399000000.0,2022-03-26,,10-Q,2023,Q3
StockholdersEquity,balance_sheet,股东权益,USD,58107000000.0,2022-06-25,,10-Q,2022,Q3
StockholdersEquity,balance_sheet,股东权益,USD,58107000000.0,2022-06-25,,10-Q,2023,Q3
StockholdersEquity,balance_sheet,股东权益,USD,50672000000.0,2022-09-24,,10-K,2022,FY
StockholdersEquity,balance_sheet,股东权益,USD,50672000000.0,2022-09-24,,10-Q,2023,Q1
StockholdersEquity,balance_sheet,股东权益,USD,50672000000.0,2022-09-24,,10-Q,2023,Q2
StockholdersEquity,balance_sheet,股东权益,USD,50672000000.0,2022-09-24,,10-Q,2023,Q3
StockholdersEquity,balance_sheet,股东权益,USD,50672000000.0,2022-09-24,,10-K,2023,FY
StockholdersEquity,balance_sheet,股东权益,USD,50672000000.0,2022-09-24,,10-Q,2024,Q1
StockholdersEquity,balance_sheet,股东权益,USD,50672000000.0,2022-09-24,,10-Q,2024,Q2
StockholdersEquity,balance_sheet,股东权益,USD,50672000000.0,2022-09-24,,10-Q,2024,Q3
StockholdersEquity,balance_sheet,股东权益,USD,50672000000.0,2022-09-24,,10-K,2024,FY
StockholdersEquity,balance_sheet,股东权益,USD,56727000000.0,2022-12-31,,10-Q,2023,Q1
StockholdersEquity,balance_sheet,股东权益,USD,56727000000.0,2022-12-31,,10-Q,2023,Q2
StockholdersEquity,balance_sheet,股东权益,USD,56727000000.0,2022-12-31,,10-Q,2024,Q1
StockholdersEquity,balance_sheet,股东权益,USD,56727000000.0,2022-12-31,,10-Q,2024,Q2
StockholdersEquity,balance_sheet,股东权益,USD,62158000000.0,2023-04-01,,10-Q,2023,Q2
StockholdersEquity,balance_sheet,股东权益,USD,62158000000.0,2023-04-01,,10-Q,2023,Q3
StockholdersEquity,balance_sheet,股东权益,USD,62158000000.0,2023-04-01,,10-Q,2024,Q2
StockholdersEquity,balance_sheet,股东权益,USD,62158000000.0,2023-04-01,,10-Q,2024,Q3
StockholdersEquity,balance_sheet,股东权益,USD,60274000000.0,2023-07-01,,10-Q,2023,Q3
StockholdersEquity,balance_sheet,股东权益,USD,60274000000.0,2023-07-01,,10-Q,2024,Q3
StockholdersEquity,balance_sheet,股东权益,USD,62146000000.0,2023-09-30,,10-K,2023,FY
StockholdersEquity,balance_sheet,股东权益,USD,62146000000.0,2023-09-30,,10-Q,2024,Q1
StockholdersEquity,balance_sheet,股东权益,USD,62146000000.0,2023-09-30,,10-Q,2024,Q2
StockholdersEquity,balance_sheet,股东权益,USD,62146000000.0,2023-09-30,,10-Q,2024,Q3
StockholdersEquity,balance_sheet,股东权益,USD,62146000000.0,2023-09-30,,10-K,2024,FY
StockholdersEquity,balance_sheet,股东权益,USD,62146000000.0,2023-09-30,,10-Q,2025,Q1
StockholdersEquity,balance_sheet,股东权益,USD,62146000000.0,2023-09-30,,10-Q,2025,Q2
StockholdersEquity,balance_sheet,股东权益,USD,62146000000.0,2023-09-30,,10-Q,2025,Q3
StockholdersEquity,balance_sheet,股东权益,USD,74100000000.0,2023-12-30,,10-Q,2024,Q1
StockholdersEquity,balance_sheet,股东权益,USD,74100000000.0,2023-12-30,,10-Q,2024,Q2
StockholdersEquity,balance_sheet,股东权益,USD,74100000000.0,2023-12-30,,10-Q,2025,Q1
StockholdersEquity,balance_sheet,股东权益,USD,74100000000.0,2023-12-30,,10-Q,2025,Q2
StockholdersEquity,balance_sheet,股东权益,USD,74194000000.0,2024-03-30,,10-Q,2024,Q2
StockholdersEquity,balance_sheet,股东权益,USD,74194000000.0,2024-03-30,,10-Q,2024,Q3
StockholdersEquity,balance_sheet,股东权益,USD,74194000000.0,2024-03-30,,10-Q,2025,Q2
StockholdersEquity,balance_sheet,股东权益,USD,74194000000.0,2024-03-30,,10-Q,2025,Q3
StockholdersEquity,balance_sheet,股东权益,USD,66708000000.0,2024-06-29,,10-Q,2024,Q3
StockholdersEquity,balance_sheet,股东权益,USD,66708000000.0,2024-06-29,,10-Q,2025,Q3
StockholdersEquity,balance_sheet,股东权益,USD,56950000000.0,2024-09-28,,10-K,2024,FY
StockholdersEquity,balance_sheet,股东权益,USD,56950000000.0,2024-09-28,,10-Q,2025,Q1
StockholdersEquity,balance_sheet,股东权益,USD,56950000000.0,2024-09-28,,10-Q,2025,Q2
StockholdersEquity,balance_sheet,股东权益,USD,56950000000.0,2024-09-28,,10-Q,2025,Q3
StockholdersEquity,balance_sheet,股东权益,USD,66758000000.0,2024-12-28,,10-Q,2025,Q1
StockholdersEquity,balance_sheet,股东权益,USD,66758000000.0,2024-12-28,,10-Q,2025,Q2
StockholdersEquity,balance_sheet,股东权益,USD,66796000000.0,2025-03-29,,10-Q,2025,Q2
StockholdersEquity,balance_sheet,股东权益,USD,66796000000.0,2025-03-29,,10-Q,2025,Q3
StockholdersEquity,balance_sheet,股东权益,USD,65830000000.0,2025-06-28,,10-Q,2025,Q3
CommonStockSharesIssued,balance_sheet,发行的普通股股数,shares,16686305000.0,2021-03-27,,10-Q,2021,Q2
CommonStockSharesIssued,balance_sheet,发行的普通股股数,shares,16556942000.0,2021-06-26,,10-Q,2021,Q3
CommonStockSharesIssued,balance_sheet,发行的普通股股数,shares,16426786000.0,2021-09-25,,10-K,2021,FY
CommonStockSharesIssued,balance_sheet,发行的普通股股数,shares,16426786000.0,2021-09-25,,10-Q,2022,Q1
CommonStockSharesIssued,balance_sheet,发行的普通股股数,shares,16426786000.0,2021-09-25,,10-Q,2022,Q2
CommonStockSharesIssued,balance_sheet,发行的普通股股数,shares,16426786000.0,2021-09-25,,10-Q,2022,Q3
CommonStockSharesIssued,balance_sheet,发行的普通股股数,shares,16426786000.0,2021-09-25,,10-K,2022,FY
CommonStockSharesIssued,balance_sheet,发行的普通股股数,shares,16340851000.0,2021-12-25,,10-Q,2022,Q1
CommonStockSharesIssued,balance_sheet,发行的普通股股数,shares,16207568000.0,2022-03-26,,10-Q,2022,Q2
CommonStockSharesIssued,balance_sheet,发行的普通股股数,shares,16095378000.0,2022-06-25,,10-Q,2022,Q3
CommonStockSharesIssued,balance_sheet,发行的普通股股数,shares,15943425000.0,2022-09-24,,10-K,2022,FY
CommonStockSharesIssued,balance_sheet,发行的普通股股数,shares,15943425000.0,2022-09-24,,10-Q,2023,Q1
CommonStockSharesIssued,balance_sheet,发行的普通股股数,shares,15943425000.0,2022-09-24,,10-Q,2023,Q2
CommonStockSharesIssued,balance_sheet,发行的普通股股数,shares,15943425000.0,2022-09-24,,10-Q,2023,Q3
CommonStockSharesIssued,balance_sheet,发行的普通股股数,shares,15943425000.0,2022-09-24,,10-K,2023,FY
CommonStockSharesIssued,balance_sheet,发行的普通股股数,shares,15842407000.0,2022-12-31,,10-Q,2023,Q1
CommonStockSharesIssued,balance_sheet,发行的普通股股数,shares,15723406000.0,2023-04-01,,10-Q,2023,Q2
CommonStockSharesIssued,balance_sheet,发行的普通股股数,shares,15647868000.0,2023-07-01,,10-Q,2023,Q3
CommonStockSharesIssued,balance_sheet,发行的普通股股数,shares,15550061000.0,2023-09-30,,10-K,2023,FY
CommonStockSharesIssued,balance_sheet,发行的普通股股数,shares,15550061000.0,2023-09-30,,10-Q,2024,Q1
CommonStockSharesIssued,balance_sheet,发行的普通股股数,shares,15550061000.0,2023-09-30,,10-Q,2024,Q2
CommonStockSharesIssued,balance_sheet,发行的普通股股数,shares,15550061000.0,2023-09-30,,10-Q,2024,Q3
CommonStockSharesIssued,balance_sheet,发行的普通股股数,shares,15550061000.0,2023-09-30,,10-K,2024,FY
CommonStockSharesIssued,balance_sheet,发行的普通股股数,shares,15460223000.0,2023-12-30,,10-Q,2024,Q1
CommonStockSharesIssued,balance_sheet,发行的普通股股数,shares,15337686000.0,2024-03-30,,10-Q,2024,Q2
CommonStockSharesIssued,balance_sheet,发行的普通股股数,shares,15222259000.0,2024-06-29,,10-Q,2024,Q3
CommonStockSharesIssued,balance_sheet,发行的普通股股数,shares,15116786000.0,2024-09-28,,10-K,2024,FY
CommonStockSharesIssued,balance_sheet,发行的普通股股数,shares,15116786000.0,2024-09-28,,10-Q,2025,Q1
CommonStockSharesIssued,balance_sheet,发行的普通股股数,shares,15116786000.0,2024-09-28,,10-Q,2025,Q2
CommonStockSharesIssued,balance_sheet,发行的普通股股数,shares,15116786000.0,2024-09-28,,10-Q,2025,Q3
CommonStockSharesIssued,balance_sheet,发行的普通股股数,shares,15040731000.0,2024-12-28,,10-Q,2025,Q1
CommonStockSharesIssued,balance_sheet,发行的普通股股数,shares,14939315000.0,2025-03-29,,10-Q,2025,Q2
CommonStockSharesIssued,balance_sheet,发行的普通股股数,shares,14856722000.0,2025-06-28,,10-Q,2025,Q3
RetainedEarningsAccumulatedDeficit,balance_sheet,留存收益,USD,15261000000.0,2021-03-27,,10-Q,2021,Q2
RetainedEarningsAccumulatedDeficit,balance_sheet,留存收益,USD,9233000000.0,2021-06-26,,10-Q,2021,Q3
RetainedEarningsAccumulatedDeficit,balance_sheet,留存收益,USD,5562000000.0,2021-09-25,,10-K,2021,FY
RetainedEarningsAccumulatedDeficit,balance_sheet,留存收益,USD,5562000000.0,2021-09-25,,10-Q,2022,Q1
RetainedEarningsAccumulatedDeficit,balance_sheet,留存收益,USD,5562000000.0,2021-09-25,,10-Q,2022,Q2
RetainedEarningsAccumulatedDeficit,balance_sheet,留存收益,USD,5562000000.0,2021-09-25,,10-Q,2022,Q3
RetainedEarningsAccumulatedDeficit,balance_sheet,留存收益,USD,5562000000.0,2021-09-25,,10-K,2022,FY
RetainedEarningsAccumulatedDeficit,balance_sheet,留存收益,USD,14435000000.0,2021-12-25,,10-Q,2022,Q1
RetainedEarningsAccumulatedDeficit,balance_sheet,留存收益,USD,12712000000.0,2022-03-26,,10-Q,2022,Q2
RetainedEarningsAccumulatedDeficit,balance_sheet,留存收益,USD,5289000000.0,2022-06-25,,10-Q,2022,Q3
RetainedEarningsAccumulatedDeficit,balance_sheet,留存收益,USD,-3068000000.0,2022-09-24,,10-K,2022,FY
RetainedEarningsAccumulatedDeficit,balance_sheet,留存收益,USD,-3068000000.0,2022-09-24,,10-Q,2023,Q1
RetainedEarningsAccumulatedDeficit,balance_sheet,留存收益,USD,-3068000000.0,2022-09-24,,10-Q,2023,Q2
RetainedEarningsAccumulatedDeficit,balance_sheet,留存收益,USD,-3068000000.0,2022-09-24,,10-Q,2023,Q3
RetainedEarningsAccumulatedDeficit,balance_sheet,留存收益,USD,-3068000000.0,2022-09-24,,10-K,2023,FY
RetainedEarningsAccumulatedDeficit,balance_sheet,留存收益,USD,3240000000.0,2022-12-31,,10-Q,2023,Q1
RetainedEarningsAccumulatedDeficit,balance_sheet,留存收益,USD,4336000000.0,2023-04-01,,10-Q,2023,Q2
RetainedEarningsAccumulatedDeficit,balance_sheet,留存收益,USD,1408000000.0,2023-07-01,,10-Q,2023,Q3
RetainedEarningsAccumulatedDeficit,balance_sheet,留存收益,USD,-214000000.0,2023-09-30,,10-K,2023,FY
RetainedEarningsAccumulatedDeficit,balance_sheet,留存收益,USD,-214000000.0,2023-09-30,,10-Q,2024,Q1
RetainedEarningsAccumulatedDeficit,balance_sheet,留存收益,USD,-214000000.0,2023-09-30,,10-Q,2024,Q2
RetainedEarningsAccumulatedDeficit,balance_sheet,留存收益,USD,-214000000.0,2023-09-30,,10-Q,2024,Q3
RetainedEarningsAccumulatedDeficit,balance_sheet,留存收益,USD,-214000000.0,2023-09-30,,10-K,2024,FY
RetainedEarningsAccumulatedDeficit,balance_sheet,留存收益,USD,8242000000.0,2023-12-30,,10-Q,2024,Q1
RetainedEarningsAccumulatedDeficit,balance_sheet,留存收益,USD,4339000000.0,2024-03-30,,10-Q,2024,Q2
RetainedEarningsAccumulatedDeficit,balance_sheet,留存收益,USD,-4726000000.0,2024-06-29,,10-Q,2024,Q3
RetainedEarningsAccumulatedDeficit,balance_sheet,留存收益,USD,-19154000000.0,2024-09-28,,10-K,2024,FY
RetainedEarningsAccumulatedDeficit,balance_sheet,留存收益,USD,-19154000000.0,2024-09-28,,10-Q,2025,Q1
RetainedEarningsAccumulatedDeficit,balance_sheet,留存收益,USD,-19154000000.0,2024-09-28,,10-Q,2025,Q2
RetainedEarningsAccumulatedDeficit,balance_sheet,留存收益,USD,-19154000000.0,2024-09-28,,10-Q,2025,Q3
RetainedEarningsAccumulatedDeficit,balance_sheet,留存收益,USD,-11221000000.0,2024-12-28,,10-Q,2025,Q1
RetainedEarningsAccumulatedDeficit,balance_sheet,留存收益,USD,-15552000000.0,2025-03-29,,10-Q,2025,Q2
RetainedEarningsAccumulatedDeficit,balance_sheet,留存收益,USD,-17607000000.0,2025-06-28,,10-Q,2025,Q3
