concept,category,chinese_name,unit,value,end_date,start_date,form,fiscal_year,fiscal_period
NetCashProvidedByUsedInOperatingActivities,cash_flow,经营活动现金流,USD,62744000000.0,2021-03-27,2020-09-27,10-Q,2021,Q2
NetCashProvidedByUsedInOperatingActivities,cash_flow,经营活动现金流,USD,62744000000.0,2021-03-27,2020-09-27,10-Q,2022,Q2
NetCashProvidedByUsedInOperatingActivities,cash_flow,经营活动现金流,USD,83838000000.0,2021-06-26,2020-09-27,10-Q,2021,Q3
NetCashProvidedByUsedInOperatingActivities,cash_flow,经营活动现金流,USD,83838000000.0,2021-06-26,2020-09-27,10-Q,2022,Q3
NetCashProvidedByUsedInOperatingActivities,cash_flow,经营活动现金流,USD,104038000000.0,2021-09-25,2020-09-27,10-K,2021,FY
NetCashProvidedByUsedInOperatingActivities,cash_flow,经营活动现金流,USD,104038000000.0,2021-09-25,2020-09-27,10-K,2022,FY
NetCashProvidedByUsedInOperatingActivities,cash_flow,经营活动现金流,USD,104038000000.0,2021-09-25,2020-09-27,10-K,2023,FY
NetCashProvidedByUsedInOperatingActivities,cash_flow,经营活动现金流,USD,46966000000.0,2021-12-25,2021-09-26,10-Q,2022,Q1
NetCashProvidedByUsedInOperatingActivities,cash_flow,经营活动现金流,USD,46966000000.0,2021-12-25,2021-09-26,10-Q,2023,Q1
NetCashProvidedByUsedInOperatingActivities,cash_flow,经营活动现金流,USD,75132000000.0,2022-03-26,2021-09-26,10-Q,2022,Q2
NetCashProvidedByUsedInOperatingActivities,cash_flow,经营活动现金流,USD,75132000000.0,2022-03-26,2021-09-26,10-Q,2023,Q2
NetCashProvidedByUsedInOperatingActivities,cash_flow,经营活动现金流,USD,98024000000.0,2022-06-25,2021-09-26,10-Q,2022,Q3
NetCashProvidedByUsedInOperatingActivities,cash_flow,经营活动现金流,USD,98024000000.0,2022-06-25,2021-09-26,10-Q,2023,Q3
NetCashProvidedByUsedInOperatingActivities,cash_flow,经营活动现金流,USD,122151000000.0,2022-09-24,2021-09-26,10-K,2022,FY
NetCashProvidedByUsedInOperatingActivities,cash_flow,经营活动现金流,USD,122151000000.0,2022-09-24,2021-09-26,10-K,2023,FY
NetCashProvidedByUsedInOperatingActivities,cash_flow,经营活动现金流,USD,122151000000.0,2022-09-24,2021-09-26,10-K,2024,FY
NetCashProvidedByUsedInOperatingActivities,cash_flow,经营活动现金流,USD,34005000000.0,2022-12-31,2022-09-25,10-Q,2023,Q1
NetCashProvidedByUsedInOperatingActivities,cash_flow,经营活动现金流,USD,34005000000.0,2022-12-31,2022-09-25,10-Q,2024,Q1
NetCashProvidedByUsedInOperatingActivities,cash_flow,经营活动现金流,USD,62565000000.0,2023-04-01,2022-09-25,10-Q,2023,Q2
NetCashProvidedByUsedInOperatingActivities,cash_flow,经营活动现金流,USD,62565000000.0,2023-04-01,2022-09-25,10-Q,2024,Q2
NetCashProvidedByUsedInOperatingActivities,cash_flow,经营活动现金流,USD,88945000000.0,2023-07-01,2022-09-25,10-Q,2023,Q3
NetCashProvidedByUsedInOperatingActivities,cash_flow,经营活动现金流,USD,88945000000.0,2023-07-01,2022-09-25,10-Q,2024,Q3
NetCashProvidedByUsedInOperatingActivities,cash_flow,经营活动现金流,USD,110543000000.0,2023-09-30,2022-09-25,10-K,2023,FY
NetCashProvidedByUsedInOperatingActivities,cash_flow,经营活动现金流,USD,110543000000.0,2023-09-30,2022-09-25,10-K,2024,FY
NetCashProvidedByUsedInOperatingActivities,cash_flow,经营活动现金流,USD,39895000000.0,2023-12-30,2023-10-01,10-Q,2024,Q1
NetCashProvidedByUsedInOperatingActivities,cash_flow,经营活动现金流,USD,39895000000.0,2023-12-30,2023-10-01,10-Q,2025,Q1
NetCashProvidedByUsedInOperatingActivities,cash_flow,经营活动现金流,USD,62585000000.0,2024-03-30,2023-10-01,10-Q,2024,Q2
NetCashProvidedByUsedInOperatingActivities,cash_flow,经营活动现金流,USD,62585000000.0,2024-03-30,2023-10-01,10-Q,2025,Q2
NetCashProvidedByUsedInOperatingActivities,cash_flow,经营活动现金流,USD,91443000000.0,2024-06-29,2023-10-01,10-Q,2024,Q3
NetCashProvidedByUsedInOperatingActivities,cash_flow,经营活动现金流,USD,91443000000.0,2024-06-29,2023-10-01,10-Q,2025,Q3
NetCashProvidedByUsedInOperatingActivities,cash_flow,经营活动现金流,USD,118254000000.0,2024-09-28,2023-10-01,10-K,2024,FY
NetCashProvidedByUsedInOperatingActivities,cash_flow,经营活动现金流,USD,29935000000.0,2024-12-28,2024-09-29,10-Q,2025,Q1
NetCashProvidedByUsedInOperatingActivities,cash_flow,经营活动现金流,USD,53887000000.0,2025-03-29,2024-09-29,10-Q,2025,Q2
NetCashProvidedByUsedInOperatingActivities,cash_flow,经营活动现金流,USD,81754000000.0,2025-06-28,2024-09-29,10-Q,2025,Q3
NetCashProvidedByUsedInInvestingActivities,cash_flow,投资活动现金流,USD,-18952000000.0,2021-03-27,2020-09-27,10-Q,2021,Q2
NetCashProvidedByUsedInInvestingActivities,cash_flow,投资活动现金流,USD,-18952000000.0,2021-03-27,2020-09-27,10-Q,2022,Q2
NetCashProvidedByUsedInInvestingActivities,cash_flow,投资活动现金流,USD,-15380000000.0,2021-06-26,2020-09-27,10-Q,2021,Q3
NetCashProvidedByUsedInInvestingActivities,cash_flow,投资活动现金流,USD,-15380000000.0,2021-06-26,2020-09-27,10-Q,2022,Q3
NetCashProvidedByUsedInInvestingActivities,cash_flow,投资活动现金流,USD,-14545000000.0,2021-09-25,2020-09-27,10-K,2021,FY
NetCashProvidedByUsedInInvestingActivities,cash_flow,投资活动现金流,USD,-14545000000.0,2021-09-25,2020-09-27,10-K,2022,FY
NetCashProvidedByUsedInInvestingActivities,cash_flow,投资活动现金流,USD,-14545000000.0,2021-09-25,2020-09-27,10-K,2023,FY
NetCashProvidedByUsedInInvestingActivities,cash_flow,投资活动现金流,USD,-16106000000.0,2021-12-25,2021-09-26,10-Q,2022,Q1
NetCashProvidedByUsedInInvestingActivities,cash_flow,投资活动现金流,USD,-16106000000.0,2021-12-25,2021-09-26,10-Q,2023,Q1
NetCashProvidedByUsedInInvestingActivities,cash_flow,投资活动现金流,USD,-25371000000.0,2022-03-26,2021-09-26,10-Q,2022,Q2
NetCashProvidedByUsedInInvestingActivities,cash_flow,投资活动现金流,USD,-25371000000.0,2022-03-26,2021-09-26,10-Q,2023,Q2
NetCashProvidedByUsedInInvestingActivities,cash_flow,投资活动现金流,USD,-21137000000.0,2022-06-25,2021-09-26,10-Q,2022,Q3
NetCashProvidedByUsedInInvestingActivities,cash_flow,投资活动现金流,USD,-21137000000.0,2022-06-25,2021-09-26,10-Q,2023,Q3
NetCashProvidedByUsedInInvestingActivities,cash_flow,投资活动现金流,USD,-22354000000.0,2022-09-24,2021-09-26,10-K,2022,FY
NetCashProvidedByUsedInInvestingActivities,cash_flow,投资活动现金流,USD,-22354000000.0,2022-09-24,2021-09-26,10-K,2023,FY
NetCashProvidedByUsedInInvestingActivities,cash_flow,投资活动现金流,USD,-22354000000.0,2022-09-24,2021-09-26,10-K,2024,FY
NetCashProvidedByUsedInInvestingActivities,cash_flow,投资活动现金流,USD,-1445000000.0,2022-12-31,2022-09-25,10-Q,2023,Q1
NetCashProvidedByUsedInInvestingActivities,cash_flow,投资活动现金流,USD,-1445000000.0,2022-12-31,2022-09-25,10-Q,2024,Q1
NetCashProvidedByUsedInInvestingActivities,cash_flow,投资活动现金流,USD,874000000.0,2023-04-01,2022-09-25,10-Q,2023,Q2
NetCashProvidedByUsedInInvestingActivities,cash_flow,投资活动现金流,USD,874000000.0,2023-04-01,2022-09-25,10-Q,2024,Q2
NetCashProvidedByUsedInInvestingActivities,cash_flow,投资活动现金流,USD,1311000000.0,2023-07-01,2022-09-25,10-Q,2023,Q3
NetCashProvidedByUsedInInvestingActivities,cash_flow,投资活动现金流,USD,1311000000.0,2023-07-01,2022-09-25,10-Q,2024,Q3
NetCashProvidedByUsedInInvestingActivities,cash_flow,投资活动现金流,USD,3705000000.0,2023-09-30,2022-09-25,10-K,2023,FY
NetCashProvidedByUsedInInvestingActivities,cash_flow,投资活动现金流,USD,3705000000.0,2023-09-30,2022-09-25,10-K,2024,FY
NetCashProvidedByUsedInInvestingActivities,cash_flow,投资活动现金流,USD,1927000000.0,2023-12-30,2023-10-01,10-Q,2024,Q1
NetCashProvidedByUsedInInvestingActivities,cash_flow,投资活动现金流,USD,1927000000.0,2023-12-30,2023-10-01,10-Q,2025,Q1
NetCashProvidedByUsedInInvestingActivities,cash_flow,投资活动现金流,USD,1617000000.0,2024-03-30,2023-10-01,10-Q,2024,Q2
NetCashProvidedByUsedInInvestingActivities,cash_flow,投资活动现金流,USD,1617000000.0,2024-03-30,2023-10-01,10-Q,2025,Q2
NetCashProvidedByUsedInInvestingActivities,cash_flow,投资活动现金流,USD,1490000000.0,2024-06-29,2023-10-01,10-Q,2024,Q3
NetCashProvidedByUsedInInvestingActivities,cash_flow,投资活动现金流,USD,1490000000.0,2024-06-29,2023-10-01,10-Q,2025,Q3
NetCashProvidedByUsedInInvestingActivities,cash_flow,投资活动现金流,USD,2935000000.0,2024-09-28,2023-10-01,10-K,2024,FY
NetCashProvidedByUsedInInvestingActivities,cash_flow,投资活动现金流,USD,9792000000.0,2024-12-28,2024-09-29,10-Q,2025,Q1
NetCashProvidedByUsedInInvestingActivities,cash_flow,投资活动现金流,USD,12709000000.0,2025-03-29,2024-09-29,10-Q,2025,Q2
NetCashProvidedByUsedInInvestingActivities,cash_flow,投资活动现金流,USD,17782000000.0,2025-06-28,2024-09-29,10-Q,2025,Q3
NetCashProvidedByUsedInFinancingActivities,cash_flow,筹资活动现金流,USD,-43575000000.0,2021-03-27,2020-09-27,10-Q,2021,Q2
NetCashProvidedByUsedInFinancingActivities,cash_flow,筹资活动现金流,USD,-43575000000.0,2021-03-27,2020-09-27,10-Q,2022,Q2
NetCashProvidedByUsedInFinancingActivities,cash_flow,筹资活动现金流,USD,-72971000000.0,2021-06-26,2020-09-27,10-Q,2021,Q3
NetCashProvidedByUsedInFinancingActivities,cash_flow,筹资活动现金流,USD,-72971000000.0,2021-06-26,2020-09-27,10-Q,2022,Q3
NetCashProvidedByUsedInFinancingActivities,cash_flow,筹资活动现金流,USD,-93353000000.0,2021-09-25,2020-09-27,10-K,2021,FY
NetCashProvidedByUsedInFinancingActivities,cash_flow,筹资活动现金流,USD,-93353000000.0,2021-09-25,2020-09-27,10-K,2022,FY
NetCashProvidedByUsedInFinancingActivities,cash_flow,筹资活动现金流,USD,-93353000000.0,2021-09-25,2020-09-27,10-K,2023,FY
NetCashProvidedByUsedInFinancingActivities,cash_flow,筹资活动现金流,USD,-28159000000.0,2021-12-25,2021-09-26,10-Q,2022,Q1
NetCashProvidedByUsedInFinancingActivities,cash_flow,筹资活动现金流,USD,-28159000000.0,2021-12-25,2021-09-26,10-Q,2023,Q1
NetCashProvidedByUsedInFinancingActivities,cash_flow,筹资活动现金流,USD,-56510000000.0,2022-03-26,2021-09-26,10-Q,2022,Q2
NetCashProvidedByUsedInFinancingActivities,cash_flow,筹资活动现金流,USD,-56510000000.0,2022-03-26,2021-09-26,10-Q,2023,Q2
NetCashProvidedByUsedInFinancingActivities,cash_flow,筹资活动现金流,USD,-83955000000.0,2022-06-25,2021-09-26,10-Q,2022,Q3
NetCashProvidedByUsedInFinancingActivities,cash_flow,筹资活动现金流,USD,-83955000000.0,2022-06-25,2021-09-26,10-Q,2023,Q3
NetCashProvidedByUsedInFinancingActivities,cash_flow,筹资活动现金流,USD,-110749000000.0,2022-09-24,2021-09-26,10-K,2022,FY
NetCashProvidedByUsedInFinancingActivities,cash_flow,筹资活动现金流,USD,-110749000000.0,2022-09-24,2021-09-26,10-K,2023,FY
NetCashProvidedByUsedInFinancingActivities,cash_flow,筹资活动现金流,USD,-110749000000.0,2022-09-24,2021-09-26,10-K,2024,FY
NetCashProvidedByUsedInFinancingActivities,cash_flow,筹资活动现金流,USD,-35563000000.0,2022-12-31,2022-09-25,10-Q,2023,Q1
NetCashProvidedByUsedInFinancingActivities,cash_flow,筹资活动现金流,USD,-35563000000.0,2022-12-31,2022-09-25,10-Q,2024,Q1
NetCashProvidedByUsedInFinancingActivities,cash_flow,筹资活动现金流,USD,-61287000000.0,2023-04-01,2022-09-25,10-Q,2023,Q2
NetCashProvidedByUsedInFinancingActivities,cash_flow,筹资活动现金流,USD,-61287000000.0,2023-04-01,2022-09-25,10-Q,2024,Q2
NetCashProvidedByUsedInFinancingActivities,cash_flow,筹资活动现金流,USD,-85335000000.0,2023-07-01,2022-09-25,10-Q,2023,Q3
NetCashProvidedByUsedInFinancingActivities,cash_flow,筹资活动现金流,USD,-85335000000.0,2023-07-01,2022-09-25,10-Q,2024,Q3
NetCashProvidedByUsedInFinancingActivities,cash_flow,筹资活动现金流,USD,-108488000000.0,2023-09-30,2022-09-25,10-K,2023,FY
NetCashProvidedByUsedInFinancingActivities,cash_flow,筹资活动现金流,USD,-108488000000.0,2023-09-30,2022-09-25,10-K,2024,FY
NetCashProvidedByUsedInFinancingActivities,cash_flow,筹资活动现金流,USD,-30585000000.0,2023-12-30,2023-10-01,10-Q,2024,Q1
NetCashProvidedByUsedInFinancingActivities,cash_flow,筹资活动现金流,USD,-30585000000.0,2023-12-30,2023-10-01,10-Q,2025,Q1
NetCashProvidedByUsedInFinancingActivities,cash_flow,筹资活动现金流,USD,-61018000000.0,2024-03-30,2023-10-01,10-Q,2024,Q2
NetCashProvidedByUsedInFinancingActivities,cash_flow,筹资活动现金流,USD,-61018000000.0,2024-03-30,2023-10-01,10-Q,2025,Q2
NetCashProvidedByUsedInFinancingActivities,cash_flow,筹资活动现金流,USD,-97035000000.0,2024-06-29,2023-10-01,10-Q,2024,Q3
NetCashProvidedByUsedInFinancingActivities,cash_flow,筹资活动现金流,USD,-97035000000.0,2024-06-29,2023-10-01,10-Q,2025,Q3
NetCashProvidedByUsedInFinancingActivities,cash_flow,筹资活动现金流,USD,-121983000000.0,2024-09-28,2023-10-01,10-K,2024,FY
NetCashProvidedByUsedInFinancingActivities,cash_flow,筹资活动现金流,USD,-39371000000.0,2024-12-28,2024-09-29,10-Q,2025,Q1
NetCashProvidedByUsedInFinancingActivities,cash_flow,筹资活动现金流,USD,-68377000000.0,2025-03-29,2024-09-29,10-Q,2025,Q2
NetCashProvidedByUsedInFinancingActivities,cash_flow,筹资活动现金流,USD,-93210000000.0,2025-06-28,2024-09-29,10-Q,2025,Q3
PaymentsToAcquirePropertyPlantAndEquipment,cash_flow,购买固定资产支出,USD,5769000000.0,2021-03-27,2020-09-27,10-Q,2021,Q2
PaymentsToAcquirePropertyPlantAndEquipment,cash_flow,购买固定资产支出,USD,5769000000.0,2021-03-27,2020-09-27,10-Q,2022,Q2
PaymentsToAcquirePropertyPlantAndEquipment,cash_flow,购买固定资产支出,USD,7862000000.0,2021-06-26,2020-09-27,10-Q,2021,Q3
PaymentsToAcquirePropertyPlantAndEquipment,cash_flow,购买固定资产支出,USD,7862000000.0,2021-06-26,2020-09-27,10-Q,2022,Q3
PaymentsToAcquirePropertyPlantAndEquipment,cash_flow,购买固定资产支出,USD,11085000000.0,2021-09-25,2020-09-27,10-K,2021,FY
PaymentsToAcquirePropertyPlantAndEquipment,cash_flow,购买固定资产支出,USD,11085000000.0,2021-09-25,2020-09-27,10-K,2022,FY
PaymentsToAcquirePropertyPlantAndEquipment,cash_flow,购买固定资产支出,USD,11085000000.0,2021-09-25,2020-09-27,10-K,2023,FY
PaymentsToAcquirePropertyPlantAndEquipment,cash_flow,购买固定资产支出,USD,2803000000.0,2021-12-25,2021-09-26,10-Q,2022,Q1
PaymentsToAcquirePropertyPlantAndEquipment,cash_flow,购买固定资产支出,USD,2803000000.0,2021-12-25,2021-09-26,10-Q,2023,Q1
PaymentsToAcquirePropertyPlantAndEquipment,cash_flow,购买固定资产支出,USD,5317000000.0,2022-03-26,2021-09-26,10-Q,2022,Q2
PaymentsToAcquirePropertyPlantAndEquipment,cash_flow,购买固定资产支出,USD,5317000000.0,2022-03-26,2021-09-26,10-Q,2023,Q2
PaymentsToAcquirePropertyPlantAndEquipment,cash_flow,购买固定资产支出,USD,7419000000.0,2022-06-25,2021-09-26,10-Q,2022,Q3
PaymentsToAcquirePropertyPlantAndEquipment,cash_flow,购买固定资产支出,USD,7419000000.0,2022-06-25,2021-09-26,10-Q,2023,Q3
PaymentsToAcquirePropertyPlantAndEquipment,cash_flow,购买固定资产支出,USD,10708000000.0,2022-09-24,2021-09-26,10-K,2022,FY
PaymentsToAcquirePropertyPlantAndEquipment,cash_flow,购买固定资产支出,USD,10708000000.0,2022-09-24,2021-09-26,10-K,2023,FY
PaymentsToAcquirePropertyPlantAndEquipment,cash_flow,购买固定资产支出,USD,10708000000.0,2022-09-24,2021-09-26,10-K,2024,FY
PaymentsToAcquirePropertyPlantAndEquipment,cash_flow,购买固定资产支出,USD,3787000000.0,2022-12-31,2022-09-25,10-Q,2023,Q1
PaymentsToAcquirePropertyPlantAndEquipment,cash_flow,购买固定资产支出,USD,3787000000.0,2022-12-31,2022-09-25,10-Q,2024,Q1
PaymentsToAcquirePropertyPlantAndEquipment,cash_flow,购买固定资产支出,USD,6703000000.0,2023-04-01,2022-09-25,10-Q,2023,Q2
PaymentsToAcquirePropertyPlantAndEquipment,cash_flow,购买固定资产支出,USD,6703000000.0,2023-04-01,2022-09-25,10-Q,2024,Q2
PaymentsToAcquirePropertyPlantAndEquipment,cash_flow,购买固定资产支出,USD,8796000000.0,2023-07-01,2022-09-25,10-Q,2023,Q3
PaymentsToAcquirePropertyPlantAndEquipment,cash_flow,购买固定资产支出,USD,8796000000.0,2023-07-01,2022-09-25,10-Q,2024,Q3
PaymentsToAcquirePropertyPlantAndEquipment,cash_flow,购买固定资产支出,USD,10959000000.0,2023-09-30,2022-09-25,10-K,2023,FY
PaymentsToAcquirePropertyPlantAndEquipment,cash_flow,购买固定资产支出,USD,10959000000.0,2023-09-30,2022-09-25,10-K,2024,FY
PaymentsToAcquirePropertyPlantAndEquipment,cash_flow,购买固定资产支出,USD,2392000000.0,2023-12-30,2023-10-01,10-Q,2024,Q1
PaymentsToAcquirePropertyPlantAndEquipment,cash_flow,购买固定资产支出,USD,2392000000.0,2023-12-30,2023-10-01,10-Q,2025,Q1
PaymentsToAcquirePropertyPlantAndEquipment,cash_flow,购买固定资产支出,USD,4388000000.0,2024-03-30,2023-10-01,10-Q,2024,Q2
PaymentsToAcquirePropertyPlantAndEquipment,cash_flow,购买固定资产支出,USD,4388000000.0,2024-03-30,2023-10-01,10-Q,2025,Q2
PaymentsToAcquirePropertyPlantAndEquipment,cash_flow,购买固定资产支出,USD,6539000000.0,2024-06-29,2023-10-01,10-Q,2024,Q3
PaymentsToAcquirePropertyPlantAndEquipment,cash_flow,购买固定资产支出,USD,6539000000.0,2024-06-29,2023-10-01,10-Q,2025,Q3
PaymentsToAcquirePropertyPlantAndEquipment,cash_flow,购买固定资产支出,USD,9447000000.0,2024-09-28,2023-10-01,10-K,2024,FY
PaymentsToAcquirePropertyPlantAndEquipment,cash_flow,购买固定资产支出,USD,2940000000.0,2024-12-28,2024-09-29,10-Q,2025,Q1
PaymentsToAcquirePropertyPlantAndEquipment,cash_flow,购买固定资产支出,USD,6011000000.0,2025-03-29,2024-09-29,10-Q,2025,Q2
PaymentsToAcquirePropertyPlantAndEquipment,cash_flow,购买固定资产支出,USD,9473000000.0,2025-06-28,2024-09-29,10-Q,2025,Q3
PaymentsOfDividends,cash_flow,支付股息,USD,7060000000.0,2021-03-27,2020-09-27,10-Q,2021,Q2
PaymentsOfDividends,cash_flow,支付股息,USD,7060000000.0,2021-03-27,2020-09-27,10-Q,2022,Q2
PaymentsOfDividends,cash_flow,支付股息,USD,10827000000.0,2021-06-26,2020-09-27,10-Q,2021,Q3
PaymentsOfDividends,cash_flow,支付股息,USD,10827000000.0,2021-06-26,2020-09-27,10-Q,2022,Q3
PaymentsOfDividends,cash_flow,支付股息,USD,14467000000.0,2021-09-25,2020-09-27,10-K,2021,FY
PaymentsOfDividends,cash_flow,支付股息,USD,14467000000.0,2021-09-25,2020-09-27,10-K,2022,FY
PaymentsOfDividends,cash_flow,支付股息,USD,14467000000.0,2021-09-25,2020-09-27,10-K,2023,FY
PaymentsOfDividends,cash_flow,支付股息,USD,3732000000.0,2021-12-25,2021-09-26,10-Q,2022,Q1
PaymentsOfDividends,cash_flow,支付股息,USD,3732000000.0,2021-12-25,2021-09-26,10-Q,2023,Q1
PaymentsOfDividends,cash_flow,支付股息,USD,7327000000.0,2022-03-26,2021-09-26,10-Q,2022,Q2
PaymentsOfDividends,cash_flow,支付股息,USD,7327000000.0,2022-03-26,2021-09-26,10-Q,2023,Q2
PaymentsOfDividends,cash_flow,支付股息,USD,11138000000.0,2022-06-25,2021-09-26,10-Q,2022,Q3
PaymentsOfDividends,cash_flow,支付股息,USD,11138000000.0,2022-06-25,2021-09-26,10-Q,2023,Q3
PaymentsOfDividends,cash_flow,支付股息,USD,14841000000.0,2022-09-24,2021-09-26,10-K,2022,FY
PaymentsOfDividends,cash_flow,支付股息,USD,14841000000.0,2022-09-24,2021-09-26,10-K,2023,FY
PaymentsOfDividends,cash_flow,支付股息,USD,14841000000.0,2022-09-24,2021-09-26,10-K,2024,FY
PaymentsOfDividends,cash_flow,支付股息,USD,3768000000.0,2022-12-31,2022-09-25,10-Q,2023,Q1
PaymentsOfDividends,cash_flow,支付股息,USD,3768000000.0,2022-12-31,2022-09-25,10-Q,2024,Q1
PaymentsOfDividends,cash_flow,支付股息,USD,7418000000.0,2023-04-01,2022-09-25,10-Q,2023,Q2
PaymentsOfDividends,cash_flow,支付股息,USD,7418000000.0,2023-04-01,2022-09-25,10-Q,2024,Q2
PaymentsOfDividends,cash_flow,支付股息,USD,11267000000.0,2023-07-01,2022-09-25,10-Q,2023,Q3
PaymentsOfDividends,cash_flow,支付股息,USD,11267000000.0,2023-07-01,2022-09-25,10-Q,2024,Q3
PaymentsOfDividends,cash_flow,支付股息,USD,15025000000.0,2023-09-30,2022-09-25,10-K,2023,FY
PaymentsOfDividends,cash_flow,支付股息,USD,15025000000.0,2023-09-30,2022-09-25,10-K,2024,FY
PaymentsOfDividends,cash_flow,支付股息,USD,3825000000.0,2023-12-30,2023-10-01,10-Q,2024,Q1
PaymentsOfDividends,cash_flow,支付股息,USD,3825000000.0,2023-12-30,2023-10-01,10-Q,2025,Q1
PaymentsOfDividends,cash_flow,支付股息,USD,7535000000.0,2024-03-30,2023-10-01,10-Q,2024,Q2
PaymentsOfDividends,cash_flow,支付股息,USD,7535000000.0,2024-03-30,2023-10-01,10-Q,2025,Q2
PaymentsOfDividends,cash_flow,支付股息,USD,11430000000.0,2024-06-29,2023-10-01,10-Q,2024,Q3
PaymentsOfDividends,cash_flow,支付股息,USD,11430000000.0,2024-06-29,2023-10-01,10-Q,2025,Q3
PaymentsOfDividends,cash_flow,支付股息,USD,15234000000.0,2024-09-28,2023-10-01,10-K,2024,FY
PaymentsOfDividends,cash_flow,支付股息,USD,3856000000.0,2024-12-28,2024-09-29,10-Q,2025,Q1
PaymentsOfDividends,cash_flow,支付股息,USD,7614000000.0,2025-03-29,2024-09-29,10-Q,2025,Q2
PaymentsOfDividends,cash_flow,支付股息,USD,11559000000.0,2025-06-28,2024-09-29,10-Q,2025,Q3
PaymentsForRepurchaseOfCommonStock,cash_flow,回购股票支出,USD,43323000000.0,2021-03-27,2020-09-27,10-Q,2021,Q2
PaymentsForRepurchaseOfCommonStock,cash_flow,回购股票支出,USD,43323000000.0,2021-03-27,2020-09-27,10-Q,2022,Q2
PaymentsForRepurchaseOfCommonStock,cash_flow,回购股票支出,USD,66223000000.0,2021-06-26,2020-09-27,10-Q,2021,Q3
PaymentsForRepurchaseOfCommonStock,cash_flow,回购股票支出,USD,66223000000.0,2021-06-26,2020-09-27,10-Q,2022,Q3
PaymentsForRepurchaseOfCommonStock,cash_flow,回购股票支出,USD,85971000000.0,2021-09-25,2020-09-27,10-K,2021,FY
PaymentsForRepurchaseOfCommonStock,cash_flow,回购股票支出,USD,85971000000.0,2021-09-25,2020-09-27,10-K,2022,FY
PaymentsForRepurchaseOfCommonStock,cash_flow,回购股票支出,USD,85971000000.0,2021-09-25,2020-09-27,10-K,2023,FY
PaymentsForRepurchaseOfCommonStock,cash_flow,回购股票支出,USD,20478000000.0,2021-12-25,2021-09-26,10-Q,2022,Q1
PaymentsForRepurchaseOfCommonStock,cash_flow,回购股票支出,USD,20478000000.0,2021-12-25,2021-09-26,10-Q,2023,Q1
PaymentsForRepurchaseOfCommonStock,cash_flow,回购股票支出,USD,43109000000.0,2022-03-26,2021-09-26,10-Q,2022,Q2
PaymentsForRepurchaseOfCommonStock,cash_flow,回购股票支出,USD,43109000000.0,2022-03-26,2021-09-26,10-Q,2023,Q2
PaymentsForRepurchaseOfCommonStock,cash_flow,回购股票支出,USD,64974000000.0,2022-06-25,2021-09-26,10-Q,2022,Q3
PaymentsForRepurchaseOfCommonStock,cash_flow,回购股票支出,USD,64974000000.0,2022-06-25,2021-09-26,10-Q,2023,Q3
PaymentsForRepurchaseOfCommonStock,cash_flow,回购股票支出,USD,89402000000.0,2022-09-24,2021-09-26,10-K,2022,FY
PaymentsForRepurchaseOfCommonStock,cash_flow,回购股票支出,USD,89402000000.0,2022-09-24,2021-09-26,10-K,2023,FY
PaymentsForRepurchaseOfCommonStock,cash_flow,回购股票支出,USD,89402000000.0,2022-09-24,2021-09-26,10-K,2024,FY
PaymentsForRepurchaseOfCommonStock,cash_flow,回购股票支出,USD,19475000000.0,2022-12-31,2022-09-25,10-Q,2023,Q1
PaymentsForRepurchaseOfCommonStock,cash_flow,回购股票支出,USD,19475000000.0,2022-12-31,2022-09-25,10-Q,2024,Q1
PaymentsForRepurchaseOfCommonStock,cash_flow,回购股票支出,USD,39069000000.0,2023-04-01,2022-09-25,10-Q,2023,Q2
PaymentsForRepurchaseOfCommonStock,cash_flow,回购股票支出,USD,39069000000.0,2023-04-01,2022-09-25,10-Q,2024,Q2
PaymentsForRepurchaseOfCommonStock,cash_flow,回购股票支出,USD,56547000000.0,2023-07-01,2022-09-25,10-Q,2023,Q3
PaymentsForRepurchaseOfCommonStock,cash_flow,回购股票支出,USD,56547000000.0,2023-07-01,2022-09-25,10-Q,2024,Q3
PaymentsForRepurchaseOfCommonStock,cash_flow,回购股票支出,USD,77550000000.0,2023-09-30,2022-09-25,10-K,2023,FY
PaymentsForRepurchaseOfCommonStock,cash_flow,回购股票支出,USD,77550000000.0,2023-09-30,2022-09-25,10-K,2024,FY
PaymentsForRepurchaseOfCommonStock,cash_flow,回购股票支出,USD,20139000000.0,2023-12-30,2023-10-01,10-Q,2024,Q1
PaymentsForRepurchaseOfCommonStock,cash_flow,回购股票支出,USD,20139000000.0,2023-12-30,2023-10-01,10-Q,2025,Q1
PaymentsForRepurchaseOfCommonStock,cash_flow,回购股票支出,USD,43344000000.0,2024-03-30,2023-10-01,10-Q,2024,Q2
PaymentsForRepurchaseOfCommonStock,cash_flow,回购股票支出,USD,43344000000.0,2024-03-30,2023-10-01,10-Q,2025,Q2
PaymentsForRepurchaseOfCommonStock,cash_flow,回购股票支出,USD,69866000000.0,2024-06-29,2023-10-01,10-Q,2024,Q3
PaymentsForRepurchaseOfCommonStock,cash_flow,回购股票支出,USD,69866000000.0,2024-06-29,2023-10-01,10-Q,2025,Q3
PaymentsForRepurchaseOfCommonStock,cash_flow,回购股票支出,USD,94949000000.0,2024-09-28,2023-10-01,10-K,2024,FY
PaymentsForRepurchaseOfCommonStock,cash_flow,回购股票支出,USD,23606000000.0,2024-12-28,2024-09-29,10-Q,2025,Q1
PaymentsForRepurchaseOfCommonStock,cash_flow,回购股票支出,USD,49504000000.0,2025-03-29,2024-09-29,10-Q,2025,Q2
PaymentsForRepurchaseOfCommonStock,cash_flow,回购股票支出,USD,70579000000.0,2025-06-28,2024-09-29,10-Q,2025,Q3
