concept,category,chinese_name,unit,value,end_date,start_date,form,fiscal_year,fiscal_period
RevenueFromContractWithCustomerExcludingAssessedTax,income_statement,销售收入,USD,201023000000.0,2021-03-27,2020-09-27,10-Q,2021,Q2
RevenueFromContractWithCustomerExcludingAssessedTax,income_statement,销售收入,USD,201023000000.0,2021-03-27,2020-09-27,10-Q,2022,Q2
RevenueFromContractWithCustomerExcludingAssessedTax,income_statement,销售收入,USD,89584000000.0,2021-03-27,2020-12-27,10-Q,2021,Q2
RevenueFromContractWithCustomerExcludingAssessedTax,income_statement,销售收入,USD,89584000000.0,2021-03-27,2020-12-27,10-Q,2022,Q2
RevenueFromContractWithCustomerExcludingAssessedTax,income_statement,销售收入,USD,282457000000.0,2021-06-26,2020-09-27,10-Q,2021,Q3
RevenueFromContractWithCustomerExcludingAssessedTax,income_statement,销售收入,USD,282457000000.0,2021-06-26,2020-09-27,10-Q,2022,Q3
RevenueFromContractWithCustomerExcludingAssessedTax,income_statement,销售收入,USD,81434000000.0,2021-06-26,2021-03-28,10-Q,2021,Q3
RevenueFromContractWithCustomerExcludingAssessedTax,income_statement,销售收入,USD,81434000000.0,2021-06-26,2021-03-28,10-Q,2022,Q3
RevenueFromContractWithCustomerExcludingAssessedTax,income_statement,销售收入,USD,365817000000.0,2021-09-25,2020-09-27,10-K,2021,FY
RevenueFromContractWithCustomerExcludingAssessedTax,income_statement,销售收入,USD,365817000000.0,2021-09-25,2020-09-27,10-K,2022,FY
RevenueFromContractWithCustomerExcludingAssessedTax,income_statement,销售收入,USD,365817000000.0,2021-09-25,2020-09-27,10-K,2023,FY
RevenueFromContractWithCustomerExcludingAssessedTax,income_statement,销售收入,USD,123945000000.0,2021-12-25,2021-09-26,10-Q,2022,Q1
RevenueFromContractWithCustomerExcludingAssessedTax,income_statement,销售收入,USD,123945000000.0,2021-12-25,2021-09-26,10-Q,2023,Q1
RevenueFromContractWithCustomerExcludingAssessedTax,income_statement,销售收入,USD,221223000000.0,2022-03-26,2021-09-26,10-Q,2022,Q2
RevenueFromContractWithCustomerExcludingAssessedTax,income_statement,销售收入,USD,221223000000.0,2022-03-26,2021-09-26,10-Q,2023,Q2
RevenueFromContractWithCustomerExcludingAssessedTax,income_statement,销售收入,USD,97278000000.0,2022-03-26,2021-12-26,10-Q,2022,Q2
RevenueFromContractWithCustomerExcludingAssessedTax,income_statement,销售收入,USD,97278000000.0,2022-03-26,2021-12-26,10-Q,2023,Q2
RevenueFromContractWithCustomerExcludingAssessedTax,income_statement,销售收入,USD,304182000000.0,2022-06-25,2021-09-26,10-Q,2022,Q3
RevenueFromContractWithCustomerExcludingAssessedTax,income_statement,销售收入,USD,304182000000.0,2022-06-25,2021-09-26,10-Q,2023,Q3
RevenueFromContractWithCustomerExcludingAssessedTax,income_statement,销售收入,USD,82959000000.0,2022-06-25,2022-03-27,10-Q,2022,Q3
RevenueFromContractWithCustomerExcludingAssessedTax,income_statement,销售收入,USD,82959000000.0,2022-06-25,2022-03-27,10-Q,2023,Q3
RevenueFromContractWithCustomerExcludingAssessedTax,income_statement,销售收入,USD,394328000000.0,2022-09-24,2021-09-26,10-K,2022,FY
RevenueFromContractWithCustomerExcludingAssessedTax,income_statement,销售收入,USD,394328000000.0,2022-09-24,2021-09-26,10-K,2023,FY
RevenueFromContractWithCustomerExcludingAssessedTax,income_statement,销售收入,USD,394328000000.0,2022-09-24,2021-09-26,10-K,2024,FY
RevenueFromContractWithCustomerExcludingAssessedTax,income_statement,销售收入,USD,117154000000.0,2022-12-31,2022-09-25,10-Q,2023,Q1
RevenueFromContractWithCustomerExcludingAssessedTax,income_statement,销售收入,USD,117154000000.0,2022-12-31,2022-09-25,10-Q,2024,Q1
RevenueFromContractWithCustomerExcludingAssessedTax,income_statement,销售收入,USD,211990000000.0,2023-04-01,2022-09-25,10-Q,2023,Q2
RevenueFromContractWithCustomerExcludingAssessedTax,income_statement,销售收入,USD,211990000000.0,2023-04-01,2022-09-25,10-Q,2024,Q2
RevenueFromContractWithCustomerExcludingAssessedTax,income_statement,销售收入,USD,94836000000.0,2023-04-01,2023-01-01,10-Q,2023,Q2
RevenueFromContractWithCustomerExcludingAssessedTax,income_statement,销售收入,USD,94836000000.0,2023-04-01,2023-01-01,10-Q,2024,Q2
RevenueFromContractWithCustomerExcludingAssessedTax,income_statement,销售收入,USD,293787000000.0,2023-07-01,2022-09-25,10-Q,2023,Q3
RevenueFromContractWithCustomerExcludingAssessedTax,income_statement,销售收入,USD,293787000000.0,2023-07-01,2022-09-25,10-Q,2024,Q3
RevenueFromContractWithCustomerExcludingAssessedTax,income_statement,销售收入,USD,81797000000.0,2023-07-01,2023-04-02,10-Q,2023,Q3
RevenueFromContractWithCustomerExcludingAssessedTax,income_statement,销售收入,USD,81797000000.0,2023-07-01,2023-04-02,10-Q,2024,Q3
RevenueFromContractWithCustomerExcludingAssessedTax,income_statement,销售收入,USD,383285000000.0,2023-09-30,2022-09-25,10-K,2023,FY
RevenueFromContractWithCustomerExcludingAssessedTax,income_statement,销售收入,USD,383285000000.0,2023-09-30,2022-09-25,10-K,2024,FY
RevenueFromContractWithCustomerExcludingAssessedTax,income_statement,销售收入,USD,119575000000.0,2023-12-30,2023-10-01,10-Q,2024,Q1
RevenueFromContractWithCustomerExcludingAssessedTax,income_statement,销售收入,USD,119575000000.0,2023-12-30,2023-10-01,10-Q,2025,Q1
RevenueFromContractWithCustomerExcludingAssessedTax,income_statement,销售收入,USD,210328000000.0,2024-03-30,2023-10-01,10-Q,2024,Q2
RevenueFromContractWithCustomerExcludingAssessedTax,income_statement,销售收入,USD,210328000000.0,2024-03-30,2023-10-01,10-Q,2025,Q2
RevenueFromContractWithCustomerExcludingAssessedTax,income_statement,销售收入,USD,90753000000.0,2024-03-30,2023-12-31,10-Q,2024,Q2
RevenueFromContractWithCustomerExcludingAssessedTax,income_statement,销售收入,USD,90753000000.0,2024-03-30,2023-12-31,10-Q,2025,Q2
RevenueFromContractWithCustomerExcludingAssessedTax,income_statement,销售收入,USD,296105000000.0,2024-06-29,2023-10-01,10-Q,2024,Q3
RevenueFromContractWithCustomerExcludingAssessedTax,income_statement,销售收入,USD,296105000000.0,2024-06-29,2023-10-01,10-Q,2025,Q3
RevenueFromContractWithCustomerExcludingAssessedTax,income_statement,销售收入,USD,85777000000.0,2024-06-29,2024-03-31,10-Q,2024,Q3
RevenueFromContractWithCustomerExcludingAssessedTax,income_statement,销售收入,USD,85777000000.0,2024-06-29,2024-03-31,10-Q,2025,Q3
RevenueFromContractWithCustomerExcludingAssessedTax,income_statement,销售收入,USD,391035000000.0,2024-09-28,2023-10-01,10-K,2024,FY
RevenueFromContractWithCustomerExcludingAssessedTax,income_statement,销售收入,USD,124300000000.0,2024-12-28,2024-09-29,10-Q,2025,Q1
RevenueFromContractWithCustomerExcludingAssessedTax,income_statement,销售收入,USD,219659000000.0,2025-03-29,2024-09-29,10-Q,2025,Q2
RevenueFromContractWithCustomerExcludingAssessedTax,income_statement,销售收入,USD,95359000000.0,2025-03-29,2024-12-29,10-Q,2025,Q2
RevenueFromContractWithCustomerExcludingAssessedTax,income_statement,销售收入,USD,313695000000.0,2025-06-28,2024-09-29,10-Q,2025,Q3
RevenueFromContractWithCustomerExcludingAssessedTax,income_statement,销售收入,USD,94036000000.0,2025-06-28,2025-03-30,10-Q,2025,Q3
GrossProfit,income_statement,毛利润,USD,82407000000.0,2021-03-27,2020-09-27,10-Q,2021,Q2
GrossProfit,income_statement,毛利润,USD,82407000000.0,2021-03-27,2020-09-27,10-Q,2022,Q2
GrossProfit,income_statement,毛利润,USD,38079000000.0,2021-03-27,2020-12-27,10-Q,2021,Q2
GrossProfit,income_statement,毛利润,USD,38079000000.0,2021-03-27,2020-12-27,10-Q,2022,Q2
GrossProfit,income_statement,毛利润,USD,117662000000.0,2021-06-26,2020-09-27,10-Q,2021,Q3
GrossProfit,income_statement,毛利润,USD,117662000000.0,2021-06-26,2020-09-27,10-Q,2022,Q3
GrossProfit,income_statement,毛利润,USD,35255000000.0,2021-06-26,2021-03-28,10-Q,2021,Q3
GrossProfit,income_statement,毛利润,USD,35255000000.0,2021-06-26,2021-03-28,10-Q,2022,Q3
GrossProfit,income_statement,毛利润,USD,152836000000.0,2021-09-25,2020-09-27,10-K,2021,FY
GrossProfit,income_statement,毛利润,USD,152836000000.0,2021-09-25,2020-09-27,10-K,2022,FY
GrossProfit,income_statement,毛利润,USD,152836000000.0,2021-09-25,2020-09-27,10-K,2023,FY
GrossProfit,income_statement,毛利润,USD,54243000000.0,2021-12-25,2021-09-26,10-Q,2022,Q1
GrossProfit,income_statement,毛利润,USD,54243000000.0,2021-12-25,2021-09-26,10-Q,2023,Q1
GrossProfit,income_statement,毛利润,USD,96802000000.0,2022-03-26,2021-09-26,10-Q,2022,Q2
GrossProfit,income_statement,毛利润,USD,96802000000.0,2022-03-26,2021-09-26,10-Q,2023,Q2
GrossProfit,income_statement,毛利润,USD,42559000000.0,2022-03-26,2021-12-26,10-Q,2022,Q2
GrossProfit,income_statement,毛利润,USD,42559000000.0,2022-03-26,2021-12-26,10-Q,2023,Q2
GrossProfit,income_statement,毛利润,USD,132687000000.0,2022-06-25,2021-09-26,10-Q,2022,Q3
GrossProfit,income_statement,毛利润,USD,132687000000.0,2022-06-25,2021-09-26,10-Q,2023,Q3
GrossProfit,income_statement,毛利润,USD,35885000000.0,2022-06-25,2022-03-27,10-Q,2022,Q3
GrossProfit,income_statement,毛利润,USD,35885000000.0,2022-06-25,2022-03-27,10-Q,2023,Q3
GrossProfit,income_statement,毛利润,USD,170782000000.0,2022-09-24,2021-09-26,10-K,2022,FY
GrossProfit,income_statement,毛利润,USD,170782000000.0,2022-09-24,2021-09-26,10-K,2023,FY
GrossProfit,income_statement,毛利润,USD,170782000000.0,2022-09-24,2021-09-26,10-K,2024,FY
GrossProfit,income_statement,毛利润,USD,50332000000.0,2022-12-31,2022-09-25,10-Q,2023,Q1
GrossProfit,income_statement,毛利润,USD,50332000000.0,2022-12-31,2022-09-25,10-Q,2024,Q1
GrossProfit,income_statement,毛利润,USD,92308000000.0,2023-04-01,2022-09-25,10-Q,2023,Q2
GrossProfit,income_statement,毛利润,USD,92308000000.0,2023-04-01,2022-09-25,10-Q,2024,Q2
GrossProfit,income_statement,毛利润,USD,41976000000.0,2023-04-01,2023-01-01,10-Q,2023,Q2
GrossProfit,income_statement,毛利润,USD,41976000000.0,2023-04-01,2023-01-01,10-Q,2024,Q2
GrossProfit,income_statement,毛利润,USD,128721000000.0,2023-07-01,2022-09-25,10-Q,2023,Q3
GrossProfit,income_statement,毛利润,USD,128721000000.0,2023-07-01,2022-09-25,10-Q,2024,Q3
GrossProfit,income_statement,毛利润,USD,36413000000.0,2023-07-01,2023-04-02,10-Q,2023,Q3
GrossProfit,income_statement,毛利润,USD,36413000000.0,2023-07-01,2023-04-02,10-Q,2024,Q3
GrossProfit,income_statement,毛利润,USD,169148000000.0,2023-09-30,2022-09-25,10-K,2023,FY
GrossProfit,income_statement,毛利润,USD,169148000000.0,2023-09-30,2022-09-25,10-K,2024,FY
GrossProfit,income_statement,毛利润,USD,54855000000.0,2023-12-30,2023-10-01,10-Q,2024,Q1
GrossProfit,income_statement,毛利润,USD,54855000000.0,2023-12-30,2023-10-01,10-Q,2025,Q1
GrossProfit,income_statement,毛利润,USD,97126000000.0,2024-03-30,2023-10-01,10-Q,2024,Q2
GrossProfit,income_statement,毛利润,USD,97126000000.0,2024-03-30,2023-10-01,10-Q,2025,Q2
GrossProfit,income_statement,毛利润,USD,42271000000.0,2024-03-30,2023-12-31,10-Q,2024,Q2
GrossProfit,income_statement,毛利润,USD,42271000000.0,2024-03-30,2023-12-31,10-Q,2025,Q2
GrossProfit,income_statement,毛利润,USD,136804000000.0,2024-06-29,2023-10-01,10-Q,2024,Q3
GrossProfit,income_statement,毛利润,USD,136804000000.0,2024-06-29,2023-10-01,10-Q,2025,Q3
GrossProfit,income_statement,毛利润,USD,39678000000.0,2024-06-29,2024-03-31,10-Q,2024,Q3
GrossProfit,income_statement,毛利润,USD,39678000000.0,2024-06-29,2024-03-31,10-Q,2025,Q3
GrossProfit,income_statement,毛利润,USD,180683000000.0,2024-09-28,2023-10-01,10-K,2024,FY
GrossProfit,income_statement,毛利润,USD,58275000000.0,2024-12-28,2024-09-29,10-Q,2025,Q1
GrossProfit,income_statement,毛利润,USD,103142000000.0,2025-03-29,2024-09-29,10-Q,2025,Q2
GrossProfit,income_statement,毛利润,USD,44867000000.0,2025-03-29,2024-12-29,10-Q,2025,Q2
GrossProfit,income_statement,毛利润,USD,146860000000.0,2025-06-28,2024-09-29,10-Q,2025,Q3
GrossProfit,income_statement,毛利润,USD,43718000000.0,2025-06-28,2025-03-30,10-Q,2025,Q3
OperatingIncomeLoss,income_statement,营业利润,USD,61037000000.0,2021-03-27,2020-09-27,10-Q,2021,Q2
OperatingIncomeLoss,income_statement,营业利润,USD,61037000000.0,2021-03-27,2020-09-27,10-Q,2022,Q2
OperatingIncomeLoss,income_statement,营业利润,USD,27503000000.0,2021-03-27,2020-12-27,10-Q,2021,Q2
OperatingIncomeLoss,income_statement,营业利润,USD,27503000000.0,2021-03-27,2020-12-27,10-Q,2022,Q2
OperatingIncomeLoss,income_statement,营业利润,USD,85163000000.0,2021-06-26,2020-09-27,10-Q,2021,Q3
OperatingIncomeLoss,income_statement,营业利润,USD,85163000000.0,2021-06-26,2020-09-27,10-Q,2022,Q3
OperatingIncomeLoss,income_statement,营业利润,USD,24126000000.0,2021-06-26,2021-03-28,10-Q,2021,Q3
OperatingIncomeLoss,income_statement,营业利润,USD,24126000000.0,2021-06-26,2021-03-28,10-Q,2022,Q3
OperatingIncomeLoss,income_statement,营业利润,USD,108949000000.0,2021-09-25,2020-09-27,10-K,2021,FY
OperatingIncomeLoss,income_statement,营业利润,USD,108949000000.0,2021-09-25,2020-09-27,10-K,2022,FY
OperatingIncomeLoss,income_statement,营业利润,USD,108949000000.0,2021-09-25,2020-09-27,10-K,2023,FY
OperatingIncomeLoss,income_statement,营业利润,USD,41488000000.0,2021-12-25,2021-09-26,10-Q,2022,Q1
OperatingIncomeLoss,income_statement,营业利润,USD,41488000000.0,2021-12-25,2021-09-26,10-Q,2023,Q1
OperatingIncomeLoss,income_statement,营业利润,USD,71467000000.0,2022-03-26,2021-09-26,10-Q,2022,Q2
OperatingIncomeLoss,income_statement,营业利润,USD,71467000000.0,2022-03-26,2021-09-26,10-Q,2023,Q2
OperatingIncomeLoss,income_statement,营业利润,USD,29979000000.0,2022-03-26,2021-12-26,10-Q,2022,Q2
OperatingIncomeLoss,income_statement,营业利润,USD,29979000000.0,2022-03-26,2021-12-26,10-Q,2023,Q2
OperatingIncomeLoss,income_statement,营业利润,USD,94543000000.0,2022-06-25,2021-09-26,10-Q,2022,Q3
OperatingIncomeLoss,income_statement,营业利润,USD,94543000000.0,2022-06-25,2021-09-26,10-Q,2023,Q3
OperatingIncomeLoss,income_statement,营业利润,USD,23076000000.0,2022-06-25,2022-03-27,10-Q,2022,Q3
OperatingIncomeLoss,income_statement,营业利润,USD,23076000000.0,2022-06-25,2022-03-27,10-Q,2023,Q3
OperatingIncomeLoss,income_statement,营业利润,USD,119437000000.0,2022-09-24,2021-09-26,10-K,2022,FY
OperatingIncomeLoss,income_statement,营业利润,USD,119437000000.0,2022-09-24,2021-09-26,10-K,2023,FY
OperatingIncomeLoss,income_statement,营业利润,USD,119437000000.0,2022-09-24,2021-09-26,10-K,2024,FY
OperatingIncomeLoss,income_statement,营业利润,USD,36016000000.0,2022-12-31,2022-09-25,10-Q,2023,Q1
OperatingIncomeLoss,income_statement,营业利润,USD,36016000000.0,2022-12-31,2022-09-25,10-Q,2024,Q1
OperatingIncomeLoss,income_statement,营业利润,USD,64334000000.0,2023-04-01,2022-09-25,10-Q,2023,Q2
OperatingIncomeLoss,income_statement,营业利润,USD,64334000000.0,2023-04-01,2022-09-25,10-Q,2024,Q2
OperatingIncomeLoss,income_statement,营业利润,USD,28318000000.0,2023-04-01,2023-01-01,10-Q,2023,Q2
OperatingIncomeLoss,income_statement,营业利润,USD,28318000000.0,2023-04-01,2023-01-01,10-Q,2024,Q2
OperatingIncomeLoss,income_statement,营业利润,USD,87332000000.0,2023-07-01,2022-09-25,10-Q,2023,Q3
OperatingIncomeLoss,income_statement,营业利润,USD,87332000000.0,2023-07-01,2022-09-25,10-Q,2024,Q3
OperatingIncomeLoss,income_statement,营业利润,USD,22998000000.0,2023-07-01,2023-04-02,10-Q,2023,Q3
OperatingIncomeLoss,income_statement,营业利润,USD,22998000000.0,2023-07-01,2023-04-02,10-Q,2024,Q3
OperatingIncomeLoss,income_statement,营业利润,USD,114301000000.0,2023-09-30,2022-09-25,10-K,2023,FY
OperatingIncomeLoss,income_statement,营业利润,USD,114301000000.0,2023-09-30,2022-09-25,10-K,2024,FY
OperatingIncomeLoss,income_statement,营业利润,USD,40373000000.0,2023-12-30,2023-10-01,10-Q,2024,Q1
OperatingIncomeLoss,income_statement,营业利润,USD,40373000000.0,2023-12-30,2023-10-01,10-Q,2025,Q1
OperatingIncomeLoss,income_statement,营业利润,USD,68273000000.0,2024-03-30,2023-10-01,10-Q,2024,Q2
OperatingIncomeLoss,income_statement,营业利润,USD,68273000000.0,2024-03-30,2023-10-01,10-Q,2025,Q2
OperatingIncomeLoss,income_statement,营业利润,USD,27900000000.0,2024-03-30,2023-12-31,10-Q,2024,Q2
OperatingIncomeLoss,income_statement,营业利润,USD,27900000000.0,2024-03-30,2023-12-31,10-Q,2025,Q2
OperatingIncomeLoss,income_statement,营业利润,USD,93625000000.0,2024-06-29,2023-10-01,10-Q,2024,Q3
OperatingIncomeLoss,income_statement,营业利润,USD,93625000000.0,2024-06-29,2023-10-01,10-Q,2025,Q3
OperatingIncomeLoss,income_statement,营业利润,USD,25352000000.0,2024-06-29,2024-03-31,10-Q,2024,Q3
OperatingIncomeLoss,income_statement,营业利润,USD,25352000000.0,2024-06-29,2024-03-31,10-Q,2025,Q3
OperatingIncomeLoss,income_statement,营业利润,USD,123216000000.0,2024-09-28,2023-10-01,10-K,2024,FY
OperatingIncomeLoss,income_statement,营业利润,USD,42832000000.0,2024-12-28,2024-09-29,10-Q,2025,Q1
OperatingIncomeLoss,income_statement,营业利润,USD,72421000000.0,2025-03-29,2024-09-29,10-Q,2025,Q2
OperatingIncomeLoss,income_statement,营业利润,USD,29589000000.0,2025-03-29,2024-12-29,10-Q,2025,Q2
OperatingIncomeLoss,income_statement,营业利润,USD,100623000000.0,2025-06-28,2024-09-29,10-Q,2025,Q3
OperatingIncomeLoss,income_statement,营业利润,USD,28202000000.0,2025-06-28,2025-03-30,10-Q,2025,Q3
NetIncomeLoss,income_statement,净利润,USD,52385000000.0,2021-03-27,2020-09-27,10-Q,2021,Q2
NetIncomeLoss,income_statement,净利润,USD,52385000000.0,2021-03-27,2020-09-27,10-Q,2022,Q2
NetIncomeLoss,income_statement,净利润,USD,23630000000.0,2021-03-27,2020-12-27,10-Q,2021,Q2
NetIncomeLoss,income_statement,净利润,USD,23630000000.0,2021-03-27,2020-12-27,10-Q,2022,Q2
NetIncomeLoss,income_statement,净利润,USD,74129000000.0,2021-06-26,2020-09-27,10-Q,2021,Q3
NetIncomeLoss,income_statement,净利润,USD,74129000000.0,2021-06-26,2020-09-27,10-Q,2022,Q3
NetIncomeLoss,income_statement,净利润,USD,21744000000.0,2021-06-26,2021-03-28,10-Q,2021,Q3
NetIncomeLoss,income_statement,净利润,USD,21744000000.0,2021-06-26,2021-03-28,10-Q,2022,Q3
NetIncomeLoss,income_statement,净利润,USD,94680000000.0,2021-09-25,2020-09-27,10-K,2021,FY
NetIncomeLoss,income_statement,净利润,USD,94680000000.0,2021-09-25,2020-09-27,10-K,2022,FY
NetIncomeLoss,income_statement,净利润,USD,94680000000.0,2021-09-25,2020-09-27,10-K,2023,FY
NetIncomeLoss,income_statement,净利润,USD,34630000000.0,2021-12-25,2021-09-26,10-Q,2022,Q1
NetIncomeLoss,income_statement,净利润,USD,34630000000.0,2021-12-25,2021-09-26,10-Q,2023,Q1
NetIncomeLoss,income_statement,净利润,USD,59640000000.0,2022-03-26,2021-09-26,10-Q,2022,Q2
NetIncomeLoss,income_statement,净利润,USD,59640000000.0,2022-03-26,2021-09-26,10-Q,2023,Q2
NetIncomeLoss,income_statement,净利润,USD,25010000000.0,2022-03-26,2021-12-26,10-Q,2022,Q2
NetIncomeLoss,income_statement,净利润,USD,25010000000.0,2022-03-26,2021-12-26,10-Q,2023,Q2
NetIncomeLoss,income_statement,净利润,USD,79082000000.0,2022-06-25,2021-09-26,10-Q,2022,Q3
NetIncomeLoss,income_statement,净利润,USD,79082000000.0,2022-06-25,2021-09-26,10-Q,2023,Q3
NetIncomeLoss,income_statement,净利润,USD,19442000000.0,2022-06-25,2022-03-27,10-Q,2022,Q3
NetIncomeLoss,income_statement,净利润,USD,19442000000.0,2022-06-25,2022-03-27,10-Q,2023,Q3
NetIncomeLoss,income_statement,净利润,USD,99803000000.0,2022-09-24,2021-09-26,10-K,2022,FY
NetIncomeLoss,income_statement,净利润,USD,99803000000.0,2022-09-24,2021-09-26,10-K,2023,FY
NetIncomeLoss,income_statement,净利润,USD,99803000000.0,2022-09-24,2021-09-26,10-K,2024,FY
NetIncomeLoss,income_statement,净利润,USD,29998000000.0,2022-12-31,2022-09-25,10-Q,2023,Q1
NetIncomeLoss,income_statement,净利润,USD,29998000000.0,2022-12-31,2022-09-25,10-Q,2024,Q1
NetIncomeLoss,income_statement,净利润,USD,54158000000.0,2023-04-01,2022-09-25,10-Q,2023,Q2
NetIncomeLoss,income_statement,净利润,USD,54158000000.0,2023-04-01,2022-09-25,10-Q,2024,Q2
NetIncomeLoss,income_statement,净利润,USD,24160000000.0,2023-04-01,2023-01-01,10-Q,2023,Q2
NetIncomeLoss,income_statement,净利润,USD,24160000000.0,2023-04-01,2023-01-01,10-Q,2024,Q2
NetIncomeLoss,income_statement,净利润,USD,74039000000.0,2023-07-01,2022-09-25,10-Q,2023,Q3
NetIncomeLoss,income_statement,净利润,USD,74039000000.0,2023-07-01,2022-09-25,10-Q,2024,Q3
NetIncomeLoss,income_statement,净利润,USD,19881000000.0,2023-07-01,2023-04-02,10-Q,2023,Q3
NetIncomeLoss,income_statement,净利润,USD,19881000000.0,2023-07-01,2023-04-02,10-Q,2024,Q3
NetIncomeLoss,income_statement,净利润,USD,96995000000.0,2023-09-30,2022-09-25,10-K,2023,FY
NetIncomeLoss,income_statement,净利润,USD,96995000000.0,2023-09-30,2022-09-25,10-K,2024,FY
NetIncomeLoss,income_statement,净利润,USD,33916000000.0,2023-12-30,2023-10-01,10-Q,2024,Q1
NetIncomeLoss,income_statement,净利润,USD,33916000000.0,2023-12-30,2023-10-01,10-Q,2025,Q1
NetIncomeLoss,income_statement,净利润,USD,57552000000.0,2024-03-30,2023-10-01,10-Q,2024,Q2
NetIncomeLoss,income_statement,净利润,USD,57552000000.0,2024-03-30,2023-10-01,10-Q,2025,Q2
NetIncomeLoss,income_statement,净利润,USD,23636000000.0,2024-03-30,2023-12-31,10-Q,2024,Q2
NetIncomeLoss,income_statement,净利润,USD,23636000000.0,2024-03-30,2023-12-31,10-Q,2025,Q2
NetIncomeLoss,income_statement,净利润,USD,79000000000.0,2024-06-29,2023-10-01,10-Q,2024,Q3
NetIncomeLoss,income_statement,净利润,USD,79000000000.0,2024-06-29,2023-10-01,10-Q,2025,Q3
NetIncomeLoss,income_statement,净利润,USD,21448000000.0,2024-06-29,2024-03-31,10-Q,2024,Q3
NetIncomeLoss,income_statement,净利润,USD,21448000000.0,2024-06-29,2024-03-31,10-Q,2025,Q3
NetIncomeLoss,income_statement,净利润,USD,93736000000.0,2024-09-28,2023-10-01,10-K,2024,FY
NetIncomeLoss,income_statement,净利润,USD,36330000000.0,2024-12-28,2024-09-29,10-Q,2025,Q1
NetIncomeLoss,income_statement,净利润,USD,61110000000.0,2025-03-29,2024-09-29,10-Q,2025,Q2
NetIncomeLoss,income_statement,净利润,USD,24780000000.0,2025-03-29,2024-12-29,10-Q,2025,Q2
NetIncomeLoss,income_statement,净利润,USD,84544000000.0,2025-06-28,2024-09-29,10-Q,2025,Q3
NetIncomeLoss,income_statement,净利润,USD,23434000000.0,2025-06-28,2025-03-30,10-Q,2025,Q3
EarningsPerShareBasic,income_statement,基本每股收益,USD/shares,3.11,2021-03-27,2020-09-27,10-Q,2021,Q2
EarningsPerShareBasic,income_statement,基本每股收益,USD/shares,3.11,2021-03-27,2020-09-27,10-Q,2022,Q2
EarningsPerShareBasic,income_statement,基本每股收益,USD/shares,1.41,2021-03-27,2020-12-27,10-Q,2021,Q2
EarningsPerShareBasic,income_statement,基本每股收益,USD/shares,1.41,2021-03-27,2020-12-27,10-Q,2022,Q2
EarningsPerShareBasic,income_statement,基本每股收益,USD/shares,4.42,2021-06-26,2020-09-27,10-Q,2021,Q3
EarningsPerShareBasic,income_statement,基本每股收益,USD/shares,4.42,2021-06-26,2020-09-27,10-Q,2022,Q3
EarningsPerShareBasic,income_statement,基本每股收益,USD/shares,1.31,2021-06-26,2021-03-28,10-Q,2021,Q3
EarningsPerShareBasic,income_statement,基本每股收益,USD/shares,1.31,2021-06-26,2021-03-28,10-Q,2022,Q3
EarningsPerShareBasic,income_statement,基本每股收益,USD/shares,5.67,2021-09-25,2020-09-27,10-K,2021,FY
EarningsPerShareBasic,income_statement,基本每股收益,USD/shares,5.67,2021-09-25,2020-09-27,10-K,2022,FY
EarningsPerShareBasic,income_statement,基本每股收益,USD/shares,5.67,2021-09-25,2020-09-27,10-K,2023,FY
EarningsPerShareBasic,income_statement,基本每股收益,USD/shares,2.11,2021-12-25,2021-09-26,10-Q,2022,Q1
EarningsPerShareBasic,income_statement,基本每股收益,USD/shares,2.11,2021-12-25,2021-09-26,10-Q,2023,Q1
EarningsPerShareBasic,income_statement,基本每股收益,USD/shares,3.65,2022-03-26,2021-09-26,10-Q,2022,Q2
EarningsPerShareBasic,income_statement,基本每股收益,USD/shares,3.65,2022-03-26,2021-09-26,10-Q,2023,Q2
EarningsPerShareBasic,income_statement,基本每股收益,USD/shares,1.54,2022-03-26,2021-12-26,10-Q,2022,Q2
EarningsPerShareBasic,income_statement,基本每股收益,USD/shares,1.54,2022-03-26,2021-12-26,10-Q,2023,Q2
EarningsPerShareBasic,income_statement,基本每股收益,USD/shares,4.86,2022-06-25,2021-09-26,10-Q,2022,Q3
EarningsPerShareBasic,income_statement,基本每股收益,USD/shares,4.86,2022-06-25,2021-09-26,10-Q,2023,Q3
EarningsPerShareBasic,income_statement,基本每股收益,USD/shares,1.2,2022-06-25,2022-03-27,10-Q,2022,Q3
EarningsPerShareBasic,income_statement,基本每股收益,USD/shares,1.2,2022-06-25,2022-03-27,10-Q,2023,Q3
EarningsPerShareBasic,income_statement,基本每股收益,USD/shares,6.15,2022-09-24,2021-09-26,10-K,2022,FY
EarningsPerShareBasic,income_statement,基本每股收益,USD/shares,6.15,2022-09-24,2021-09-26,10-K,2023,FY
EarningsPerShareBasic,income_statement,基本每股收益,USD/shares,6.15,2022-09-24,2021-09-26,10-K,2024,FY
EarningsPerShareBasic,income_statement,基本每股收益,USD/shares,1.89,2022-12-31,2022-09-25,10-Q,2023,Q1
EarningsPerShareBasic,income_statement,基本每股收益,USD/shares,1.89,2022-12-31,2022-09-25,10-Q,2024,Q1
EarningsPerShareBasic,income_statement,基本每股收益,USD/shares,3.42,2023-04-01,2022-09-25,10-Q,2023,Q2
EarningsPerShareBasic,income_statement,基本每股收益,USD/shares,3.42,2023-04-01,2022-09-25,10-Q,2024,Q2
EarningsPerShareBasic,income_statement,基本每股收益,USD/shares,1.53,2023-04-01,2023-01-01,10-Q,2023,Q2
EarningsPerShareBasic,income_statement,基本每股收益,USD/shares,1.53,2023-04-01,2023-01-01,10-Q,2024,Q2
EarningsPerShareBasic,income_statement,基本每股收益,USD/shares,4.69,2023-07-01,2022-09-25,10-Q,2023,Q3
EarningsPerShareBasic,income_statement,基本每股收益,USD/shares,4.69,2023-07-01,2022-09-25,10-Q,2024,Q3
EarningsPerShareBasic,income_statement,基本每股收益,USD/shares,1.27,2023-07-01,2023-04-02,10-Q,2023,Q3
EarningsPerShareBasic,income_statement,基本每股收益,USD/shares,1.27,2023-07-01,2023-04-02,10-Q,2024,Q3
EarningsPerShareBasic,income_statement,基本每股收益,USD/shares,6.16,2023-09-30,2022-09-25,10-K,2023,FY
EarningsPerShareBasic,income_statement,基本每股收益,USD/shares,6.16,2023-09-30,2022-09-25,10-K,2024,FY
EarningsPerShareBasic,income_statement,基本每股收益,USD/shares,2.19,2023-12-30,2023-10-01,10-Q,2024,Q1
EarningsPerShareBasic,income_statement,基本每股收益,USD/shares,2.19,2023-12-30,2023-10-01,10-Q,2025,Q1
EarningsPerShareBasic,income_statement,基本每股收益,USD/shares,3.72,2024-03-30,2023-10-01,10-Q,2024,Q2
EarningsPerShareBasic,income_statement,基本每股收益,USD/shares,3.72,2024-03-30,2023-10-01,10-Q,2025,Q2
EarningsPerShareBasic,income_statement,基本每股收益,USD/shares,1.53,2024-03-30,2023-12-31,10-Q,2024,Q2
EarningsPerShareBasic,income_statement,基本每股收益,USD/shares,1.53,2024-03-30,2023-12-31,10-Q,2025,Q2
EarningsPerShareBasic,income_statement,基本每股收益,USD/shares,5.13,2024-06-29,2023-10-01,10-Q,2024,Q3
EarningsPerShareBasic,income_statement,基本每股收益,USD/shares,5.13,2024-06-29,2023-10-01,10-Q,2025,Q3
EarningsPerShareBasic,income_statement,基本每股收益,USD/shares,1.4,2024-06-29,2024-03-31,10-Q,2024,Q3
EarningsPerShareBasic,income_statement,基本每股收益,USD/shares,1.4,2024-06-29,2024-03-31,10-Q,2025,Q3
EarningsPerShareBasic,income_statement,基本每股收益,USD/shares,6.11,2024-09-28,2023-10-01,10-K,2024,FY
EarningsPerShareBasic,income_statement,基本每股收益,USD/shares,2.41,2024-12-28,2024-09-29,10-Q,2025,Q1
EarningsPerShareBasic,income_statement,基本每股收益,USD/shares,4.06,2025-03-29,2024-09-29,10-Q,2025,Q2
EarningsPerShareBasic,income_statement,基本每股收益,USD/shares,1.65,2025-03-29,2024-12-29,10-Q,2025,Q2
EarningsPerShareBasic,income_statement,基本每股收益,USD/shares,5.64,2025-06-28,2024-09-29,10-Q,2025,Q3
EarningsPerShareBasic,income_statement,基本每股收益,USD/shares,1.57,2025-06-28,2025-03-30,10-Q,2025,Q3
EarningsPerShareDiluted,income_statement,稀释每股收益,USD/shares,3.08,2021-03-27,2020-09-27,10-Q,2021,Q2
EarningsPerShareDiluted,income_statement,稀释每股收益,USD/shares,3.08,2021-03-27,2020-09-27,10-Q,2022,Q2
EarningsPerShareDiluted,income_statement,稀释每股收益,USD/shares,1.4,2021-03-27,2020-12-27,10-Q,2021,Q2
EarningsPerShareDiluted,income_statement,稀释每股收益,USD/shares,1.4,2021-03-27,2020-12-27,10-Q,2022,Q2
EarningsPerShareDiluted,income_statement,稀释每股收益,USD/shares,4.38,2021-06-26,2020-09-27,10-Q,2021,Q3
EarningsPerShareDiluted,income_statement,稀释每股收益,USD/shares,4.38,2021-06-26,2020-09-27,10-Q,2022,Q3
EarningsPerShareDiluted,income_statement,稀释每股收益,USD/shares,1.3,2021-06-26,2021-03-28,10-Q,2021,Q3
EarningsPerShareDiluted,income_statement,稀释每股收益,USD/shares,1.3,2021-06-26,2021-03-28,10-Q,2022,Q3
EarningsPerShareDiluted,income_statement,稀释每股收益,USD/shares,5.61,2021-09-25,2020-09-27,10-K,2021,FY
EarningsPerShareDiluted,income_statement,稀释每股收益,USD/shares,5.61,2021-09-25,2020-09-27,10-K,2022,FY
EarningsPerShareDiluted,income_statement,稀释每股收益,USD/shares,5.61,2021-09-25,2020-09-27,10-K,2023,FY
EarningsPerShareDiluted,income_statement,稀释每股收益,USD/shares,2.1,2021-12-25,2021-09-26,10-Q,2022,Q1
EarningsPerShareDiluted,income_statement,稀释每股收益,USD/shares,2.1,2021-12-25,2021-09-26,10-Q,2023,Q1
EarningsPerShareDiluted,income_statement,稀释每股收益,USD/shares,3.62,2022-03-26,2021-09-26,10-Q,2022,Q2
EarningsPerShareDiluted,income_statement,稀释每股收益,USD/shares,3.62,2022-03-26,2021-09-26,10-Q,2023,Q2
EarningsPerShareDiluted,income_statement,稀释每股收益,USD/shares,1.52,2022-03-26,2021-12-26,10-Q,2022,Q2
EarningsPerShareDiluted,income_statement,稀释每股收益,USD/shares,1.52,2022-03-26,2021-12-26,10-Q,2023,Q2
EarningsPerShareDiluted,income_statement,稀释每股收益,USD/shares,4.82,2022-06-25,2021-09-26,10-Q,2022,Q3
EarningsPerShareDiluted,income_statement,稀释每股收益,USD/shares,4.82,2022-06-25,2021-09-26,10-Q,2023,Q3
EarningsPerShareDiluted,income_statement,稀释每股收益,USD/shares,1.2,2022-06-25,2022-03-27,10-Q,2022,Q3
EarningsPerShareDiluted,income_statement,稀释每股收益,USD/shares,1.2,2022-06-25,2022-03-27,10-Q,2023,Q3
EarningsPerShareDiluted,income_statement,稀释每股收益,USD/shares,6.11,2022-09-24,2021-09-26,10-K,2022,FY
EarningsPerShareDiluted,income_statement,稀释每股收益,USD/shares,6.11,2022-09-24,2021-09-26,10-K,2023,FY
EarningsPerShareDiluted,income_statement,稀释每股收益,USD/shares,6.11,2022-09-24,2021-09-26,10-K,2024,FY
EarningsPerShareDiluted,income_statement,稀释每股收益,USD/shares,1.88,2022-12-31,2022-09-25,10-Q,2023,Q1
EarningsPerShareDiluted,income_statement,稀释每股收益,USD/shares,1.88,2022-12-31,2022-09-25,10-Q,2024,Q1
EarningsPerShareDiluted,income_statement,稀释每股收益,USD/shares,3.41,2023-04-01,2022-09-25,10-Q,2023,Q2
EarningsPerShareDiluted,income_statement,稀释每股收益,USD/shares,3.41,2023-04-01,2022-09-25,10-Q,2024,Q2
EarningsPerShareDiluted,income_statement,稀释每股收益,USD/shares,1.52,2023-04-01,2023-01-01,10-Q,2023,Q2
EarningsPerShareDiluted,income_statement,稀释每股收益,USD/shares,1.52,2023-04-01,2023-01-01,10-Q,2024,Q2
EarningsPerShareDiluted,income_statement,稀释每股收益,USD/shares,4.67,2023-07-01,2022-09-25,10-Q,2023,Q3
EarningsPerShareDiluted,income_statement,稀释每股收益,USD/shares,4.67,2023-07-01,2022-09-25,10-Q,2024,Q3
EarningsPerShareDiluted,income_statement,稀释每股收益,USD/shares,1.26,2023-07-01,2023-04-02,10-Q,2023,Q3
EarningsPerShareDiluted,income_statement,稀释每股收益,USD/shares,1.26,2023-07-01,2023-04-02,10-Q,2024,Q3
EarningsPerShareDiluted,income_statement,稀释每股收益,USD/shares,6.13,2023-09-30,2022-09-25,10-K,2023,FY
EarningsPerShareDiluted,income_statement,稀释每股收益,USD/shares,6.13,2023-09-30,2022-09-25,10-K,2024,FY
EarningsPerShareDiluted,income_statement,稀释每股收益,USD/shares,2.18,2023-12-30,2023-10-01,10-Q,2024,Q1
EarningsPerShareDiluted,income_statement,稀释每股收益,USD/shares,2.18,2023-12-30,2023-10-01,10-Q,2025,Q1
EarningsPerShareDiluted,income_statement,稀释每股收益,USD/shares,3.71,2024-03-30,2023-10-01,10-Q,2024,Q2
EarningsPerShareDiluted,income_statement,稀释每股收益,USD/shares,3.71,2024-03-30,2023-10-01,10-Q,2025,Q2
EarningsPerShareDiluted,income_statement,稀释每股收益,USD/shares,1.53,2024-03-30,2023-12-31,10-Q,2024,Q2
EarningsPerShareDiluted,income_statement,稀释每股收益,USD/shares,1.53,2024-03-30,2023-12-31,10-Q,2025,Q2
EarningsPerShareDiluted,income_statement,稀释每股收益,USD/shares,5.11,2024-06-29,2023-10-01,10-Q,2024,Q3
EarningsPerShareDiluted,income_statement,稀释每股收益,USD/shares,5.11,2024-06-29,2023-10-01,10-Q,2025,Q3
EarningsPerShareDiluted,income_statement,稀释每股收益,USD/shares,1.4,2024-06-29,2024-03-31,10-Q,2024,Q3
EarningsPerShareDiluted,income_statement,稀释每股收益,USD/shares,1.4,2024-06-29,2024-03-31,10-Q,2025,Q3
EarningsPerShareDiluted,income_statement,稀释每股收益,USD/shares,6.08,2024-09-28,2023-10-01,10-K,2024,FY
EarningsPerShareDiluted,income_statement,稀释每股收益,USD/shares,2.4,2024-12-28,2024-09-29,10-Q,2025,Q1
EarningsPerShareDiluted,income_statement,稀释每股收益,USD/shares,4.05,2025-03-29,2024-09-29,10-Q,2025,Q2
EarningsPerShareDiluted,income_statement,稀释每股收益,USD/shares,1.65,2025-03-29,2024-12-29,10-Q,2025,Q2
EarningsPerShareDiluted,income_statement,稀释每股收益,USD/shares,5.62,2025-06-28,2024-09-29,10-Q,2025,Q3
EarningsPerShareDiluted,income_statement,稀释每股收益,USD/shares,1.57,2025-06-28,2025-03-30,10-Q,2025,Q3
DepreciationDepletionAndAmortization,income_statement,折旧摊销,USD,5463000000.0,2021-03-27,2020-09-27,10-Q,2021,Q2
DepreciationDepletionAndAmortization,income_statement,折旧摊销,USD,5463000000.0,2021-03-27,2020-09-27,10-Q,2022,Q2
DepreciationDepletionAndAmortization,income_statement,折旧摊销,USD,8295000000.0,2021-06-26,2020-09-27,10-Q,2021,Q3
DepreciationDepletionAndAmortization,income_statement,折旧摊销,USD,8295000000.0,2021-06-26,2020-09-27,10-Q,2022,Q3
DepreciationDepletionAndAmortization,income_statement,折旧摊销,USD,11284000000.0,2021-09-25,2020-09-27,10-K,2021,FY
DepreciationDepletionAndAmortization,income_statement,折旧摊销,USD,11284000000.0,2021-09-25,2020-09-27,10-K,2022,FY
DepreciationDepletionAndAmortization,income_statement,折旧摊销,USD,11284000000.0,2021-09-25,2020-09-27,10-K,2023,FY
DepreciationDepletionAndAmortization,income_statement,折旧摊销,USD,2697000000.0,2021-12-25,2021-09-26,10-Q,2022,Q1
DepreciationDepletionAndAmortization,income_statement,折旧摊销,USD,2697000000.0,2021-12-25,2021-09-26,10-Q,2023,Q1
DepreciationDepletionAndAmortization,income_statement,折旧摊销,USD,5434000000.0,2022-03-26,2021-09-26,10-Q,2022,Q2
DepreciationDepletionAndAmortization,income_statement,折旧摊销,USD,5434000000.0,2022-03-26,2021-09-26,10-Q,2023,Q2
DepreciationDepletionAndAmortization,income_statement,折旧摊销,USD,8239000000.0,2022-06-25,2021-09-26,10-Q,2022,Q3
DepreciationDepletionAndAmortization,income_statement,折旧摊销,USD,8239000000.0,2022-06-25,2021-09-26,10-Q,2023,Q3
DepreciationDepletionAndAmortization,income_statement,折旧摊销,USD,11104000000.0,2022-09-24,2021-09-26,10-K,2022,FY
DepreciationDepletionAndAmortization,income_statement,折旧摊销,USD,11104000000.0,2022-09-24,2021-09-26,10-K,2023,FY
DepreciationDepletionAndAmortization,income_statement,折旧摊销,USD,11104000000.0,2022-09-24,2021-09-26,10-K,2024,FY
DepreciationDepletionAndAmortization,income_statement,折旧摊销,USD,2916000000.0,2022-12-31,2022-09-25,10-Q,2023,Q1
DepreciationDepletionAndAmortization,income_statement,折旧摊销,USD,2916000000.0,2022-12-31,2022-09-25,10-Q,2024,Q1
DepreciationDepletionAndAmortization,income_statement,折旧摊销,USD,5814000000.0,2023-04-01,2022-09-25,10-Q,2023,Q2
DepreciationDepletionAndAmortization,income_statement,折旧摊销,USD,5814000000.0,2023-04-01,2022-09-25,10-Q,2024,Q2
DepreciationDepletionAndAmortization,income_statement,折旧摊销,USD,8866000000.0,2023-07-01,2022-09-25,10-Q,2023,Q3
DepreciationDepletionAndAmortization,income_statement,折旧摊销,USD,8866000000.0,2023-07-01,2022-09-25,10-Q,2024,Q3
DepreciationDepletionAndAmortization,income_statement,折旧摊销,USD,11519000000.0,2023-09-30,2022-09-25,10-K,2023,FY
DepreciationDepletionAndAmortization,income_statement,折旧摊销,USD,11519000000.0,2023-09-30,2022-09-25,10-K,2024,FY
DepreciationDepletionAndAmortization,income_statement,折旧摊销,USD,2848000000.0,2023-12-30,2023-10-01,10-Q,2024,Q1
DepreciationDepletionAndAmortization,income_statement,折旧摊销,USD,2848000000.0,2023-12-30,2023-10-01,10-Q,2025,Q1
DepreciationDepletionAndAmortization,income_statement,折旧摊销,USD,5684000000.0,2024-03-30,2023-10-01,10-Q,2024,Q2
DepreciationDepletionAndAmortization,income_statement,折旧摊销,USD,5684000000.0,2024-03-30,2023-10-01,10-Q,2025,Q2
DepreciationDepletionAndAmortization,income_statement,折旧摊销,USD,8534000000.0,2024-06-29,2023-10-01,10-Q,2024,Q3
DepreciationDepletionAndAmortization,income_statement,折旧摊销,USD,8534000000.0,2024-06-29,2023-10-01,10-Q,2025,Q3
DepreciationDepletionAndAmortization,income_statement,折旧摊销,USD,11445000000.0,2024-09-28,2023-10-01,10-K,2024,FY
DepreciationDepletionAndAmortization,income_statement,折旧摊销,USD,3080000000.0,2024-12-28,2024-09-29,10-Q,2025,Q1
DepreciationDepletionAndAmortization,income_statement,折旧摊销,USD,5741000000.0,2025-03-29,2024-09-29,10-Q,2025,Q2
DepreciationDepletionAndAmortization,income_statement,折旧摊销,USD,8571000000.0,2025-06-28,2024-09-29,10-Q,2025,Q3
