concept,category,chinese_name,unit,value,end_date,start_date,form,fiscal_year,fiscal_period
Assets,balance_sheet,总资产,USD,327095000000.0,2021-03-31,,10-Q,2021,Q1
Assets,balance_sheet,总资产,USD,335387000000.0,2021-06-30,,10-Q,2021,Q2
Assets,balance_sheet,总资产,USD,347403000000.0,2021-09-30,,10-Q,2021,Q3
Assets,balance_sheet,总资产,USD,359268000000.0,2021-12-31,,10-K,2021,FY
Assets,balance_sheet,总资产,USD,359268000000.0,2021-12-31,,10-Q,2022,Q1
Assets,balance_sheet,总资产,USD,359268000000.0,2021-12-31,,10-Q,2022,Q2
Assets,balance_sheet,总资产,USD,359268000000.0,2021-12-31,,10-Q,2022,Q3
Assets,balance_sheet,总资产,USD,359268000000.0,2021-12-31,,10-K,2022,FY
Assets,balance_sheet,总资产,USD,357096000000.0,2022-03-31,,10-Q,2022,Q1
Assets,balance_sheet,总资产,USD,355185000000.0,2022-06-30,,10-Q,2022,Q2
Assets,balance_sheet,总资产,USD,358255000000.0,2022-09-30,,10-Q,2022,Q3
Assets,balance_sheet,总资产,USD,365264000000.0,2022-12-31,,10-K,2022,FY
Assets,balance_sheet,总资产,USD,365264000000.0,2022-12-31,,10-Q,2023,Q1
Assets,balance_sheet,总资产,USD,365264000000.0,2022-12-31,,10-Q,2023,Q2
Assets,balance_sheet,总资产,USD,365264000000.0,2022-12-31,,10-Q,2023,Q3
Assets,balance_sheet,总资产,USD,365264000000.0,2022-12-31,,10-K,2023,FY
Assets,balance_sheet,总资产,USD,369491000000.0,2023-03-31,,10-Q,2023,Q1
Assets,balance_sheet,总资产,USD,383044000000.0,2023-06-30,,10-Q,2023,Q2
Assets,balance_sheet,总资产,USD,396711000000.0,2023-09-30,,10-Q,2023,Q3
Assets,balance_sheet,总资产,USD,402392000000.0,2023-12-31,,10-K,2023,FY
Assets,balance_sheet,总资产,USD,402392000000.0,2023-12-31,,10-Q,2024,Q1
Assets,balance_sheet,总资产,USD,402392000000.0,2023-12-31,,10-Q,2024,Q2
Assets,balance_sheet,总资产,USD,402392000000.0,2023-12-31,,10-Q,2024,Q3
Assets,balance_sheet,总资产,USD,402392000000.0,2023-12-31,,10-K,2024,FY
Assets,balance_sheet,总资产,USD,407350000000.0,2024-03-31,,10-Q,2024,Q1
Assets,balance_sheet,总资产,USD,414770000000.0,2024-06-30,,10-Q,2024,Q2
Assets,balance_sheet,总资产,USD,430266000000.0,2024-09-30,,10-Q,2024,Q3
Assets,balance_sheet,总资产,USD,450256000000.0,2024-12-31,,10-K,2024,FY
Assets,balance_sheet,总资产,USD,450256000000.0,2024-12-31,,10-Q,2025,Q1
Assets,balance_sheet,总资产,USD,450256000000.0,2024-12-31,,10-Q,2025,Q2
Assets,balance_sheet,总资产,USD,475374000000.0,2025-03-31,,10-Q,2025,Q1
Assets,balance_sheet,总资产,USD,502053000000.0,2025-06-30,,10-Q,2025,Q2
AssetsCurrent,balance_sheet,流动资产,USD,172137000000.0,2021-03-31,,10-Q,2021,Q1
AssetsCurrent,balance_sheet,流动资产,USD,175697000000.0,2021-06-30,,10-Q,2021,Q2
AssetsCurrent,balance_sheet,流动资产,USD,184110000000.0,2021-09-30,,10-Q,2021,Q3
AssetsCurrent,balance_sheet,流动资产,USD,188143000000.0,2021-12-31,,10-K,2021,FY
AssetsCurrent,balance_sheet,流动资产,USD,188143000000.0,2021-12-31,,10-Q,2022,Q1
AssetsCurrent,balance_sheet,流动资产,USD,188143000000.0,2021-12-31,,10-Q,2022,Q2
AssetsCurrent,balance_sheet,流动资产,USD,188143000000.0,2021-12-31,,10-Q,2022,Q3
AssetsCurrent,balance_sheet,流动资产,USD,188143000000.0,2021-12-31,,10-K,2022,FY
AssetsCurrent,balance_sheet,流动资产,USD,177853000000.0,2022-03-31,,10-Q,2022,Q1
AssetsCurrent,balance_sheet,流动资产,USD,172371000000.0,2022-06-30,,10-Q,2022,Q2
AssetsCurrent,balance_sheet,流动资产,USD,166109000000.0,2022-09-30,,10-Q,2022,Q3
AssetsCurrent,balance_sheet,流动资产,USD,164795000000.0,2022-12-31,,10-K,2022,FY
AssetsCurrent,balance_sheet,流动资产,USD,164795000000.0,2022-12-31,,10-Q,2023,Q1
AssetsCurrent,balance_sheet,流动资产,USD,164795000000.0,2022-12-31,,10-Q,2023,Q2
AssetsCurrent,balance_sheet,流动资产,USD,164795000000.0,2022-12-31,,10-Q,2023,Q3
AssetsCurrent,balance_sheet,流动资产,USD,164795000000.0,2022-12-31,,10-K,2023,FY
AssetsCurrent,balance_sheet,流动资产,USD,161985000000.0,2023-03-31,,10-Q,2023,Q1
AssetsCurrent,balance_sheet,流动资产,USD,168788000000.0,2023-06-30,,10-Q,2023,Q2
AssetsCurrent,balance_sheet,流动资产,USD,176310000000.0,2023-09-30,,10-Q,2023,Q3
AssetsCurrent,balance_sheet,流动资产,USD,171530000000.0,2023-12-31,,10-K,2023,FY
AssetsCurrent,balance_sheet,流动资产,USD,171530000000.0,2023-12-31,,10-Q,2024,Q1
AssetsCurrent,balance_sheet,流动资产,USD,171530000000.0,2023-12-31,,10-Q,2024,Q2
AssetsCurrent,balance_sheet,流动资产,USD,171530000000.0,2023-12-31,,10-Q,2024,Q3
AssetsCurrent,balance_sheet,流动资产,USD,171530000000.0,2023-12-31,,10-K,2024,FY
AssetsCurrent,balance_sheet,流动资产,USD,165471000000.0,2024-03-31,,10-Q,2024,Q1
AssetsCurrent,balance_sheet,流动资产,USD,161995000000.0,2024-06-30,,10-Q,2024,Q2
AssetsCurrent,balance_sheet,流动资产,USD,157541000000.0,2024-09-30,,10-Q,2024,Q3
AssetsCurrent,balance_sheet,流动资产,USD,163711000000.0,2024-12-31,,10-K,2024,FY
AssetsCurrent,balance_sheet,流动资产,USD,163711000000.0,2024-12-31,,10-Q,2025,Q1
AssetsCurrent,balance_sheet,流动资产,USD,163711000000.0,2024-12-31,,10-Q,2025,Q2
AssetsCurrent,balance_sheet,流动资产,USD,162052000000.0,2025-03-31,,10-Q,2025,Q1
AssetsCurrent,balance_sheet,流动资产,USD,166216000000.0,2025-06-30,,10-Q,2025,Q2
CashAndCashEquivalentsAtCarryingValue,balance_sheet,现金及现金等价物,USD,26622000000.0,2021-03-31,,10-Q,2021,Q1
CashAndCashEquivalentsAtCarryingValue,balance_sheet,现金及现金等价物,USD,23630000000.0,2021-06-30,,10-Q,2021,Q2
CashAndCashEquivalentsAtCarryingValue,balance_sheet,现金及现金等价物,USD,23719000000.0,2021-09-30,,10-Q,2021,Q3
CashAndCashEquivalentsAtCarryingValue,balance_sheet,现金及现金等价物,USD,20945000000.0,2021-12-31,,10-K,2021,FY
CashAndCashEquivalentsAtCarryingValue,balance_sheet,现金及现金等价物,USD,20945000000.0,2021-12-31,,10-Q,2022,Q1
CashAndCashEquivalentsAtCarryingValue,balance_sheet,现金及现金等价物,USD,20945000000.0,2021-12-31,,10-Q,2022,Q2
CashAndCashEquivalentsAtCarryingValue,balance_sheet,现金及现金等价物,USD,20945000000.0,2021-12-31,,10-Q,2022,Q3
CashAndCashEquivalentsAtCarryingValue,balance_sheet,现金及现金等价物,USD,20945000000.0,2021-12-31,,10-K,2022,FY
CashAndCashEquivalentsAtCarryingValue,balance_sheet,现金及现金等价物,USD,20886000000.0,2022-03-31,,10-Q,2022,Q1
CashAndCashEquivalentsAtCarryingValue,balance_sheet,现金及现金等价物,USD,17936000000.0,2022-06-30,,10-Q,2022,Q2
CashAndCashEquivalentsAtCarryingValue,balance_sheet,现金及现金等价物,USD,21984000000.0,2022-09-30,,10-Q,2022,Q3
CashAndCashEquivalentsAtCarryingValue,balance_sheet,现金及现金等价物,USD,21879000000.0,2022-12-31,,10-K,2022,FY
CashAndCashEquivalentsAtCarryingValue,balance_sheet,现金及现金等价物,USD,21879000000.0,2022-12-31,,10-Q,2023,Q1
CashAndCashEquivalentsAtCarryingValue,balance_sheet,现金及现金等价物,USD,21879000000.0,2022-12-31,,10-Q,2023,Q2
CashAndCashEquivalentsAtCarryingValue,balance_sheet,现金及现金等价物,USD,21879000000.0,2022-12-31,,10-Q,2023,Q3
CashAndCashEquivalentsAtCarryingValue,balance_sheet,现金及现金等价物,USD,21879000000.0,2022-12-31,,10-K,2023,FY
CashAndCashEquivalentsAtCarryingValue,balance_sheet,现金及现金等价物,USD,25924000000.0,2023-03-31,,10-Q,2023,Q1
CashAndCashEquivalentsAtCarryingValue,balance_sheet,现金及现金等价物,USD,25929000000.0,2023-06-30,,10-Q,2023,Q2
CashAndCashEquivalentsAtCarryingValue,balance_sheet,现金及现金等价物,USD,30702000000.0,2023-09-30,,10-Q,2023,Q3
CashAndCashEquivalentsAtCarryingValue,balance_sheet,现金及现金等价物,USD,24048000000.0,2023-12-31,,10-K,2023,FY
CashAndCashEquivalentsAtCarryingValue,balance_sheet,现金及现金等价物,USD,24048000000.0,2023-12-31,,10-Q,2024,Q1
CashAndCashEquivalentsAtCarryingValue,balance_sheet,现金及现金等价物,USD,24048000000.0,2023-12-31,,10-Q,2024,Q2
CashAndCashEquivalentsAtCarryingValue,balance_sheet,现金及现金等价物,USD,24048000000.0,2023-12-31,,10-Q,2024,Q3
CashAndCashEquivalentsAtCarryingValue,balance_sheet,现金及现金等价物,USD,24048000000.0,2023-12-31,,10-K,2024,FY
CashAndCashEquivalentsAtCarryingValue,balance_sheet,现金及现金等价物,USD,24493000000.0,2024-03-31,,10-Q,2024,Q1
CashAndCashEquivalentsAtCarryingValue,balance_sheet,现金及现金等价物,USD,27225000000.0,2024-06-30,,10-Q,2024,Q2
CashAndCashEquivalentsAtCarryingValue,balance_sheet,现金及现金等价物,USD,19959000000.0,2024-09-30,,10-Q,2024,Q3
CashAndCashEquivalentsAtCarryingValue,balance_sheet,现金及现金等价物,USD,23466000000.0,2024-12-31,,10-K,2024,FY
CashAndCashEquivalentsAtCarryingValue,balance_sheet,现金及现金等价物,USD,23466000000.0,2024-12-31,,10-Q,2025,Q1
CashAndCashEquivalentsAtCarryingValue,balance_sheet,现金及现金等价物,USD,23466000000.0,2024-12-31,,10-Q,2025,Q2
CashAndCashEquivalentsAtCarryingValue,balance_sheet,现金及现金等价物,USD,23264000000.0,2025-03-31,,10-Q,2025,Q1
CashAndCashEquivalentsAtCarryingValue,balance_sheet,现金及现金等价物,USD,21036000000.0,2025-06-30,,10-Q,2025,Q2
AccountsReceivableNetCurrent,balance_sheet,应收账款净额,USD,28006000000.0,2021-03-31,,10-Q,2021,Q1
AccountsReceivableNetCurrent,balance_sheet,应收账款净额,USD,31967000000.0,2021-06-30,,10-Q,2021,Q2
AccountsReceivableNetCurrent,balance_sheet,应收账款净额,USD,34047000000.0,2021-09-30,,10-Q,2021,Q3
AccountsReceivableNetCurrent,balance_sheet,应收账款净额,USD,39304000000.0,2021-12-31,,10-K,2021,FY
AccountsReceivableNetCurrent,balance_sheet,应收账款净额,USD,39304000000.0,2021-12-31,,10-Q,2022,Q1
AccountsReceivableNetCurrent,balance_sheet,应收账款净额,USD,39304000000.0,2021-12-31,,10-Q,2022,Q2
AccountsReceivableNetCurrent,balance_sheet,应收账款净额,USD,39304000000.0,2021-12-31,,10-Q,2022,Q3
AccountsReceivableNetCurrent,balance_sheet,应收账款净额,USD,39304000000.0,2021-12-31,,10-K,2022,FY
AccountsReceivableNetCurrent,balance_sheet,应收账款净额,USD,34703000000.0,2022-03-31,,10-Q,2022,Q1
AccountsReceivableNetCurrent,balance_sheet,应收账款净额,USD,35707000000.0,2022-06-30,,10-Q,2022,Q2
AccountsReceivableNetCurrent,balance_sheet,应收账款净额,USD,34697000000.0,2022-09-30,,10-Q,2022,Q3
AccountsReceivableNetCurrent,balance_sheet,应收账款净额,USD,40258000000.0,2022-12-31,,10-K,2022,FY
AccountsReceivableNetCurrent,balance_sheet,应收账款净额,USD,40258000000.0,2022-12-31,,10-Q,2023,Q1
AccountsReceivableNetCurrent,balance_sheet,应收账款净额,USD,40258000000.0,2022-12-31,,10-Q,2023,Q2
AccountsReceivableNetCurrent,balance_sheet,应收账款净额,USD,40258000000.0,2022-12-31,,10-Q,2023,Q3
AccountsReceivableNetCurrent,balance_sheet,应收账款净额,USD,40258000000.0,2022-12-31,,10-K,2023,FY
AccountsReceivableNetCurrent,balance_sheet,应收账款净额,USD,36036000000.0,2023-03-31,,10-Q,2023,Q1
AccountsReceivableNetCurrent,balance_sheet,应收账款净额,USD,38804000000.0,2023-06-30,,10-Q,2023,Q2
AccountsReceivableNetCurrent,balance_sheet,应收账款净额,USD,41020000000.0,2023-09-30,,10-Q,2023,Q3
AccountsReceivableNetCurrent,balance_sheet,应收账款净额,USD,47964000000.0,2023-12-31,,10-K,2023,FY
AccountsReceivableNetCurrent,balance_sheet,应收账款净额,USD,47964000000.0,2023-12-31,,10-Q,2024,Q1
AccountsReceivableNetCurrent,balance_sheet,应收账款净额,USD,47964000000.0,2023-12-31,,10-Q,2024,Q2
AccountsReceivableNetCurrent,balance_sheet,应收账款净额,USD,47964000000.0,2023-12-31,,10-Q,2024,Q3
AccountsReceivableNetCurrent,balance_sheet,应收账款净额,USD,47964000000.0,2023-12-31,,10-K,2024,FY
AccountsReceivableNetCurrent,balance_sheet,应收账款净额,USD,44552000000.0,2024-03-31,,10-Q,2024,Q1
AccountsReceivableNetCurrent,balance_sheet,应收账款净额,USD,47087000000.0,2024-06-30,,10-Q,2024,Q2
AccountsReceivableNetCurrent,balance_sheet,应收账款净额,USD,49104000000.0,2024-09-30,,10-Q,2024,Q3
AccountsReceivableNetCurrent,balance_sheet,应收账款净额,USD,52340000000.0,2024-12-31,,10-K,2024,FY
AccountsReceivableNetCurrent,balance_sheet,应收账款净额,USD,52340000000.0,2024-12-31,,10-Q,2025,Q1
AccountsReceivableNetCurrent,balance_sheet,应收账款净额,USD,52340000000.0,2024-12-31,,10-Q,2025,Q2
AccountsReceivableNetCurrent,balance_sheet,应收账款净额,USD,51000000000.0,2025-03-31,,10-Q,2025,Q1
AccountsReceivableNetCurrent,balance_sheet,应收账款净额,USD,55048000000.0,2025-06-30,,10-Q,2025,Q2
InventoryNet,balance_sheet,存货净额,USD,888000000.0,2021-03-31,,10-Q,2021,Q1
InventoryNet,balance_sheet,存货净额,USD,907000000.0,2021-06-30,,10-Q,2021,Q2
InventoryNet,balance_sheet,存货净额,USD,1278000000.0,2021-09-30,,10-Q,2021,Q3
InventoryNet,balance_sheet,存货净额,USD,1170000000.0,2021-12-31,,10-K,2021,FY
InventoryNet,balance_sheet,存货净额,USD,1170000000.0,2021-12-31,,10-Q,2022,Q1
InventoryNet,balance_sheet,存货净额,USD,1170000000.0,2021-12-31,,10-Q,2022,Q2
InventoryNet,balance_sheet,存货净额,USD,1170000000.0,2021-12-31,,10-Q,2022,Q3
InventoryNet,balance_sheet,存货净额,USD,1170000000.0,2021-12-31,,10-K,2022,FY
InventoryNet,balance_sheet,存货净额,USD,1369000000.0,2022-03-31,,10-Q,2022,Q1
InventoryNet,balance_sheet,存货净额,USD,1980000000.0,2022-06-30,,10-Q,2022,Q2
InventoryNet,balance_sheet,存货净额,USD,3156000000.0,2022-09-30,,10-Q,2022,Q3
InventoryNet,balance_sheet,存货净额,USD,2670000000.0,2022-12-31,,10-K,2022,FY
InventoryNet,balance_sheet,存货净额,USD,2670000000.0,2022-12-31,,10-Q,2023,Q1
InventoryNet,balance_sheet,存货净额,USD,2670000000.0,2022-12-31,,10-Q,2023,Q2
InventoryNet,balance_sheet,存货净额,USD,2670000000.0,2022-12-31,,10-Q,2023,Q3
InventoryNet,balance_sheet,存货净额,USD,2315000000.0,2023-03-31,,10-Q,2023,Q1
InventoryNet,balance_sheet,存货净额,USD,2231000000.0,2023-06-30,,10-Q,2023,Q2
InventoryNet,balance_sheet,存货净额,USD,2957000000.0,2023-09-30,,10-Q,2023,Q3
Liabilities,balance_sheet,总负债,USD,97082000000.0,2021-03-31,,10-Q,2021,Q1
Liabilities,balance_sheet,总负债,USD,97822000000.0,2021-06-30,,10-Q,2021,Q2
Liabilities,balance_sheet,总负债,USD,102836000000.0,2021-09-30,,10-Q,2021,Q3
Liabilities,balance_sheet,总负债,USD,107633000000.0,2021-12-31,,10-K,2021,FY
Liabilities,balance_sheet,总负债,USD,107633000000.0,2021-12-31,,10-Q,2022,Q1
Liabilities,balance_sheet,总负债,USD,107633000000.0,2021-12-31,,10-Q,2022,Q2
Liabilities,balance_sheet,总负债,USD,107633000000.0,2021-12-31,,10-Q,2022,Q3
Liabilities,balance_sheet,总负债,USD,107633000000.0,2021-12-31,,10-K,2022,FY
Liabilities,balance_sheet,总负债,USD,103092000000.0,2022-03-31,,10-Q,2022,Q1
Liabilities,balance_sheet,总负债,USD,99766000000.0,2022-06-30,,10-Q,2022,Q2
Liabilities,balance_sheet,总负债,USD,104629000000.0,2022-09-30,,10-Q,2022,Q3
Liabilities,balance_sheet,总负债,USD,109120000000.0,2022-12-31,,10-K,2022,FY
Liabilities,balance_sheet,总负债,USD,109120000000.0,2022-12-31,,10-Q,2023,Q1
Liabilities,balance_sheet,总负债,USD,109120000000.0,2022-12-31,,10-Q,2023,Q2
Liabilities,balance_sheet,总负债,USD,109120000000.0,2022-12-31,,10-Q,2023,Q3
Liabilities,balance_sheet,总负债,USD,109120000000.0,2022-12-31,,10-K,2023,FY
Liabilities,balance_sheet,总负债,USD,108597000000.0,2023-03-31,,10-Q,2023,Q1
Liabilities,balance_sheet,总负债,USD,115903000000.0,2023-06-30,,10-Q,2023,Q2
Liabilities,balance_sheet,总负债,USD,123509000000.0,2023-09-30,,10-Q,2023,Q3
Liabilities,balance_sheet,总负债,USD,119013000000.0,2023-12-31,,10-K,2023,FY
Liabilities,balance_sheet,总负债,USD,119013000000.0,2023-12-31,,10-Q,2024,Q1
Liabilities,balance_sheet,总负债,USD,119013000000.0,2023-12-31,,10-Q,2024,Q2
Liabilities,balance_sheet,总负债,USD,119013000000.0,2023-12-31,,10-Q,2024,Q3
Liabilities,balance_sheet,总负债,USD,119013000000.0,2023-12-31,,10-K,2024,FY
Liabilities,balance_sheet,总负债,USD,114506000000.0,2024-03-31,,10-Q,2024,Q1
Liabilities,balance_sheet,总负债,USD,114017000000.0,2024-06-30,,10-Q,2024,Q2
Liabilities,balance_sheet,总负债,USD,116147000000.0,2024-09-30,,10-Q,2024,Q3
Liabilities,balance_sheet,总负债,USD,125172000000.0,2024-12-31,,10-K,2024,FY
Liabilities,balance_sheet,总负债,USD,125172000000.0,2024-12-31,,10-Q,2025,Q1
Liabilities,balance_sheet,总负债,USD,125172000000.0,2024-12-31,,10-Q,2025,Q2
Liabilities,balance_sheet,总负债,USD,130107000000.0,2025-03-31,,10-Q,2025,Q1
Liabilities,balance_sheet,总负债,USD,139137000000.0,2025-06-30,,10-Q,2025,Q2
LiabilitiesCurrent,balance_sheet,流动负债,USD,55453000000.0,2021-03-31,,10-Q,2021,Q1
LiabilitiesCurrent,balance_sheet,流动负债,USD,55741000000.0,2021-06-30,,10-Q,2021,Q2
LiabilitiesCurrent,balance_sheet,流动负债,USD,61782000000.0,2021-09-30,,10-Q,2021,Q3
LiabilitiesCurrent,balance_sheet,流动负债,USD,64254000000.0,2021-12-31,,10-K,2021,FY
LiabilitiesCurrent,balance_sheet,流动负债,USD,64254000000.0,2021-12-31,,10-Q,2022,Q1
LiabilitiesCurrent,balance_sheet,流动负债,USD,64254000000.0,2021-12-31,,10-Q,2022,Q2
LiabilitiesCurrent,balance_sheet,流动负债,USD,64254000000.0,2021-12-31,,10-Q,2022,Q3
LiabilitiesCurrent,balance_sheet,流动负债,USD,64254000000.0,2021-12-31,,10-K,2022,FY
LiabilitiesCurrent,balance_sheet,流动负债,USD,61948000000.0,2022-03-31,,10-Q,2022,Q1
LiabilitiesCurrent,balance_sheet,流动负债,USD,61354000000.0,2022-06-30,,10-Q,2022,Q2
LiabilitiesCurrent,balance_sheet,流动负债,USD,65979000000.0,2022-09-30,,10-Q,2022,Q3
LiabilitiesCurrent,balance_sheet,流动负债,USD,69300000000.0,2022-12-31,,10-K,2022,FY
LiabilitiesCurrent,balance_sheet,流动负债,USD,69300000000.0,2022-12-31,,10-Q,2023,Q1
LiabilitiesCurrent,balance_sheet,流动负债,USD,69300000000.0,2022-12-31,,10-Q,2023,Q2
LiabilitiesCurrent,balance_sheet,流动负债,USD,69300000000.0,2022-12-31,,10-Q,2023,Q3
LiabilitiesCurrent,balance_sheet,流动负债,USD,69300000000.0,2022-12-31,,10-K,2023,FY
LiabilitiesCurrent,balance_sheet,流动负债,USD,68854000000.0,2023-03-31,,10-Q,2023,Q1
LiabilitiesCurrent,balance_sheet,流动负债,USD,77709000000.0,2023-06-30,,10-Q,2023,Q2
LiabilitiesCurrent,balance_sheet,流动负债,USD,86295000000.0,2023-09-30,,10-Q,2023,Q3
LiabilitiesCurrent,balance_sheet,流动负债,USD,81814000000.0,2023-12-31,,10-K,2023,FY
LiabilitiesCurrent,balance_sheet,流动负债,USD,81814000000.0,2023-12-31,,10-Q,2024,Q1
LiabilitiesCurrent,balance_sheet,流动负债,USD,81814000000.0,2023-12-31,,10-Q,2024,Q2
LiabilitiesCurrent,balance_sheet,流动负债,USD,81814000000.0,2023-12-31,,10-Q,2024,Q3
LiabilitiesCurrent,balance_sheet,流动负债,USD,81814000000.0,2023-12-31,,10-K,2024,FY
LiabilitiesCurrent,balance_sheet,流动负债,USD,76997000000.0,2024-03-31,,10-Q,2024,Q1
LiabilitiesCurrent,balance_sheet,流动负债,USD,77913000000.0,2024-06-30,,10-Q,2024,Q2
LiabilitiesCurrent,balance_sheet,流动负债,USD,80803000000.0,2024-09-30,,10-Q,2024,Q3
LiabilitiesCurrent,balance_sheet,流动负债,USD,89122000000.0,2024-12-31,,10-K,2024,FY
LiabilitiesCurrent,balance_sheet,流动负债,USD,89122000000.0,2024-12-31,,10-Q,2025,Q1
LiabilitiesCurrent,balance_sheet,流动负债,USD,89122000000.0,2024-12-31,,10-Q,2025,Q2
LiabilitiesCurrent,balance_sheet,流动负债,USD,91654000000.0,2025-03-31,,10-Q,2025,Q1
LiabilitiesCurrent,balance_sheet,流动负债,USD,87310000000.0,2025-06-30,,10-Q,2025,Q2
AccountsPayableCurrent,balance_sheet,应付账款,USD,4801000000.0,2021-03-31,,10-Q,2021,Q1
AccountsPayableCurrent,balance_sheet,应付账款,USD,4708000000.0,2021-06-30,,10-Q,2021,Q2
AccountsPayableCurrent,balance_sheet,应付账款,USD,4616000000.0,2021-09-30,,10-Q,2021,Q3
AccountsPayableCurrent,balance_sheet,应付账款,USD,6037000000.0,2021-12-31,,10-K,2021,FY
AccountsPayableCurrent,balance_sheet,应付账款,USD,6037000000.0,2021-12-31,,10-Q,2022,Q1
AccountsPayableCurrent,balance_sheet,应付账款,USD,6037000000.0,2021-12-31,,10-Q,2022,Q2
AccountsPayableCurrent,balance_sheet,应付账款,USD,6037000000.0,2021-12-31,,10-Q,2022,Q3
AccountsPayableCurrent,balance_sheet,应付账款,USD,6037000000.0,2021-12-31,,10-K,2022,FY
AccountsPayableCurrent,balance_sheet,应付账款,USD,3436000000.0,2022-03-31,,10-Q,2022,Q1
AccountsPayableCurrent,balance_sheet,应付账款,USD,4409000000.0,2022-06-30,,10-Q,2022,Q2
AccountsPayableCurrent,balance_sheet,应付账款,USD,6303000000.0,2022-09-30,,10-Q,2022,Q3
AccountsPayableCurrent,balance_sheet,应付账款,USD,5128000000.0,2022-12-31,,10-K,2022,FY
AccountsPayableCurrent,balance_sheet,应付账款,USD,5128000000.0,2022-12-31,,10-Q,2023,Q1
AccountsPayableCurrent,balance_sheet,应付账款,USD,5128000000.0,2022-12-31,,10-Q,2023,Q2
AccountsPayableCurrent,balance_sheet,应付账款,USD,5128000000.0,2022-12-31,,10-Q,2023,Q3
AccountsPayableCurrent,balance_sheet,应付账款,USD,5128000000.0,2022-12-31,,10-K,2023,FY
AccountsPayableCurrent,balance_sheet,应付账款,USD,4184000000.0,2023-03-31,,10-Q,2023,Q1
AccountsPayableCurrent,balance_sheet,应付账款,USD,5313000000.0,2023-06-30,,10-Q,2023,Q2
AccountsPayableCurrent,balance_sheet,应付账款,USD,5803000000.0,2023-09-30,,10-Q,2023,Q3
AccountsPayableCurrent,balance_sheet,应付账款,USD,7493000000.0,2023-12-31,,10-K,2023,FY
AccountsPayableCurrent,balance_sheet,应付账款,USD,7493000000.0,2023-12-31,,10-Q,2024,Q1
AccountsPayableCurrent,balance_sheet,应付账款,USD,7493000000.0,2023-12-31,,10-Q,2024,Q2
AccountsPayableCurrent,balance_sheet,应付账款,USD,7493000000.0,2023-12-31,,10-Q,2024,Q3
AccountsPayableCurrent,balance_sheet,应付账款,USD,7493000000.0,2023-12-31,,10-K,2024,FY
AccountsPayableCurrent,balance_sheet,应付账款,USD,6198000000.0,2024-03-31,,10-Q,2024,Q1
AccountsPayableCurrent,balance_sheet,应付账款,USD,6092000000.0,2024-06-30,,10-Q,2024,Q2
AccountsPayableCurrent,balance_sheet,应付账款,USD,7049000000.0,2024-09-30,,10-Q,2024,Q3
AccountsPayableCurrent,balance_sheet,应付账款,USD,7987000000.0,2024-12-31,,10-K,2024,FY
AccountsPayableCurrent,balance_sheet,应付账款,USD,7987000000.0,2024-12-31,,10-Q,2025,Q1
AccountsPayableCurrent,balance_sheet,应付账款,USD,7987000000.0,2024-12-31,,10-Q,2025,Q2
AccountsPayableCurrent,balance_sheet,应付账款,USD,8497000000.0,2025-03-31,,10-Q,2025,Q1
AccountsPayableCurrent,balance_sheet,应付账款,USD,8347000000.0,2025-06-30,,10-Q,2025,Q2
LongTermDebtNoncurrent,balance_sheet,长期债务,USD,11870000000.0,2023-12-31,,10-K,2024,FY
LongTermDebtNoncurrent,balance_sheet,长期债务,USD,10883000000.0,2024-12-31,,10-K,2024,FY
LongTermDebtNoncurrent,balance_sheet,长期债务,USD,10883000000.0,2024-12-31,,10-Q,2025,Q1
LongTermDebtNoncurrent,balance_sheet,长期债务,USD,10883000000.0,2024-12-31,,10-Q,2025,Q2
LongTermDebtNoncurrent,balance_sheet,长期债务,USD,10886000000.0,2025-03-31,,10-Q,2025,Q1
LongTermDebtNoncurrent,balance_sheet,长期债务,USD,23607000000.0,2025-06-30,,10-Q,2025,Q2
StockholdersEquity,balance_sheet,股东权益,USD,230013000000.0,2021-03-31,,10-Q,2021,Q1
StockholdersEquity,balance_sheet,股东权益,USD,230013000000.0,2021-03-31,,10-Q,2021,Q2
StockholdersEquity,balance_sheet,股东权益,USD,230013000000.0,2021-03-31,,10-Q,2022,Q1
StockholdersEquity,balance_sheet,股东权益,USD,230013000000.0,2021-03-31,,10-Q,2022,Q2
StockholdersEquity,balance_sheet,股东权益,USD,237565000000.0,2021-06-30,,10-Q,2021,Q2
StockholdersEquity,balance_sheet,股东权益,USD,237565000000.0,2021-06-30,,10-Q,2021,Q3
StockholdersEquity,balance_sheet,股东权益,USD,237565000000.0,2021-06-30,,10-Q,2022,Q2
StockholdersEquity,balance_sheet,股东权益,USD,237565000000.0,2021-06-30,,10-Q,2022,Q3
StockholdersEquity,balance_sheet,股东权益,USD,244567000000.0,2021-09-30,,10-Q,2021,Q3
StockholdersEquity,balance_sheet,股东权益,USD,244567000000.0,2021-09-30,,10-Q,2022,Q3
StockholdersEquity,balance_sheet,股东权益,USD,251635000000.0,2021-12-31,,10-K,2021,FY
StockholdersEquity,balance_sheet,股东权益,USD,251635000000.0,2021-12-31,,10-Q,2022,Q1
StockholdersEquity,balance_sheet,股东权益,USD,251635000000.0,2021-12-31,,10-Q,2022,Q2
StockholdersEquity,balance_sheet,股东权益,USD,251635000000.0,2021-12-31,,10-Q,2022,Q3
StockholdersEquity,balance_sheet,股东权益,USD,251635000000.0,2021-12-31,,10-K,2022,FY
StockholdersEquity,balance_sheet,股东权益,USD,251635000000.0,2021-12-31,,10-Q,2023,Q1
StockholdersEquity,balance_sheet,股东权益,USD,251635000000.0,2021-12-31,,10-Q,2023,Q2
StockholdersEquity,balance_sheet,股东权益,USD,251635000000.0,2021-12-31,,10-Q,2023,Q3
StockholdersEquity,balance_sheet,股东权益,USD,251635000000.0,2021-12-31,,10-K,2023,FY
StockholdersEquity,balance_sheet,股东权益,USD,251635000000.0,2021-12-31,,10-K,2024,FY
StockholdersEquity,balance_sheet,股东权益,USD,254004000000.0,2022-03-31,,10-Q,2022,Q1
StockholdersEquity,balance_sheet,股东权益,USD,254004000000.0,2022-03-31,,10-Q,2022,Q2
StockholdersEquity,balance_sheet,股东权益,USD,254004000000.0,2022-03-31,,10-Q,2023,Q1
StockholdersEquity,balance_sheet,股东权益,USD,254004000000.0,2022-03-31,,10-Q,2023,Q2
StockholdersEquity,balance_sheet,股东权益,USD,255419000000.0,2022-06-30,,10-Q,2022,Q2
StockholdersEquity,balance_sheet,股东权益,USD,255419000000.0,2022-06-30,,10-Q,2022,Q3
StockholdersEquity,balance_sheet,股东权益,USD,255419000000.0,2022-06-30,,10-Q,2023,Q2
StockholdersEquity,balance_sheet,股东权益,USD,255419000000.0,2022-06-30,,10-Q,2023,Q3
StockholdersEquity,balance_sheet,股东权益,USD,253626000000.0,2022-09-30,,10-Q,2022,Q3
StockholdersEquity,balance_sheet,股东权益,USD,253626000000.0,2022-09-30,,10-Q,2023,Q3
StockholdersEquity,balance_sheet,股东权益,USD,256144000000.0,2022-12-31,,10-K,2022,FY
StockholdersEquity,balance_sheet,股东权益,USD,256144000000.0,2022-12-31,,10-Q,2023,Q1
StockholdersEquity,balance_sheet,股东权益,USD,256144000000.0,2022-12-31,,10-Q,2023,Q2
StockholdersEquity,balance_sheet,股东权益,USD,256144000000.0,2022-12-31,,10-Q,2023,Q3
StockholdersEquity,balance_sheet,股东权益,USD,256144000000.0,2022-12-31,,10-K,2023,FY
StockholdersEquity,balance_sheet,股东权益,USD,256144000000.0,2022-12-31,,10-Q,2024,Q1
StockholdersEquity,balance_sheet,股东权益,USD,256144000000.0,2022-12-31,,10-Q,2024,Q2
StockholdersEquity,balance_sheet,股东权益,USD,256144000000.0,2022-12-31,,10-Q,2024,Q3
StockholdersEquity,balance_sheet,股东权益,USD,256144000000.0,2022-12-31,,10-K,2024,FY
StockholdersEquity,balance_sheet,股东权益,USD,260894000000.0,2023-03-31,,10-Q,2023,Q1
StockholdersEquity,balance_sheet,股东权益,USD,260894000000.0,2023-03-31,,10-Q,2023,Q2
StockholdersEquity,balance_sheet,股东权益,USD,260894000000.0,2023-03-31,,10-Q,2024,Q1
StockholdersEquity,balance_sheet,股东权益,USD,260894000000.0,2023-03-31,,10-Q,2024,Q2
StockholdersEquity,balance_sheet,股东权益,USD,267141000000.0,2023-06-30,,10-Q,2023,Q2
StockholdersEquity,balance_sheet,股东权益,USD,267141000000.0,2023-06-30,,10-Q,2023,Q3
StockholdersEquity,balance_sheet,股东权益,USD,267141000000.0,2023-06-30,,10-Q,2024,Q2
StockholdersEquity,balance_sheet,股东权益,USD,267141000000.0,2023-06-30,,10-Q,2024,Q3
StockholdersEquity,balance_sheet,股东权益,USD,273202000000.0,2023-09-30,,10-Q,2023,Q3
StockholdersEquity,balance_sheet,股东权益,USD,273202000000.0,2023-09-30,,10-Q,2024,Q3
StockholdersEquity,balance_sheet,股东权益,USD,283379000000.0,2023-12-31,,10-K,2023,FY
StockholdersEquity,balance_sheet,股东权益,USD,283379000000.0,2023-12-31,,10-Q,2024,Q1
StockholdersEquity,balance_sheet,股东权益,USD,283379000000.0,2023-12-31,,10-Q,2024,Q2
StockholdersEquity,balance_sheet,股东权益,USD,283379000000.0,2023-12-31,,10-Q,2024,Q3
StockholdersEquity,balance_sheet,股东权益,USD,283379000000.0,2023-12-31,,10-K,2024,FY
StockholdersEquity,balance_sheet,股东权益,USD,283379000000.0,2023-12-31,,10-Q,2025,Q1
StockholdersEquity,balance_sheet,股东权益,USD,283379000000.0,2023-12-31,,10-Q,2025,Q2
StockholdersEquity,balance_sheet,股东权益,USD,292844000000.0,2024-03-31,,10-Q,2024,Q1
StockholdersEquity,balance_sheet,股东权益,USD,292844000000.0,2024-03-31,,10-Q,2024,Q2
StockholdersEquity,balance_sheet,股东权益,USD,292844000000.0,2024-03-31,,10-Q,2025,Q1
StockholdersEquity,balance_sheet,股东权益,USD,292844000000.0,2024-03-31,,10-Q,2025,Q2
StockholdersEquity,balance_sheet,股东权益,USD,300753000000.0,2024-06-30,,10-Q,2024,Q2
StockholdersEquity,balance_sheet,股东权益,USD,300753000000.0,2024-06-30,,10-Q,2024,Q3
StockholdersEquity,balance_sheet,股东权益,USD,300753000000.0,2024-06-30,,10-Q,2025,Q2
StockholdersEquity,balance_sheet,股东权益,USD,314119000000.0,2024-09-30,,10-Q,2024,Q3
StockholdersEquity,balance_sheet,股东权益,USD,325084000000.0,2024-12-31,,10-K,2024,FY
StockholdersEquity,balance_sheet,股东权益,USD,325084000000.0,2024-12-31,,10-Q,2025,Q1
StockholdersEquity,balance_sheet,股东权益,USD,325084000000.0,2024-12-31,,10-Q,2025,Q2
StockholdersEquity,balance_sheet,股东权益,USD,345267000000.0,2025-03-31,,10-Q,2025,Q1
StockholdersEquity,balance_sheet,股东权益,USD,345267000000.0,2025-03-31,,10-Q,2025,Q2
StockholdersEquity,balance_sheet,股东权益,USD,362916000000.0,2025-06-30,,10-Q,2025,Q2
CommonStockSharesIssued,balance_sheet,发行的普通股股数,shares,671094000.0,2021-03-31,,10-Q,2021,Q1
CommonStockSharesIssued,balance_sheet,发行的普通股股数,shares,667637000.0,2021-06-30,,10-Q,2021,Q2
CommonStockSharesIssued,balance_sheet,发行的普通股股数,shares,664682000.0,2021-09-30,,10-Q,2021,Q3
CommonStockSharesIssued,balance_sheet,发行的普通股股数,shares,662121000.0,2021-12-31,,10-K,2021,FY
CommonStockSharesIssued,balance_sheet,发行的普通股股数,shares,662121000.0,2021-12-31,,10-Q,2022,Q1
CommonStockSharesIssued,balance_sheet,发行的普通股股数,shares,13242000000.0,2021-12-31,,10-Q,2022,Q2
CommonStockSharesIssued,balance_sheet,发行的普通股股数,shares,13242000000.0,2021-12-31,,10-Q,2022,Q3
CommonStockSharesIssued,balance_sheet,发行的普通股股数,shares,13242000000.0,2021-12-31,,10-K,2022,FY
CommonStockSharesIssued,balance_sheet,发行的普通股股数,shares,658763000.0,2022-03-31,,10-Q,2022,Q1
CommonStockSharesIssued,balance_sheet,发行的普通股股数,shares,13078000000.0,2022-06-30,,10-Q,2022,Q2
CommonStockSharesIssued,balance_sheet,发行的普通股股数,shares,12971000000.0,2022-09-30,,10-Q,2022,Q3
CommonStockSharesIssued,balance_sheet,发行的普通股股数,shares,12849000000.0,2022-12-31,,10-K,2022,FY
CommonStockSharesIssued,balance_sheet,发行的普通股股数,shares,12849000000.0,2022-12-31,,10-Q,2023,Q1
CommonStockSharesIssued,balance_sheet,发行的普通股股数,shares,12849000000.0,2022-12-31,,10-Q,2023,Q2
CommonStockSharesIssued,balance_sheet,发行的普通股股数,shares,12849000000.0,2022-12-31,,10-Q,2023,Q3
CommonStockSharesIssued,balance_sheet,发行的普通股股数,shares,12849000000.0,2022-12-31,,10-K,2023,FY
CommonStockSharesIssued,balance_sheet,发行的普通股股数,shares,12722000000.0,2023-03-31,,10-Q,2023,Q1
CommonStockSharesIssued,balance_sheet,发行的普通股股数,shares,12629000000.0,2023-06-30,,10-Q,2023,Q2
CommonStockSharesIssued,balance_sheet,发行的普通股股数,shares,12541000000.0,2023-09-30,,10-Q,2023,Q3
CommonStockSharesIssued,balance_sheet,发行的普通股股数,shares,12460000000.0,2023-12-31,,10-K,2023,FY
CommonStockSharesIssued,balance_sheet,发行的普通股股数,shares,12460000000.0,2023-12-31,,10-Q,2024,Q1
CommonStockSharesIssued,balance_sheet,发行的普通股股数,shares,12460000000.0,2023-12-31,,10-Q,2024,Q2
CommonStockSharesIssued,balance_sheet,发行的普通股股数,shares,12460000000.0,2023-12-31,,10-Q,2024,Q3
CommonStockSharesIssued,balance_sheet,发行的普通股股数,shares,12460000000.0,2023-12-31,,10-K,2024,FY
CommonStockSharesIssued,balance_sheet,发行的普通股股数,shares,12381000000.0,2024-03-31,,10-Q,2024,Q1
CommonStockSharesIssued,balance_sheet,发行的普通股股数,shares,12322000000.0,2024-06-30,,10-Q,2024,Q2
CommonStockSharesIssued,balance_sheet,发行的普通股股数,shares,12264000000.0,2024-09-30,,10-Q,2024,Q3
CommonStockSharesIssued,balance_sheet,发行的普通股股数,shares,12211000000.0,2024-12-31,,10-K,2024,FY
CommonStockSharesIssued,balance_sheet,发行的普通股股数,shares,12211000000.0,2024-12-31,,10-Q,2025,Q1
CommonStockSharesIssued,balance_sheet,发行的普通股股数,shares,12211000000.0,2024-12-31,,10-Q,2025,Q2
CommonStockSharesIssued,balance_sheet,发行的普通股股数,shares,12155000000.0,2025-03-31,,10-Q,2025,Q1
CommonStockSharesIssued,balance_sheet,发行的普通股股数,shares,12104000000.0,2025-06-30,,10-Q,2025,Q2
RetainedEarningsAccumulatedDeficit,balance_sheet,留存收益,USD,170580000000.0,2021-03-31,,10-Q,2021,Q1
RetainedEarningsAccumulatedDeficit,balance_sheet,留存收益,USD,176939000000.0,2021-06-30,,10-Q,2021,Q2
RetainedEarningsAccumulatedDeficit,balance_sheet,留存收益,USD,183782000000.0,2021-09-30,,10-Q,2021,Q3
RetainedEarningsAccumulatedDeficit,balance_sheet,留存收益,USD,191484000000.0,2021-12-31,,10-K,2021,FY
RetainedEarningsAccumulatedDeficit,balance_sheet,留存收益,USD,191484000000.0,2021-12-31,,10-Q,2022,Q1
RetainedEarningsAccumulatedDeficit,balance_sheet,留存收益,USD,191484000000.0,2021-12-31,,10-Q,2022,Q2
RetainedEarningsAccumulatedDeficit,balance_sheet,留存收益,USD,191484000000.0,2021-12-31,,10-Q,2022,Q3
RetainedEarningsAccumulatedDeficit,balance_sheet,留存收益,USD,191484000000.0,2021-12-31,,10-K,2022,FY
RetainedEarningsAccumulatedDeficit,balance_sheet,留存收益,USD,195221000000.0,2022-03-31,,10-Q,2022,Q1
RetainedEarningsAccumulatedDeficit,balance_sheet,留存收益,USD,196845000000.0,2022-06-30,,10-Q,2022,Q2
RetainedEarningsAccumulatedDeficit,balance_sheet,留存收益,USD,196220000000.0,2022-09-30,,10-Q,2022,Q3
RetainedEarningsAccumulatedDeficit,balance_sheet,留存收益,USD,195563000000.0,2022-12-31,,10-K,2022,FY
RetainedEarningsAccumulatedDeficit,balance_sheet,留存收益,USD,195563000000.0,2022-12-31,,10-Q,2023,Q1
RetainedEarningsAccumulatedDeficit,balance_sheet,留存收益,USD,195563000000.0,2022-12-31,,10-Q,2023,Q2
RetainedEarningsAccumulatedDeficit,balance_sheet,留存收益,USD,195563000000.0,2022-12-31,,10-Q,2023,Q3
RetainedEarningsAccumulatedDeficit,balance_sheet,留存收益,USD,195563000000.0,2022-12-31,,10-K,2023,FY
RetainedEarningsAccumulatedDeficit,balance_sheet,留存收益,USD,196625000000.0,2023-03-31,,10-Q,2023,Q1
RetainedEarningsAccumulatedDeficit,balance_sheet,留存收益,USD,200884000000.0,2023-06-30,,10-Q,2023,Q2
RetainedEarningsAccumulatedDeficit,balance_sheet,留存收益,USD,205647000000.0,2023-09-30,,10-Q,2023,Q3
RetainedEarningsAccumulatedDeficit,balance_sheet,留存收益,USD,211247000000.0,2023-12-31,,10-K,2023,FY
RetainedEarningsAccumulatedDeficit,balance_sheet,留存收益,USD,211247000000.0,2023-12-31,,10-Q,2024,Q1
RetainedEarningsAccumulatedDeficit,balance_sheet,留存收益,USD,211247000000.0,2023-12-31,,10-Q,2024,Q2
RetainedEarningsAccumulatedDeficit,balance_sheet,留存收益,USD,211247000000.0,2023-12-31,,10-Q,2024,Q3
RetainedEarningsAccumulatedDeficit,balance_sheet,留存收益,USD,211247000000.0,2023-12-31,,10-K,2024,FY
RetainedEarningsAccumulatedDeficit,balance_sheet,留存收益,USD,219770000000.0,2024-03-31,,10-Q,2024,Q1
RetainedEarningsAccumulatedDeficit,balance_sheet,留存收益,USD,226033000000.0,2024-06-30,,10-Q,2024,Q2
RetainedEarningsAccumulatedDeficit,balance_sheet,留存收益,USD,235317000000.0,2024-09-30,,10-Q,2024,Q3
RetainedEarningsAccumulatedDeficit,balance_sheet,留存收益,USD,245084000000.0,2024-12-31,,10-K,2024,FY
RetainedEarningsAccumulatedDeficit,balance_sheet,留存收益,USD,245084000000.0,2024-12-31,,10-Q,2025,Q1
RetainedEarningsAccumulatedDeficit,balance_sheet,留存收益,USD,245084000000.0,2024-12-31,,10-Q,2025,Q2
RetainedEarningsAccumulatedDeficit,balance_sheet,留存收益,USD,262628000000.0,2025-03-31,,10-Q,2025,Q1
RetainedEarningsAccumulatedDeficit,balance_sheet,留存收益,USD,275760000000.0,2025-06-30,,10-Q,2025,Q2
