concept,category,chinese_name,unit,value,end_date,start_date,form,fiscal_year,fiscal_period
NetCashProvidedByUsedInOperatingActivities,cash_flow,经营活动现金流,USD,19289000000.0,2021-03-31,2021-01-01,10-Q,2021,Q1
NetCashProvidedByUsedInOperatingActivities,cash_flow,经营活动现金流,USD,19289000000.0,2021-03-31,2021-01-01,10-Q,2022,Q1
NetCashProvidedByUsedInOperatingActivities,cash_flow,经营活动现金流,USD,41179000000.0,2021-06-30,2021-01-01,10-Q,2021,Q2
NetCashProvidedByUsedInOperatingActivities,cash_flow,经营活动现金流,USD,41179000000.0,2021-06-30,2021-01-01,10-Q,2022,Q2
NetCashProvidedByUsedInOperatingActivities,cash_flow,经营活动现金流,USD,66718000000.0,2021-09-30,2021-01-01,10-Q,2021,Q3
NetCashProvidedByUsedInOperatingActivities,cash_flow,经营活动现金流,USD,66718000000.0,2021-09-30,2021-01-01,10-Q,2022,Q3
NetCashProvidedByUsedInOperatingActivities,cash_flow,经营活动现金流,USD,91652000000.0,2021-12-31,2021-01-01,10-K,2021,FY
NetCashProvidedByUsedInOperatingActivities,cash_flow,经营活动现金流,USD,91652000000.0,2021-12-31,2021-01-01,10-K,2022,FY
NetCashProvidedByUsedInOperatingActivities,cash_flow,经营活动现金流,USD,91652000000.0,2021-12-31,2021-01-01,10-K,2023,FY
NetCashProvidedByUsedInOperatingActivities,cash_flow,经营活动现金流,USD,25106000000.0,2022-03-31,2022-01-01,10-Q,2022,Q1
NetCashProvidedByUsedInOperatingActivities,cash_flow,经营活动现金流,USD,25106000000.0,2022-03-31,2022-01-01,10-Q,2023,Q1
NetCashProvidedByUsedInOperatingActivities,cash_flow,经营活动现金流,USD,44528000000.0,2022-06-30,2022-01-01,10-Q,2022,Q2
NetCashProvidedByUsedInOperatingActivities,cash_flow,经营活动现金流,USD,44528000000.0,2022-06-30,2022-01-01,10-Q,2023,Q2
NetCashProvidedByUsedInOperatingActivities,cash_flow,经营活动现金流,USD,67881000000.0,2022-09-30,2022-01-01,10-Q,2022,Q3
NetCashProvidedByUsedInOperatingActivities,cash_flow,经营活动现金流,USD,67881000000.0,2022-09-30,2022-01-01,10-Q,2023,Q3
NetCashProvidedByUsedInOperatingActivities,cash_flow,经营活动现金流,USD,91495000000.0,2022-12-31,2022-01-01,10-K,2022,FY
NetCashProvidedByUsedInOperatingActivities,cash_flow,经营活动现金流,USD,91495000000.0,2022-12-31,2022-01-01,10-K,2023,FY
NetCashProvidedByUsedInOperatingActivities,cash_flow,经营活动现金流,USD,91495000000.0,2022-12-31,2022-01-01,10-K,2024,FY
NetCashProvidedByUsedInOperatingActivities,cash_flow,经营活动现金流,USD,23509000000.0,2023-03-31,2023-01-01,10-Q,2023,Q1
NetCashProvidedByUsedInOperatingActivities,cash_flow,经营活动现金流,USD,23509000000.0,2023-03-31,2023-01-01,10-Q,2024,Q1
NetCashProvidedByUsedInOperatingActivities,cash_flow,经营活动现金流,USD,52175000000.0,2023-06-30,2023-01-01,10-Q,2023,Q2
NetCashProvidedByUsedInOperatingActivities,cash_flow,经营活动现金流,USD,52175000000.0,2023-06-30,2023-01-01,10-Q,2024,Q2
NetCashProvidedByUsedInOperatingActivities,cash_flow,经营活动现金流,USD,82831000000.0,2023-09-30,2023-01-01,10-Q,2023,Q3
NetCashProvidedByUsedInOperatingActivities,cash_flow,经营活动现金流,USD,82831000000.0,2023-09-30,2023-01-01,10-Q,2024,Q3
NetCashProvidedByUsedInOperatingActivities,cash_flow,经营活动现金流,USD,101746000000.0,2023-12-31,2023-01-01,10-K,2023,FY
NetCashProvidedByUsedInOperatingActivities,cash_flow,经营活动现金流,USD,101746000000.0,2023-12-31,2023-01-01,10-K,2024,FY
NetCashProvidedByUsedInOperatingActivities,cash_flow,经营活动现金流,USD,28848000000.0,2024-03-31,2024-01-01,10-Q,2024,Q1
NetCashProvidedByUsedInOperatingActivities,cash_flow,经营活动现金流,USD,28848000000.0,2024-03-31,2024-01-01,10-Q,2025,Q1
NetCashProvidedByUsedInOperatingActivities,cash_flow,经营活动现金流,USD,55488000000.0,2024-06-30,2024-01-01,10-Q,2024,Q2
NetCashProvidedByUsedInOperatingActivities,cash_flow,经营活动现金流,USD,55488000000.0,2024-06-30,2024-01-01,10-Q,2025,Q2
NetCashProvidedByUsedInOperatingActivities,cash_flow,经营活动现金流,USD,86186000000.0,2024-09-30,2024-01-01,10-Q,2024,Q3
NetCashProvidedByUsedInOperatingActivities,cash_flow,经营活动现金流,USD,125299000000.0,2024-12-31,2024-01-01,10-K,2024,FY
NetCashProvidedByUsedInOperatingActivities,cash_flow,经营活动现金流,USD,36150000000.0,2025-03-31,2025-01-01,10-Q,2025,Q1
NetCashProvidedByUsedInOperatingActivities,cash_flow,经营活动现金流,USD,63897000000.0,2025-06-30,2025-01-01,10-Q,2025,Q2
NetCashProvidedByUsedInInvestingActivities,cash_flow,投资活动现金流,USD,-5383000000.0,2021-03-31,2021-01-01,10-Q,2021,Q1
NetCashProvidedByUsedInInvestingActivities,cash_flow,投资活动现金流,USD,-5383000000.0,2021-03-31,2021-01-01,10-Q,2022,Q1
NetCashProvidedByUsedInInvestingActivities,cash_flow,投资活动现金流,USD,-14457000000.0,2021-06-30,2021-01-01,10-Q,2021,Q2
NetCashProvidedByUsedInInvestingActivities,cash_flow,投资活动现金流,USD,-14457000000.0,2021-06-30,2021-01-01,10-Q,2022,Q2
NetCashProvidedByUsedInInvestingActivities,cash_flow,投资活动现金流,USD,-24507000000.0,2021-09-30,2021-01-01,10-Q,2021,Q3
NetCashProvidedByUsedInInvestingActivities,cash_flow,投资活动现金流,USD,-24507000000.0,2021-09-30,2021-01-01,10-Q,2022,Q3
NetCashProvidedByUsedInInvestingActivities,cash_flow,投资活动现金流,USD,-35523000000.0,2021-12-31,2021-01-01,10-K,2021,FY
NetCashProvidedByUsedInInvestingActivities,cash_flow,投资活动现金流,USD,-35523000000.0,2021-12-31,2021-01-01,10-K,2022,FY
NetCashProvidedByUsedInInvestingActivities,cash_flow,投资活动现金流,USD,-35523000000.0,2021-12-31,2021-01-01,10-K,2023,FY
NetCashProvidedByUsedInInvestingActivities,cash_flow,投资活动现金流,USD,-9051000000.0,2022-03-31,2022-01-01,10-Q,2022,Q1
NetCashProvidedByUsedInInvestingActivities,cash_flow,投资活动现金流,USD,-9051000000.0,2022-03-31,2022-01-01,10-Q,2023,Q1
NetCashProvidedByUsedInInvestingActivities,cash_flow,投资活动现金流,USD,-13238000000.0,2022-06-30,2022-01-01,10-Q,2022,Q2
NetCashProvidedByUsedInInvestingActivities,cash_flow,投资活动现金流,USD,-13238000000.0,2022-06-30,2022-01-01,10-Q,2023,Q2
NetCashProvidedByUsedInInvestingActivities,cash_flow,投资活动现金流,USD,-14071000000.0,2022-09-30,2022-01-01,10-Q,2022,Q3
NetCashProvidedByUsedInInvestingActivities,cash_flow,投资活动现金流,USD,-14071000000.0,2022-09-30,2022-01-01,10-Q,2023,Q3
NetCashProvidedByUsedInInvestingActivities,cash_flow,投资活动现金流,USD,-20298000000.0,2022-12-31,2022-01-01,10-K,2022,FY
NetCashProvidedByUsedInInvestingActivities,cash_flow,投资活动现金流,USD,-20298000000.0,2022-12-31,2022-01-01,10-K,2023,FY
NetCashProvidedByUsedInInvestingActivities,cash_flow,投资活动现金流,USD,-20298000000.0,2022-12-31,2022-01-01,10-K,2024,FY
NetCashProvidedByUsedInInvestingActivities,cash_flow,投资活动现金流,USD,-2946000000.0,2023-03-31,2023-01-01,10-Q,2023,Q1
NetCashProvidedByUsedInInvestingActivities,cash_flow,投资活动现金流,USD,-2946000000.0,2023-03-31,2023-01-01,10-Q,2024,Q1
NetCashProvidedByUsedInInvestingActivities,cash_flow,投资活动现金流,USD,-13746000000.0,2023-06-30,2023-01-01,10-Q,2023,Q2
NetCashProvidedByUsedInInvestingActivities,cash_flow,投资活动现金流,USD,-13746000000.0,2023-06-30,2023-01-01,10-Q,2024,Q2
NetCashProvidedByUsedInInvestingActivities,cash_flow,投资活动现金流,USD,-20896000000.0,2023-09-30,2023-01-01,10-Q,2023,Q3
NetCashProvidedByUsedInInvestingActivities,cash_flow,投资活动现金流,USD,-20896000000.0,2023-09-30,2023-01-01,10-Q,2024,Q3
NetCashProvidedByUsedInInvestingActivities,cash_flow,投资活动现金流,USD,-27063000000.0,2023-12-31,2023-01-01,10-K,2023,FY
NetCashProvidedByUsedInInvestingActivities,cash_flow,投资活动现金流,USD,-27063000000.0,2023-12-31,2023-01-01,10-K,2024,FY
NetCashProvidedByUsedInInvestingActivities,cash_flow,投资活动现金流,USD,-8564000000.0,2024-03-31,2024-01-01,10-Q,2024,Q1
NetCashProvidedByUsedInInvestingActivities,cash_flow,投资活动现金流,USD,-8564000000.0,2024-03-31,2024-01-01,10-Q,2025,Q1
NetCashProvidedByUsedInInvestingActivities,cash_flow,投资活动现金流,USD,-11345000000.0,2024-06-30,2024-01-01,10-Q,2024,Q2
NetCashProvidedByUsedInInvestingActivities,cash_flow,投资活动现金流,USD,-11345000000.0,2024-06-30,2024-01-01,10-Q,2025,Q2
NetCashProvidedByUsedInInvestingActivities,cash_flow,投资活动现金流,USD,-29356000000.0,2024-09-30,2024-01-01,10-Q,2024,Q3
NetCashProvidedByUsedInInvestingActivities,cash_flow,投资活动现金流,USD,-45536000000.0,2024-12-31,2024-01-01,10-K,2024,FY
NetCashProvidedByUsedInInvestingActivities,cash_flow,投资活动现金流,USD,-16194000000.0,2025-03-31,2025-01-01,10-Q,2025,Q1
NetCashProvidedByUsedInInvestingActivities,cash_flow,投资活动现金流,USD,-40738000000.0,2025-06-30,2025-01-01,10-Q,2025,Q2
NetCashProvidedByUsedInFinancingActivities,cash_flow,筹资活动现金流,USD,-13606000000.0,2021-03-31,2021-01-01,10-Q,2021,Q1
NetCashProvidedByUsedInFinancingActivities,cash_flow,筹资活动现金流,USD,-13606000000.0,2021-03-31,2021-01-01,10-Q,2022,Q1
NetCashProvidedByUsedInFinancingActivities,cash_flow,筹资活动现金流,USD,-29597000000.0,2021-06-30,2021-01-01,10-Q,2021,Q2
NetCashProvidedByUsedInFinancingActivities,cash_flow,筹资活动现金流,USD,-29597000000.0,2021-06-30,2021-01-01,10-Q,2022,Q2
NetCashProvidedByUsedInFinancingActivities,cash_flow,筹资活动现金流,USD,-44851000000.0,2021-09-30,2021-01-01,10-Q,2021,Q3
NetCashProvidedByUsedInFinancingActivities,cash_flow,筹资活动现金流,USD,-44851000000.0,2021-09-30,2021-01-01,10-Q,2022,Q3
NetCashProvidedByUsedInFinancingActivities,cash_flow,筹资活动现金流,USD,-61362000000.0,2021-12-31,2021-01-01,10-K,2021,FY
NetCashProvidedByUsedInFinancingActivities,cash_flow,筹资活动现金流,USD,-61362000000.0,2021-12-31,2021-01-01,10-K,2022,FY
NetCashProvidedByUsedInFinancingActivities,cash_flow,筹资活动现金流,USD,-61362000000.0,2021-12-31,2021-01-01,10-K,2023,FY
NetCashProvidedByUsedInFinancingActivities,cash_flow,筹资活动现金流,USD,-16214000000.0,2022-03-31,2022-01-01,10-Q,2022,Q1
NetCashProvidedByUsedInFinancingActivities,cash_flow,筹资活动现金流,USD,-16214000000.0,2022-03-31,2022-01-01,10-Q,2023,Q1
NetCashProvidedByUsedInFinancingActivities,cash_flow,筹资活动现金流,USD,-34031000000.0,2022-06-30,2022-01-01,10-Q,2022,Q2
NetCashProvidedByUsedInFinancingActivities,cash_flow,筹资活动现金流,USD,-34031000000.0,2022-06-30,2022-01-01,10-Q,2023,Q2
NetCashProvidedByUsedInFinancingActivities,cash_flow,筹资活动现金流,USD,-52128000000.0,2022-09-30,2022-01-01,10-Q,2022,Q3
NetCashProvidedByUsedInFinancingActivities,cash_flow,筹资活动现金流,USD,-52128000000.0,2022-09-30,2022-01-01,10-Q,2023,Q3
NetCashProvidedByUsedInFinancingActivities,cash_flow,筹资活动现金流,USD,-69757000000.0,2022-12-31,2022-01-01,10-K,2022,FY
NetCashProvidedByUsedInFinancingActivities,cash_flow,筹资活动现金流,USD,-69757000000.0,2022-12-31,2022-01-01,10-K,2023,FY
NetCashProvidedByUsedInFinancingActivities,cash_flow,筹资活动现金流,USD,-69757000000.0,2022-12-31,2022-01-01,10-K,2024,FY
NetCashProvidedByUsedInFinancingActivities,cash_flow,筹资活动现金流,USD,-16568000000.0,2023-03-31,2023-01-01,10-Q,2023,Q1
NetCashProvidedByUsedInFinancingActivities,cash_flow,筹资活动现金流,USD,-16568000000.0,2023-03-31,2023-01-01,10-Q,2024,Q1
NetCashProvidedByUsedInFinancingActivities,cash_flow,筹资活动现金流,USD,-34403000000.0,2023-06-30,2023-01-01,10-Q,2023,Q2
NetCashProvidedByUsedInFinancingActivities,cash_flow,筹资活动现金流,USD,-34403000000.0,2023-06-30,2023-01-01,10-Q,2024,Q2
NetCashProvidedByUsedInFinancingActivities,cash_flow,筹资活动现金流,USD,-52785000000.0,2023-09-30,2023-01-01,10-Q,2023,Q3
NetCashProvidedByUsedInFinancingActivities,cash_flow,筹资活动现金流,USD,-52785000000.0,2023-09-30,2023-01-01,10-Q,2024,Q3
NetCashProvidedByUsedInFinancingActivities,cash_flow,筹资活动现金流,USD,-72093000000.0,2023-12-31,2023-01-01,10-K,2023,FY
NetCashProvidedByUsedInFinancingActivities,cash_flow,筹资活动现金流,USD,-72093000000.0,2023-12-31,2023-01-01,10-K,2024,FY
NetCashProvidedByUsedInFinancingActivities,cash_flow,筹资活动现金流,USD,-19714000000.0,2024-03-31,2024-01-01,10-Q,2024,Q1
NetCashProvidedByUsedInFinancingActivities,cash_flow,筹资活动现金流,USD,-19714000000.0,2024-03-31,2024-01-01,10-Q,2025,Q1
NetCashProvidedByUsedInFinancingActivities,cash_flow,筹资活动现金流,USD,-40603000000.0,2024-06-30,2024-01-01,10-Q,2024,Q2
NetCashProvidedByUsedInFinancingActivities,cash_flow,筹资活动现金流,USD,-40603000000.0,2024-06-30,2024-01-01,10-Q,2025,Q2
NetCashProvidedByUsedInFinancingActivities,cash_flow,筹资活动现金流,USD,-60697000000.0,2024-09-30,2024-01-01,10-Q,2024,Q3
NetCashProvidedByUsedInFinancingActivities,cash_flow,筹资活动现金流,USD,-79733000000.0,2024-12-31,2024-01-01,10-K,2024,FY
NetCashProvidedByUsedInFinancingActivities,cash_flow,筹资活动现金流,USD,-20201000000.0,2025-03-31,2025-01-01,10-Q,2025,Q1
NetCashProvidedByUsedInFinancingActivities,cash_flow,筹资活动现金流,USD,-26033000000.0,2025-06-30,2025-01-01,10-Q,2025,Q2
PaymentsToAcquirePropertyPlantAndEquipment,cash_flow,购买固定资产支出,USD,5942000000.0,2021-03-31,2021-01-01,10-Q,2021,Q1
PaymentsToAcquirePropertyPlantAndEquipment,cash_flow,购买固定资产支出,USD,5942000000.0,2021-03-31,2021-01-01,10-Q,2022,Q1
PaymentsToAcquirePropertyPlantAndEquipment,cash_flow,购买固定资产支出,USD,11438000000.0,2021-06-30,2021-01-01,10-Q,2021,Q2
PaymentsToAcquirePropertyPlantAndEquipment,cash_flow,购买固定资产支出,USD,11438000000.0,2021-06-30,2021-01-01,10-Q,2022,Q2
PaymentsToAcquirePropertyPlantAndEquipment,cash_flow,购买固定资产支出,USD,18257000000.0,2021-09-30,2021-01-01,10-Q,2021,Q3
PaymentsToAcquirePropertyPlantAndEquipment,cash_flow,购买固定资产支出,USD,18257000000.0,2021-09-30,2021-01-01,10-Q,2022,Q3
PaymentsToAcquirePropertyPlantAndEquipment,cash_flow,购买固定资产支出,USD,24640000000.0,2021-12-31,2021-01-01,10-K,2021,FY
PaymentsToAcquirePropertyPlantAndEquipment,cash_flow,购买固定资产支出,USD,24640000000.0,2021-12-31,2021-01-01,10-K,2022,FY
PaymentsToAcquirePropertyPlantAndEquipment,cash_flow,购买固定资产支出,USD,24640000000.0,2021-12-31,2021-01-01,10-K,2023,FY
PaymentsToAcquirePropertyPlantAndEquipment,cash_flow,购买固定资产支出,USD,9786000000.0,2022-03-31,2022-01-01,10-Q,2022,Q1
PaymentsToAcquirePropertyPlantAndEquipment,cash_flow,购买固定资产支出,USD,9786000000.0,2022-03-31,2022-01-01,10-Q,2023,Q1
PaymentsToAcquirePropertyPlantAndEquipment,cash_flow,购买固定资产支出,USD,16614000000.0,2022-06-30,2022-01-01,10-Q,2022,Q2
PaymentsToAcquirePropertyPlantAndEquipment,cash_flow,购买固定资产支出,USD,16614000000.0,2022-06-30,2022-01-01,10-Q,2023,Q2
PaymentsToAcquirePropertyPlantAndEquipment,cash_flow,购买固定资产支出,USD,23890000000.0,2022-09-30,2022-01-01,10-Q,2022,Q3
PaymentsToAcquirePropertyPlantAndEquipment,cash_flow,购买固定资产支出,USD,23890000000.0,2022-09-30,2022-01-01,10-Q,2023,Q3
PaymentsToAcquirePropertyPlantAndEquipment,cash_flow,购买固定资产支出,USD,31485000000.0,2022-12-31,2022-01-01,10-K,2022,FY
PaymentsToAcquirePropertyPlantAndEquipment,cash_flow,购买固定资产支出,USD,31485000000.0,2022-12-31,2022-01-01,10-K,2023,FY
PaymentsToAcquirePropertyPlantAndEquipment,cash_flow,购买固定资产支出,USD,31485000000.0,2022-12-31,2022-01-01,10-K,2024,FY
PaymentsToAcquirePropertyPlantAndEquipment,cash_flow,购买固定资产支出,USD,6289000000.0,2023-03-31,2023-01-01,10-Q,2023,Q1
PaymentsToAcquirePropertyPlantAndEquipment,cash_flow,购买固定资产支出,USD,6289000000.0,2023-03-31,2023-01-01,10-Q,2024,Q1
PaymentsToAcquirePropertyPlantAndEquipment,cash_flow,购买固定资产支出,USD,13177000000.0,2023-06-30,2023-01-01,10-Q,2023,Q2
PaymentsToAcquirePropertyPlantAndEquipment,cash_flow,购买固定资产支出,USD,13177000000.0,2023-06-30,2023-01-01,10-Q,2024,Q2
PaymentsToAcquirePropertyPlantAndEquipment,cash_flow,购买固定资产支出,USD,21232000000.0,2023-09-30,2023-01-01,10-Q,2023,Q3
PaymentsToAcquirePropertyPlantAndEquipment,cash_flow,购买固定资产支出,USD,21232000000.0,2023-09-30,2023-01-01,10-Q,2024,Q3
PaymentsToAcquirePropertyPlantAndEquipment,cash_flow,购买固定资产支出,USD,32251000000.0,2023-12-31,2023-01-01,10-K,2023,FY
PaymentsToAcquirePropertyPlantAndEquipment,cash_flow,购买固定资产支出,USD,32251000000.0,2023-12-31,2023-01-01,10-K,2024,FY
PaymentsToAcquirePropertyPlantAndEquipment,cash_flow,购买固定资产支出,USD,12012000000.0,2024-03-31,2024-01-01,10-Q,2024,Q1
PaymentsToAcquirePropertyPlantAndEquipment,cash_flow,购买固定资产支出,USD,12012000000.0,2024-03-31,2024-01-01,10-Q,2025,Q1
PaymentsToAcquirePropertyPlantAndEquipment,cash_flow,购买固定资产支出,USD,25198000000.0,2024-06-30,2024-01-01,10-Q,2024,Q2
PaymentsToAcquirePropertyPlantAndEquipment,cash_flow,购买固定资产支出,USD,25198000000.0,2024-06-30,2024-01-01,10-Q,2025,Q2
PaymentsToAcquirePropertyPlantAndEquipment,cash_flow,购买固定资产支出,USD,38259000000.0,2024-09-30,2024-01-01,10-Q,2024,Q3
PaymentsToAcquirePropertyPlantAndEquipment,cash_flow,购买固定资产支出,USD,52535000000.0,2024-12-31,2024-01-01,10-K,2024,FY
PaymentsToAcquirePropertyPlantAndEquipment,cash_flow,购买固定资产支出,USD,17197000000.0,2025-03-31,2025-01-01,10-Q,2025,Q1
PaymentsToAcquirePropertyPlantAndEquipment,cash_flow,购买固定资产支出,USD,39643000000.0,2025-06-30,2025-01-01,10-Q,2025,Q2
PaymentsOfDividends,cash_flow,支付股息,USD,0.0,2022-12-31,2022-01-01,10-K,2024,FY
PaymentsOfDividends,cash_flow,支付股息,USD,0.0,2023-06-30,2023-01-01,10-Q,2024,Q2
PaymentsOfDividends,cash_flow,支付股息,USD,0.0,2023-09-30,2023-01-01,10-Q,2024,Q3
PaymentsOfDividends,cash_flow,支付股息,USD,0.0,2023-12-31,2023-01-01,10-K,2024,FY
PaymentsOfDividends,cash_flow,支付股息,USD,0.0,2024-03-31,2024-01-01,10-Q,2025,Q1
PaymentsOfDividends,cash_flow,支付股息,USD,2466000000.0,2024-06-30,2024-01-01,10-Q,2024,Q2
PaymentsOfDividends,cash_flow,支付股息,USD,2466000000.0,2024-06-30,2024-01-01,10-Q,2025,Q2
PaymentsOfDividends,cash_flow,支付股息,USD,4921000000.0,2024-09-30,2024-01-01,10-Q,2024,Q3
PaymentsOfDividends,cash_flow,支付股息,USD,7363000000.0,2024-12-31,2024-01-01,10-K,2024,FY
PaymentsOfDividends,cash_flow,支付股息,USD,2434000000.0,2025-03-31,2025-01-01,10-Q,2025,Q1
PaymentsOfDividends,cash_flow,支付股息,USD,4977000000.0,2025-06-30,2025-01-01,10-Q,2025,Q2
PaymentsForRepurchaseOfCommonStock,cash_flow,回购股票支出,USD,11395000000.0,2021-03-31,2021-01-01,10-Q,2021,Q1
PaymentsForRepurchaseOfCommonStock,cash_flow,回购股票支出,USD,11395000000.0,2021-03-31,2021-01-01,10-Q,2022,Q1
PaymentsForRepurchaseOfCommonStock,cash_flow,回购股票支出,USD,24191000000.0,2021-06-30,2021-01-01,10-Q,2021,Q2
PaymentsForRepurchaseOfCommonStock,cash_flow,回购股票支出,USD,24191000000.0,2021-06-30,2021-01-01,10-Q,2022,Q2
PaymentsForRepurchaseOfCommonStock,cash_flow,回购股票支出,USD,36801000000.0,2021-09-30,2021-01-01,10-Q,2021,Q3
PaymentsForRepurchaseOfCommonStock,cash_flow,回购股票支出,USD,36801000000.0,2021-09-30,2021-01-01,10-Q,2022,Q3
PaymentsForRepurchaseOfCommonStock,cash_flow,回购股票支出,USD,50274000000.0,2021-12-31,2021-01-01,10-K,2021,FY
PaymentsForRepurchaseOfCommonStock,cash_flow,回购股票支出,USD,50274000000.0,2021-12-31,2021-01-01,10-K,2022,FY
PaymentsForRepurchaseOfCommonStock,cash_flow,回购股票支出,USD,50274000000.0,2021-12-31,2021-01-01,10-K,2023,FY
PaymentsForRepurchaseOfCommonStock,cash_flow,回购股票支出,USD,13300000000.0,2022-03-31,2022-01-01,10-Q,2022,Q1
PaymentsForRepurchaseOfCommonStock,cash_flow,回购股票支出,USD,13300000000.0,2022-03-31,2022-01-01,10-Q,2023,Q1
PaymentsForRepurchaseOfCommonStock,cash_flow,回购股票支出,USD,28497000000.0,2022-06-30,2022-01-01,10-Q,2022,Q2
PaymentsForRepurchaseOfCommonStock,cash_flow,回购股票支出,USD,28497000000.0,2022-06-30,2022-01-01,10-Q,2023,Q2
PaymentsForRepurchaseOfCommonStock,cash_flow,回购股票支出,USD,43889000000.0,2022-09-30,2022-01-01,10-Q,2022,Q3
PaymentsForRepurchaseOfCommonStock,cash_flow,回购股票支出,USD,43889000000.0,2022-09-30,2022-01-01,10-Q,2023,Q3
PaymentsForRepurchaseOfCommonStock,cash_flow,回购股票支出,USD,59296000000.0,2022-12-31,2022-01-01,10-K,2022,FY
PaymentsForRepurchaseOfCommonStock,cash_flow,回购股票支出,USD,59296000000.0,2022-12-31,2022-01-01,10-K,2023,FY
PaymentsForRepurchaseOfCommonStock,cash_flow,回购股票支出,USD,59296000000.0,2022-12-31,2022-01-01,10-K,2024,FY
PaymentsForRepurchaseOfCommonStock,cash_flow,回购股票支出,USD,14557000000.0,2023-03-31,2023-01-01,10-Q,2023,Q1
PaymentsForRepurchaseOfCommonStock,cash_flow,回购股票支出,USD,14557000000.0,2023-03-31,2023-01-01,10-Q,2024,Q1
PaymentsForRepurchaseOfCommonStock,cash_flow,回购股票支出,USD,29526000000.0,2023-06-30,2023-01-01,10-Q,2023,Q2
PaymentsForRepurchaseOfCommonStock,cash_flow,回购股票支出,USD,29526000000.0,2023-06-30,2023-01-01,10-Q,2024,Q2
PaymentsForRepurchaseOfCommonStock,cash_flow,回购股票支出,USD,45313000000.0,2023-09-30,2023-01-01,10-Q,2023,Q3
PaymentsForRepurchaseOfCommonStock,cash_flow,回购股票支出,USD,45313000000.0,2023-09-30,2023-01-01,10-Q,2024,Q3
PaymentsForRepurchaseOfCommonStock,cash_flow,回购股票支出,USD,61504000000.0,2023-12-31,2023-01-01,10-K,2023,FY
PaymentsForRepurchaseOfCommonStock,cash_flow,回购股票支出,USD,61504000000.0,2023-12-31,2023-01-01,10-K,2024,FY
PaymentsForRepurchaseOfCommonStock,cash_flow,回购股票支出,USD,15696000000.0,2024-03-31,2024-01-01,10-Q,2024,Q1
PaymentsForRepurchaseOfCommonStock,cash_flow,回购股票支出,USD,15696000000.0,2024-03-31,2024-01-01,10-Q,2025,Q1
PaymentsForRepurchaseOfCommonStock,cash_flow,回购股票支出,USD,31380000000.0,2024-06-30,2024-01-01,10-Q,2024,Q2
PaymentsForRepurchaseOfCommonStock,cash_flow,回购股票支出,USD,31380000000.0,2024-06-30,2024-01-01,10-Q,2025,Q2
PaymentsForRepurchaseOfCommonStock,cash_flow,回购股票支出,USD,46671000000.0,2024-09-30,2024-01-01,10-Q,2024,Q3
PaymentsForRepurchaseOfCommonStock,cash_flow,回购股票支出,USD,62222000000.0,2024-12-31,2024-01-01,10-K,2024,FY
PaymentsForRepurchaseOfCommonStock,cash_flow,回购股票支出,USD,15068000000.0,2025-03-31,2025-01-01,10-Q,2025,Q1
PaymentsForRepurchaseOfCommonStock,cash_flow,回购股票支出,USD,28706000000.0,2025-06-30,2025-01-01,10-Q,2025,Q2
