concept,category,chinese_name,unit,value,end_date,start_date,form,fiscal_year,fiscal_period
Revenues,income_statement,营收,USD,55314000000.0,2021-03-31,2021-01-01,10-Q,2021,Q1
Revenues,income_statement,营收,USD,117194000000.0,2021-06-30,2021-01-01,10-Q,2021,Q2
Revenues,income_statement,营收,USD,61880000000.0,2021-06-30,2021-04-01,10-Q,2021,Q2
Revenues,income_statement,营收,USD,257637000000.0,2021-12-31,2021-01-01,10-K,2021,FY
Revenues,income_statement,营收,USD,165281000000.0,2024-06-30,2024-01-01,10-Q,2025,Q2
Revenues,income_statement,营收,USD,84742000000.0,2024-06-30,2024-04-01,10-Q,2025,Q2
Revenues,income_statement,营收,USD,186662000000.0,2025-06-30,2025-01-01,10-Q,2025,Q2
Revenues,income_statement,营收,USD,96428000000.0,2025-06-30,2025-04-01,10-Q,2025,Q2
RevenueFromContractWithCustomerExcludingAssessedTax,income_statement,销售收入,USD,55314000000.0,2021-03-31,2021-01-01,10-Q,2021,Q1
RevenueFromContractWithCustomerExcludingAssessedTax,income_statement,销售收入,USD,55314000000.0,2021-03-31,2021-01-01,10-Q,2022,Q1
RevenueFromContractWithCustomerExcludingAssessedTax,income_statement,销售收入,USD,117194000000.0,2021-06-30,2021-01-01,10-Q,2021,Q2
RevenueFromContractWithCustomerExcludingAssessedTax,income_statement,销售收入,USD,117194000000.0,2021-06-30,2021-01-01,10-Q,2022,Q2
RevenueFromContractWithCustomerExcludingAssessedTax,income_statement,销售收入,USD,61880000000.0,2021-06-30,2021-04-01,10-Q,2021,Q2
RevenueFromContractWithCustomerExcludingAssessedTax,income_statement,销售收入,USD,61880000000.0,2021-06-30,2021-04-01,10-Q,2022,Q2
RevenueFromContractWithCustomerExcludingAssessedTax,income_statement,销售收入,USD,182312000000.0,2021-09-30,2021-01-01,10-Q,2021,Q3
RevenueFromContractWithCustomerExcludingAssessedTax,income_statement,销售收入,USD,182312000000.0,2021-09-30,2021-01-01,10-Q,2022,Q3
RevenueFromContractWithCustomerExcludingAssessedTax,income_statement,销售收入,USD,65118000000.0,2021-09-30,2021-07-01,10-Q,2021,Q3
RevenueFromContractWithCustomerExcludingAssessedTax,income_statement,销售收入,USD,65118000000.0,2021-09-30,2021-07-01,10-Q,2022,Q3
RevenueFromContractWithCustomerExcludingAssessedTax,income_statement,销售收入,USD,257637000000.0,2021-12-31,2021-01-01,10-K,2022,FY
RevenueFromContractWithCustomerExcludingAssessedTax,income_statement,销售收入,USD,257637000000.0,2021-12-31,2021-01-01,10-K,2023,FY
RevenueFromContractWithCustomerExcludingAssessedTax,income_statement,销售收入,USD,68011000000.0,2022-03-31,2022-01-01,10-Q,2022,Q1
RevenueFromContractWithCustomerExcludingAssessedTax,income_statement,销售收入,USD,68011000000.0,2022-03-31,2022-01-01,10-Q,2023,Q1
RevenueFromContractWithCustomerExcludingAssessedTax,income_statement,销售收入,USD,137696000000.0,2022-06-30,2022-01-01,10-Q,2022,Q2
RevenueFromContractWithCustomerExcludingAssessedTax,income_statement,销售收入,USD,137696000000.0,2022-06-30,2022-01-01,10-Q,2023,Q2
RevenueFromContractWithCustomerExcludingAssessedTax,income_statement,销售收入,USD,69685000000.0,2022-06-30,2022-04-01,10-Q,2022,Q2
RevenueFromContractWithCustomerExcludingAssessedTax,income_statement,销售收入,USD,69685000000.0,2022-06-30,2022-04-01,10-Q,2023,Q2
RevenueFromContractWithCustomerExcludingAssessedTax,income_statement,销售收入,USD,206788000000.0,2022-09-30,2022-01-01,10-Q,2022,Q3
RevenueFromContractWithCustomerExcludingAssessedTax,income_statement,销售收入,USD,206788000000.0,2022-09-30,2022-01-01,10-Q,2023,Q3
RevenueFromContractWithCustomerExcludingAssessedTax,income_statement,销售收入,USD,69092000000.0,2022-09-30,2022-07-01,10-Q,2022,Q3
RevenueFromContractWithCustomerExcludingAssessedTax,income_statement,销售收入,USD,69092000000.0,2022-09-30,2022-07-01,10-Q,2023,Q3
RevenueFromContractWithCustomerExcludingAssessedTax,income_statement,销售收入,USD,282836000000.0,2022-12-31,2022-01-01,10-K,2022,FY
RevenueFromContractWithCustomerExcludingAssessedTax,income_statement,销售收入,USD,282836000000.0,2022-12-31,2022-01-01,10-K,2023,FY
RevenueFromContractWithCustomerExcludingAssessedTax,income_statement,销售收入,USD,282836000000.0,2022-12-31,2022-01-01,10-K,2024,FY
RevenueFromContractWithCustomerExcludingAssessedTax,income_statement,销售收入,USD,69787000000.0,2023-03-31,2023-01-01,10-Q,2023,Q1
RevenueFromContractWithCustomerExcludingAssessedTax,income_statement,销售收入,USD,69787000000.0,2023-03-31,2023-01-01,10-Q,2024,Q1
RevenueFromContractWithCustomerExcludingAssessedTax,income_statement,销售收入,USD,144391000000.0,2023-06-30,2023-01-01,10-Q,2023,Q2
RevenueFromContractWithCustomerExcludingAssessedTax,income_statement,销售收入,USD,144391000000.0,2023-06-30,2023-01-01,10-Q,2024,Q2
RevenueFromContractWithCustomerExcludingAssessedTax,income_statement,销售收入,USD,74604000000.0,2023-06-30,2023-04-01,10-Q,2023,Q2
RevenueFromContractWithCustomerExcludingAssessedTax,income_statement,销售收入,USD,74604000000.0,2023-06-30,2023-04-01,10-Q,2024,Q2
RevenueFromContractWithCustomerExcludingAssessedTax,income_statement,销售收入,USD,221084000000.0,2023-09-30,2023-01-01,10-Q,2023,Q3
RevenueFromContractWithCustomerExcludingAssessedTax,income_statement,销售收入,USD,221084000000.0,2023-09-30,2023-01-01,10-Q,2024,Q3
RevenueFromContractWithCustomerExcludingAssessedTax,income_statement,销售收入,USD,76693000000.0,2023-09-30,2023-07-01,10-Q,2023,Q3
RevenueFromContractWithCustomerExcludingAssessedTax,income_statement,销售收入,USD,76693000000.0,2023-09-30,2023-07-01,10-Q,2024,Q3
RevenueFromContractWithCustomerExcludingAssessedTax,income_statement,销售收入,USD,307394000000.0,2023-12-31,2023-01-01,10-K,2023,FY
RevenueFromContractWithCustomerExcludingAssessedTax,income_statement,销售收入,USD,307394000000.0,2023-12-31,2023-01-01,10-K,2024,FY
RevenueFromContractWithCustomerExcludingAssessedTax,income_statement,销售收入,USD,80539000000.0,2024-03-31,2024-01-01,10-Q,2024,Q1
RevenueFromContractWithCustomerExcludingAssessedTax,income_statement,销售收入,USD,80539000000.0,2024-03-31,2024-01-01,10-Q,2025,Q1
RevenueFromContractWithCustomerExcludingAssessedTax,income_statement,销售收入,USD,165281000000.0,2024-06-30,2024-01-01,10-Q,2024,Q2
RevenueFromContractWithCustomerExcludingAssessedTax,income_statement,销售收入,USD,84742000000.0,2024-06-30,2024-04-01,10-Q,2024,Q2
RevenueFromContractWithCustomerExcludingAssessedTax,income_statement,销售收入,USD,253549000000.0,2024-09-30,2024-01-01,10-Q,2024,Q3
RevenueFromContractWithCustomerExcludingAssessedTax,income_statement,销售收入,USD,88268000000.0,2024-09-30,2024-07-01,10-Q,2024,Q3
RevenueFromContractWithCustomerExcludingAssessedTax,income_statement,销售收入,USD,350018000000.0,2024-12-31,2024-01-01,10-K,2024,FY
RevenueFromContractWithCustomerExcludingAssessedTax,income_statement,销售收入,USD,90234000000.0,2025-03-31,2025-01-01,10-Q,2025,Q1
CostOfRevenue,income_statement,销售成本,USD,24103000000.0,2021-03-31,2021-01-01,10-Q,2021,Q1
CostOfRevenue,income_statement,销售成本,USD,24103000000.0,2021-03-31,2021-01-01,10-Q,2022,Q1
CostOfRevenue,income_statement,销售成本,USD,50330000000.0,2021-06-30,2021-01-01,10-Q,2021,Q2
CostOfRevenue,income_statement,销售成本,USD,50330000000.0,2021-06-30,2021-01-01,10-Q,2022,Q2
CostOfRevenue,income_statement,销售成本,USD,26227000000.0,2021-06-30,2021-04-01,10-Q,2021,Q2
CostOfRevenue,income_statement,销售成本,USD,26227000000.0,2021-06-30,2021-04-01,10-Q,2022,Q2
CostOfRevenue,income_statement,销售成本,USD,77951000000.0,2021-09-30,2021-01-01,10-Q,2021,Q3
CostOfRevenue,income_statement,销售成本,USD,77951000000.0,2021-09-30,2021-01-01,10-Q,2022,Q3
CostOfRevenue,income_statement,销售成本,USD,27621000000.0,2021-09-30,2021-07-01,10-Q,2021,Q3
CostOfRevenue,income_statement,销售成本,USD,27621000000.0,2021-09-30,2021-07-01,10-Q,2022,Q3
CostOfRevenue,income_statement,销售成本,USD,110939000000.0,2021-12-31,2021-01-01,10-K,2021,FY
CostOfRevenue,income_statement,销售成本,USD,110939000000.0,2021-12-31,2021-01-01,10-K,2022,FY
CostOfRevenue,income_statement,销售成本,USD,110939000000.0,2021-12-31,2021-01-01,10-K,2023,FY
CostOfRevenue,income_statement,销售成本,USD,29599000000.0,2022-03-31,2022-01-01,10-Q,2022,Q1
CostOfRevenue,income_statement,销售成本,USD,29599000000.0,2022-03-31,2022-01-01,10-Q,2023,Q1
CostOfRevenue,income_statement,销售成本,USD,59703000000.0,2022-06-30,2022-01-01,10-Q,2022,Q2
CostOfRevenue,income_statement,销售成本,USD,59703000000.0,2022-06-30,2022-01-01,10-Q,2023,Q2
CostOfRevenue,income_statement,销售成本,USD,30104000000.0,2022-06-30,2022-04-01,10-Q,2022,Q2
CostOfRevenue,income_statement,销售成本,USD,30104000000.0,2022-06-30,2022-04-01,10-Q,2023,Q2
CostOfRevenue,income_statement,销售成本,USD,90861000000.0,2022-09-30,2022-01-01,10-Q,2022,Q3
CostOfRevenue,income_statement,销售成本,USD,90861000000.0,2022-09-30,2022-01-01,10-Q,2023,Q3
CostOfRevenue,income_statement,销售成本,USD,31158000000.0,2022-09-30,2022-07-01,10-Q,2022,Q3
CostOfRevenue,income_statement,销售成本,USD,31158000000.0,2022-09-30,2022-07-01,10-Q,2023,Q3
CostOfRevenue,income_statement,销售成本,USD,126203000000.0,2022-12-31,2022-01-01,10-K,2022,FY
CostOfRevenue,income_statement,销售成本,USD,126203000000.0,2022-12-31,2022-01-01,10-K,2023,FY
CostOfRevenue,income_statement,销售成本,USD,126203000000.0,2022-12-31,2022-01-01,10-K,2024,FY
CostOfRevenue,income_statement,销售成本,USD,30612000000.0,2023-03-31,2023-01-01,10-Q,2023,Q1
CostOfRevenue,income_statement,销售成本,USD,30612000000.0,2023-03-31,2023-01-01,10-Q,2024,Q1
CostOfRevenue,income_statement,销售成本,USD,62528000000.0,2023-06-30,2023-01-01,10-Q,2023,Q2
CostOfRevenue,income_statement,销售成本,USD,62528000000.0,2023-06-30,2023-01-01,10-Q,2024,Q2
CostOfRevenue,income_statement,销售成本,USD,31916000000.0,2023-06-30,2023-04-01,10-Q,2023,Q2
CostOfRevenue,income_statement,销售成本,USD,31916000000.0,2023-06-30,2023-04-01,10-Q,2024,Q2
CostOfRevenue,income_statement,销售成本,USD,95757000000.0,2023-09-30,2023-01-01,10-Q,2023,Q3
CostOfRevenue,income_statement,销售成本,USD,95757000000.0,2023-09-30,2023-01-01,10-Q,2024,Q3
CostOfRevenue,income_statement,销售成本,USD,33229000000.0,2023-09-30,2023-07-01,10-Q,2023,Q3
CostOfRevenue,income_statement,销售成本,USD,33229000000.0,2023-09-30,2023-07-01,10-Q,2024,Q3
CostOfRevenue,income_statement,销售成本,USD,133332000000.0,2023-12-31,2023-01-01,10-K,2023,FY
CostOfRevenue,income_statement,销售成本,USD,133332000000.0,2023-12-31,2023-01-01,10-K,2024,FY
CostOfRevenue,income_statement,销售成本,USD,33712000000.0,2024-03-31,2024-01-01,10-Q,2024,Q1
CostOfRevenue,income_statement,销售成本,USD,33712000000.0,2024-03-31,2024-01-01,10-Q,2025,Q1
CostOfRevenue,income_statement,销售成本,USD,69219000000.0,2024-06-30,2024-01-01,10-Q,2024,Q2
CostOfRevenue,income_statement,销售成本,USD,69219000000.0,2024-06-30,2024-01-01,10-Q,2025,Q2
CostOfRevenue,income_statement,销售成本,USD,35507000000.0,2024-06-30,2024-04-01,10-Q,2024,Q2
CostOfRevenue,income_statement,销售成本,USD,35507000000.0,2024-06-30,2024-04-01,10-Q,2025,Q2
CostOfRevenue,income_statement,销售成本,USD,105693000000.0,2024-09-30,2024-01-01,10-Q,2024,Q3
CostOfRevenue,income_statement,销售成本,USD,36474000000.0,2024-09-30,2024-07-01,10-Q,2024,Q3
CostOfRevenue,income_statement,销售成本,USD,146306000000.0,2024-12-31,2024-01-01,10-K,2024,FY
CostOfRevenue,income_statement,销售成本,USD,36361000000.0,2025-03-31,2025-01-01,10-Q,2025,Q1
CostOfRevenue,income_statement,销售成本,USD,75400000000.0,2025-06-30,2025-01-01,10-Q,2025,Q2
CostOfRevenue,income_statement,销售成本,USD,39039000000.0,2025-06-30,2025-04-01,10-Q,2025,Q2
OperatingIncomeLoss,income_statement,营业利润,USD,16437000000.0,2021-03-31,2021-01-01,10-Q,2021,Q1
OperatingIncomeLoss,income_statement,营业利润,USD,16437000000.0,2021-03-31,2021-01-01,10-Q,2022,Q1
OperatingIncomeLoss,income_statement,营业利润,USD,35798000000.0,2021-06-30,2021-01-01,10-Q,2021,Q2
OperatingIncomeLoss,income_statement,营业利润,USD,35798000000.0,2021-06-30,2021-01-01,10-Q,2022,Q2
OperatingIncomeLoss,income_statement,营业利润,USD,19361000000.0,2021-06-30,2021-04-01,10-Q,2021,Q2
OperatingIncomeLoss,income_statement,营业利润,USD,19361000000.0,2021-06-30,2021-04-01,10-Q,2022,Q2
OperatingIncomeLoss,income_statement,营业利润,USD,56829000000.0,2021-09-30,2021-01-01,10-Q,2021,Q3
OperatingIncomeLoss,income_statement,营业利润,USD,56829000000.0,2021-09-30,2021-01-01,10-Q,2022,Q3
OperatingIncomeLoss,income_statement,营业利润,USD,21031000000.0,2021-09-30,2021-07-01,10-Q,2021,Q3
OperatingIncomeLoss,income_statement,营业利润,USD,21031000000.0,2021-09-30,2021-07-01,10-Q,2022,Q3
OperatingIncomeLoss,income_statement,营业利润,USD,78714000000.0,2021-12-31,2021-01-01,10-K,2021,FY
OperatingIncomeLoss,income_statement,营业利润,USD,78714000000.0,2021-12-31,2021-01-01,10-K,2022,FY
OperatingIncomeLoss,income_statement,营业利润,USD,78714000000.0,2021-12-31,2021-01-01,10-K,2023,FY
OperatingIncomeLoss,income_statement,营业利润,USD,20094000000.0,2022-03-31,2022-01-01,10-Q,2022,Q1
OperatingIncomeLoss,income_statement,营业利润,USD,20094000000.0,2022-03-31,2022-01-01,10-Q,2023,Q1
OperatingIncomeLoss,income_statement,营业利润,USD,39547000000.0,2022-06-30,2022-01-01,10-Q,2022,Q2
OperatingIncomeLoss,income_statement,营业利润,USD,39547000000.0,2022-06-30,2022-01-01,10-Q,2023,Q2
OperatingIncomeLoss,income_statement,营业利润,USD,19453000000.0,2022-06-30,2022-04-01,10-Q,2022,Q2
OperatingIncomeLoss,income_statement,营业利润,USD,19453000000.0,2022-06-30,2022-04-01,10-Q,2023,Q2
OperatingIncomeLoss,income_statement,营业利润,USD,56682000000.0,2022-09-30,2022-01-01,10-Q,2022,Q3
OperatingIncomeLoss,income_statement,营业利润,USD,56682000000.0,2022-09-30,2022-01-01,10-Q,2023,Q3
OperatingIncomeLoss,income_statement,营业利润,USD,17135000000.0,2022-09-30,2022-07-01,10-Q,2022,Q3
OperatingIncomeLoss,income_statement,营业利润,USD,17135000000.0,2022-09-30,2022-07-01,10-Q,2023,Q3
OperatingIncomeLoss,income_statement,营业利润,USD,74842000000.0,2022-12-31,2022-01-01,10-K,2022,FY
OperatingIncomeLoss,income_statement,营业利润,USD,74842000000.0,2022-12-31,2022-01-01,10-K,2023,FY
OperatingIncomeLoss,income_statement,营业利润,USD,74842000000.0,2022-12-31,2022-01-01,10-K,2024,FY
OperatingIncomeLoss,income_statement,营业利润,USD,17415000000.0,2023-03-31,2023-01-01,10-Q,2023,Q1
OperatingIncomeLoss,income_statement,营业利润,USD,17415000000.0,2023-03-31,2023-01-01,10-Q,2024,Q1
OperatingIncomeLoss,income_statement,营业利润,USD,39253000000.0,2023-06-30,2023-01-01,10-Q,2023,Q2
OperatingIncomeLoss,income_statement,营业利润,USD,39253000000.0,2023-06-30,2023-01-01,10-Q,2024,Q2
OperatingIncomeLoss,income_statement,营业利润,USD,21838000000.0,2023-06-30,2023-04-01,10-Q,2023,Q2
OperatingIncomeLoss,income_statement,营业利润,USD,21838000000.0,2023-06-30,2023-04-01,10-Q,2024,Q2
OperatingIncomeLoss,income_statement,营业利润,USD,60596000000.0,2023-09-30,2023-01-01,10-Q,2023,Q3
OperatingIncomeLoss,income_statement,营业利润,USD,60596000000.0,2023-09-30,2023-01-01,10-Q,2024,Q3
OperatingIncomeLoss,income_statement,营业利润,USD,21343000000.0,2023-09-30,2023-07-01,10-Q,2023,Q3
OperatingIncomeLoss,income_statement,营业利润,USD,21343000000.0,2023-09-30,2023-07-01,10-Q,2024,Q3
OperatingIncomeLoss,income_statement,营业利润,USD,84293000000.0,2023-12-31,2023-01-01,10-K,2023,FY
OperatingIncomeLoss,income_statement,营业利润,USD,84293000000.0,2023-12-31,2023-01-01,10-K,2024,FY
OperatingIncomeLoss,income_statement,营业利润,USD,25472000000.0,2024-03-31,2024-01-01,10-Q,2024,Q1
OperatingIncomeLoss,income_statement,营业利润,USD,25472000000.0,2024-03-31,2024-01-01,10-Q,2025,Q1
OperatingIncomeLoss,income_statement,营业利润,USD,52897000000.0,2024-06-30,2024-01-01,10-Q,2024,Q2
OperatingIncomeLoss,income_statement,营业利润,USD,52897000000.0,2024-06-30,2024-01-01,10-Q,2025,Q2
OperatingIncomeLoss,income_statement,营业利润,USD,27425000000.0,2024-06-30,2024-04-01,10-Q,2024,Q2
OperatingIncomeLoss,income_statement,营业利润,USD,27425000000.0,2024-06-30,2024-04-01,10-Q,2025,Q2
OperatingIncomeLoss,income_statement,营业利润,USD,81418000000.0,2024-09-30,2024-01-01,10-Q,2024,Q3
OperatingIncomeLoss,income_statement,营业利润,USD,28521000000.0,2024-09-30,2024-07-01,10-Q,2024,Q3
OperatingIncomeLoss,income_statement,营业利润,USD,112390000000.0,2024-12-31,2024-01-01,10-K,2024,FY
OperatingIncomeLoss,income_statement,营业利润,USD,30606000000.0,2025-03-31,2025-01-01,10-Q,2025,Q1
OperatingIncomeLoss,income_statement,营业利润,USD,61877000000.0,2025-06-30,2025-01-01,10-Q,2025,Q2
OperatingIncomeLoss,income_statement,营业利润,USD,31271000000.0,2025-06-30,2025-04-01,10-Q,2025,Q2
NetIncomeLoss,income_statement,净利润,USD,17930000000.0,2021-03-31,2021-01-01,10-Q,2021,Q1
NetIncomeLoss,income_statement,净利润,USD,17930000000.0,2021-03-31,2021-01-01,10-Q,2022,Q1
NetIncomeLoss,income_statement,净利润,USD,36455000000.0,2021-06-30,2021-01-01,10-Q,2021,Q2
NetIncomeLoss,income_statement,净利润,USD,36455000000.0,2021-06-30,2021-01-01,10-Q,2022,Q2
NetIncomeLoss,income_statement,净利润,USD,18525000000.0,2021-06-30,2021-04-01,10-Q,2021,Q2
NetIncomeLoss,income_statement,净利润,USD,18525000000.0,2021-06-30,2021-04-01,10-Q,2022,Q2
NetIncomeLoss,income_statement,净利润,USD,55391000000.0,2021-09-30,2021-01-01,10-Q,2021,Q3
NetIncomeLoss,income_statement,净利润,USD,55391000000.0,2021-09-30,2021-01-01,10-Q,2022,Q3
NetIncomeLoss,income_statement,净利润,USD,18936000000.0,2021-09-30,2021-07-01,10-Q,2021,Q3
NetIncomeLoss,income_statement,净利润,USD,18936000000.0,2021-09-30,2021-07-01,10-Q,2022,Q3
NetIncomeLoss,income_statement,净利润,USD,76033000000.0,2021-12-31,2021-01-01,10-K,2021,FY
NetIncomeLoss,income_statement,净利润,USD,76033000000.0,2021-12-31,2021-01-01,10-K,2022,FY
NetIncomeLoss,income_statement,净利润,USD,76033000000.0,2021-12-31,2021-01-01,10-K,2023,FY
NetIncomeLoss,income_statement,净利润,USD,16436000000.0,2022-03-31,2022-01-01,10-Q,2022,Q1
NetIncomeLoss,income_statement,净利润,USD,16436000000.0,2022-03-31,2022-01-01,10-Q,2023,Q1
NetIncomeLoss,income_statement,净利润,USD,32438000000.0,2022-06-30,2022-01-01,10-Q,2022,Q2
NetIncomeLoss,income_statement,净利润,USD,32438000000.0,2022-06-30,2022-01-01,10-Q,2023,Q2
NetIncomeLoss,income_statement,净利润,USD,16002000000.0,2022-06-30,2022-04-01,10-Q,2022,Q2
NetIncomeLoss,income_statement,净利润,USD,16002000000.0,2022-06-30,2022-04-01,10-Q,2023,Q2
NetIncomeLoss,income_statement,净利润,USD,46348000000.0,2022-09-30,2022-01-01,10-Q,2022,Q3
NetIncomeLoss,income_statement,净利润,USD,46348000000.0,2022-09-30,2022-01-01,10-Q,2023,Q3
NetIncomeLoss,income_statement,净利润,USD,13910000000.0,2022-09-30,2022-07-01,10-Q,2022,Q3
NetIncomeLoss,income_statement,净利润,USD,13910000000.0,2022-09-30,2022-07-01,10-Q,2023,Q3
NetIncomeLoss,income_statement,净利润,USD,59972000000.0,2022-12-31,2022-01-01,10-K,2022,FY
NetIncomeLoss,income_statement,净利润,USD,59972000000.0,2022-12-31,2022-01-01,10-K,2023,FY
NetIncomeLoss,income_statement,净利润,USD,59972000000.0,2022-12-31,2022-01-01,10-K,2024,FY
NetIncomeLoss,income_statement,净利润,USD,15051000000.0,2023-03-31,2023-01-01,10-Q,2023,Q1
NetIncomeLoss,income_statement,净利润,USD,15051000000.0,2023-03-31,2023-01-01,10-Q,2024,Q1
NetIncomeLoss,income_statement,净利润,USD,33419000000.0,2023-06-30,2023-01-01,10-Q,2023,Q2
NetIncomeLoss,income_statement,净利润,USD,33419000000.0,2023-06-30,2023-01-01,10-Q,2024,Q2
NetIncomeLoss,income_statement,净利润,USD,18368000000.0,2023-06-30,2023-04-01,10-Q,2023,Q2
NetIncomeLoss,income_statement,净利润,USD,18368000000.0,2023-06-30,2023-04-01,10-Q,2024,Q2
NetIncomeLoss,income_statement,净利润,USD,53108000000.0,2023-09-30,2023-01-01,10-Q,2023,Q3
NetIncomeLoss,income_statement,净利润,USD,53108000000.0,2023-09-30,2023-01-01,10-Q,2024,Q3
NetIncomeLoss,income_statement,净利润,USD,19689000000.0,2023-09-30,2023-07-01,10-Q,2023,Q3
NetIncomeLoss,income_statement,净利润,USD,19689000000.0,2023-09-30,2023-07-01,10-Q,2024,Q3
NetIncomeLoss,income_statement,净利润,USD,73795000000.0,2023-12-31,2023-01-01,10-K,2023,FY
NetIncomeLoss,income_statement,净利润,USD,73795000000.0,2023-12-31,2023-01-01,10-K,2024,FY
NetIncomeLoss,income_statement,净利润,USD,23662000000.0,2024-03-31,2024-01-01,10-Q,2024,Q1
NetIncomeLoss,income_statement,净利润,USD,23662000000.0,2024-03-31,2024-01-01,10-Q,2025,Q1
NetIncomeLoss,income_statement,净利润,USD,47281000000.0,2024-06-30,2024-01-01,10-Q,2024,Q2
NetIncomeLoss,income_statement,净利润,USD,47281000000.0,2024-06-30,2024-01-01,10-Q,2025,Q2
NetIncomeLoss,income_statement,净利润,USD,23619000000.0,2024-06-30,2024-04-01,10-Q,2024,Q2
NetIncomeLoss,income_statement,净利润,USD,23619000000.0,2024-06-30,2024-04-01,10-Q,2025,Q2
NetIncomeLoss,income_statement,净利润,USD,73582000000.0,2024-09-30,2024-01-01,10-Q,2024,Q3
NetIncomeLoss,income_statement,净利润,USD,26301000000.0,2024-09-30,2024-07-01,10-Q,2024,Q3
NetIncomeLoss,income_statement,净利润,USD,100118000000.0,2024-12-31,2024-01-01,10-K,2024,FY
NetIncomeLoss,income_statement,净利润,USD,34540000000.0,2025-03-31,2025-01-01,10-Q,2025,Q1
NetIncomeLoss,income_statement,净利润,USD,62736000000.0,2025-06-30,2025-01-01,10-Q,2025,Q2
NetIncomeLoss,income_statement,净利润,USD,28196000000.0,2025-06-30,2025-04-01,10-Q,2025,Q2
EarningsPerShareBasic,income_statement,基本每股收益,USD/shares,26.63,2021-03-31,2021-01-01,10-Q,2021,Q1
EarningsPerShareBasic,income_statement,基本每股收益,USD/shares,26.63,2021-03-31,2021-01-01,10-Q,2022,Q1
EarningsPerShareBasic,income_statement,基本每股收益,USD/shares,54.32,2021-06-30,2021-01-01,10-Q,2021,Q2
EarningsPerShareBasic,income_statement,基本每股收益,USD/shares,2.72,2021-06-30,2021-01-01,10-Q,2022,Q2
EarningsPerShareBasic,income_statement,基本每股收益,USD/shares,27.69,2021-06-30,2021-04-01,10-Q,2021,Q2
EarningsPerShareBasic,income_statement,基本每股收益,USD/shares,1.38,2021-06-30,2021-04-01,10-Q,2022,Q2
EarningsPerShareBasic,income_statement,基本每股收益,USD/shares,82.76,2021-09-30,2021-01-01,10-Q,2021,Q3
EarningsPerShareBasic,income_statement,基本每股收益,USD/shares,4.14,2021-09-30,2021-01-01,10-Q,2022,Q3
EarningsPerShareBasic,income_statement,基本每股收益,USD/shares,28.44,2021-09-30,2021-07-01,10-Q,2021,Q3
EarningsPerShareBasic,income_statement,基本每股收益,USD/shares,1.42,2021-09-30,2021-07-01,10-Q,2022,Q3
EarningsPerShareBasic,income_statement,基本每股收益,USD/shares,113.88,2021-12-31,2021-01-01,10-K,2021,FY
EarningsPerShareBasic,income_statement,基本每股收益,USD/shares,5.69,2021-12-31,2021-01-01,10-K,2022,FY
EarningsPerShareBasic,income_statement,基本每股收益,USD/shares,5.69,2021-12-31,2021-01-01,10-K,2023,FY
EarningsPerShareBasic,income_statement,基本每股收益,USD/shares,24.9,2022-03-31,2022-01-01,10-Q,2022,Q1
EarningsPerShareBasic,income_statement,基本每股收益,USD/shares,1.24,2022-03-31,2022-01-01,10-Q,2023,Q1
EarningsPerShareBasic,income_statement,基本每股收益,USD/shares,2.46,2022-06-30,2022-01-01,10-Q,2022,Q2
EarningsPerShareBasic,income_statement,基本每股收益,USD/shares,2.46,2022-06-30,2022-01-01,10-Q,2023,Q2
EarningsPerShareBasic,income_statement,基本每股收益,USD/shares,1.22,2022-06-30,2022-04-01,10-Q,2022,Q2
EarningsPerShareBasic,income_statement,基本每股收益,USD/shares,1.22,2022-06-30,2022-04-01,10-Q,2023,Q2
EarningsPerShareBasic,income_statement,基本每股收益,USD/shares,3.53,2022-09-30,2022-01-01,10-Q,2022,Q3
EarningsPerShareBasic,income_statement,基本每股收益,USD/shares,3.53,2022-09-30,2022-01-01,10-Q,2023,Q3
EarningsPerShareBasic,income_statement,基本每股收益,USD/shares,1.07,2022-09-30,2022-07-01,10-Q,2022,Q3
EarningsPerShareBasic,income_statement,基本每股收益,USD/shares,1.07,2022-09-30,2022-07-01,10-Q,2023,Q3
EarningsPerShareBasic,income_statement,基本每股收益,USD/shares,4.59,2022-12-31,2022-01-01,10-K,2022,FY
EarningsPerShareBasic,income_statement,基本每股收益,USD/shares,4.59,2022-12-31,2022-01-01,10-K,2023,FY
EarningsPerShareBasic,income_statement,基本每股收益,USD/shares,4.59,2022-12-31,2022-01-01,10-K,2024,FY
EarningsPerShareBasic,income_statement,基本每股收益,USD/shares,1.18,2023-03-31,2023-01-01,10-Q,2023,Q1
EarningsPerShareBasic,income_statement,基本每股收益,USD/shares,1.18,2023-03-31,2023-01-01,10-Q,2024,Q1
EarningsPerShareBasic,income_statement,基本每股收益,USD/shares,2.63,2023-06-30,2023-01-01,10-Q,2023,Q2
EarningsPerShareBasic,income_statement,基本每股收益,USD/shares,2.63,2023-06-30,2023-01-01,10-Q,2024,Q2
EarningsPerShareBasic,income_statement,基本每股收益,USD/shares,1.45,2023-06-30,2023-04-01,10-Q,2023,Q2
EarningsPerShareBasic,income_statement,基本每股收益,USD/shares,1.45,2023-06-30,2023-04-01,10-Q,2024,Q2
EarningsPerShareBasic,income_statement,基本每股收益,USD/shares,4.19,2023-09-30,2023-01-01,10-Q,2023,Q3
EarningsPerShareBasic,income_statement,基本每股收益,USD/shares,4.19,2023-09-30,2023-01-01,10-Q,2024,Q3
EarningsPerShareBasic,income_statement,基本每股收益,USD/shares,1.56,2023-09-30,2023-07-01,10-Q,2023,Q3
EarningsPerShareBasic,income_statement,基本每股收益,USD/shares,1.56,2023-09-30,2023-07-01,10-Q,2024,Q3
EarningsPerShareBasic,income_statement,基本每股收益,USD/shares,5.84,2023-12-31,2023-01-01,10-K,2023,FY
EarningsPerShareBasic,income_statement,基本每股收益,USD/shares,5.84,2023-12-31,2023-01-01,10-K,2024,FY
EarningsPerShareBasic,income_statement,基本每股收益,USD/shares,1.91,2024-03-31,2024-01-01,10-Q,2024,Q1
EarningsPerShareBasic,income_statement,基本每股收益,USD/shares,1.91,2024-03-31,2024-01-01,10-Q,2025,Q1
EarningsPerShareBasic,income_statement,基本每股收益,USD/shares,3.82,2024-06-30,2024-01-01,10-Q,2024,Q2
EarningsPerShareBasic,income_statement,基本每股收益,USD/shares,3.82,2024-06-30,2024-01-01,10-Q,2025,Q2
EarningsPerShareBasic,income_statement,基本每股收益,USD/shares,1.91,2024-06-30,2024-04-01,10-Q,2024,Q2
EarningsPerShareBasic,income_statement,基本每股收益,USD/shares,1.91,2024-06-30,2024-04-01,10-Q,2025,Q2
EarningsPerShareBasic,income_statement,基本每股收益,USD/shares,5.96,2024-09-30,2024-01-01,10-Q,2024,Q3
EarningsPerShareBasic,income_statement,基本每股收益,USD/shares,2.14,2024-09-30,2024-07-01,10-Q,2024,Q3
EarningsPerShareBasic,income_statement,基本每股收益,USD/shares,8.13,2024-12-31,2024-01-01,10-K,2024,FY
EarningsPerShareBasic,income_statement,基本每股收益,USD/shares,2.84,2025-03-31,2025-01-01,10-Q,2025,Q1
EarningsPerShareBasic,income_statement,基本每股收益,USD/shares,5.16,2025-06-30,2025-01-01,10-Q,2025,Q2
EarningsPerShareBasic,income_statement,基本每股收益,USD/shares,2.33,2025-06-30,2025-04-01,10-Q,2025,Q2
EarningsPerShareDiluted,income_statement,稀释每股收益,USD/shares,26.29,2021-03-31,2021-01-01,10-Q,2021,Q1
EarningsPerShareDiluted,income_statement,稀释每股收益,USD/shares,26.29,2021-03-31,2021-01-01,10-Q,2022,Q1
EarningsPerShareDiluted,income_statement,稀释每股收益,USD/shares,53.54,2021-06-30,2021-01-01,10-Q,2021,Q2
EarningsPerShareDiluted,income_statement,稀释每股收益,USD/shares,2.68,2021-06-30,2021-01-01,10-Q,2022,Q2
EarningsPerShareDiluted,income_statement,稀释每股收益,USD/shares,27.26,2021-06-30,2021-04-01,10-Q,2021,Q2
EarningsPerShareDiluted,income_statement,稀释每股收益,USD/shares,1.36,2021-06-30,2021-04-01,10-Q,2022,Q2
EarningsPerShareDiluted,income_statement,稀释每股收益,USD/shares,81.53,2021-09-30,2021-01-01,10-Q,2021,Q3
EarningsPerShareDiluted,income_statement,稀释每股收益,USD/shares,4.08,2021-09-30,2021-01-01,10-Q,2022,Q3
EarningsPerShareDiluted,income_statement,稀释每股收益,USD/shares,27.99,2021-09-30,2021-07-01,10-Q,2021,Q3
EarningsPerShareDiluted,income_statement,稀释每股收益,USD/shares,1.4,2021-09-30,2021-07-01,10-Q,2022,Q3
EarningsPerShareDiluted,income_statement,稀释每股收益,USD/shares,112.2,2021-12-31,2021-01-01,10-K,2021,FY
EarningsPerShareDiluted,income_statement,稀释每股收益,USD/shares,5.61,2021-12-31,2021-01-01,10-K,2022,FY
EarningsPerShareDiluted,income_statement,稀释每股收益,USD/shares,5.61,2021-12-31,2021-01-01,10-K,2023,FY
EarningsPerShareDiluted,income_statement,稀释每股收益,USD/shares,24.62,2022-03-31,2022-01-01,10-Q,2022,Q1
EarningsPerShareDiluted,income_statement,稀释每股收益,USD/shares,1.23,2022-03-31,2022-01-01,10-Q,2023,Q1
EarningsPerShareDiluted,income_statement,稀释每股收益,USD/shares,2.44,2022-06-30,2022-01-01,10-Q,2022,Q2
EarningsPerShareDiluted,income_statement,稀释每股收益,USD/shares,2.44,2022-06-30,2022-01-01,10-Q,2023,Q2
EarningsPerShareDiluted,income_statement,稀释每股收益,USD/shares,1.21,2022-06-30,2022-04-01,10-Q,2022,Q2
EarningsPerShareDiluted,income_statement,稀释每股收益,USD/shares,1.21,2022-06-30,2022-04-01,10-Q,2023,Q2
EarningsPerShareDiluted,income_statement,稀释每股收益,USD/shares,3.5,2022-09-30,2022-01-01,10-Q,2022,Q3
EarningsPerShareDiluted,income_statement,稀释每股收益,USD/shares,3.5,2022-09-30,2022-01-01,10-Q,2023,Q3
EarningsPerShareDiluted,income_statement,稀释每股收益,USD/shares,1.06,2022-09-30,2022-07-01,10-Q,2022,Q3
EarningsPerShareDiluted,income_statement,稀释每股收益,USD/shares,1.06,2022-09-30,2022-07-01,10-Q,2023,Q3
EarningsPerShareDiluted,income_statement,稀释每股收益,USD/shares,4.56,2022-12-31,2022-01-01,10-K,2022,FY
EarningsPerShareDiluted,income_statement,稀释每股收益,USD/shares,4.56,2022-12-31,2022-01-01,10-K,2023,FY
EarningsPerShareDiluted,income_statement,稀释每股收益,USD/shares,4.56,2022-12-31,2022-01-01,10-K,2024,FY
EarningsPerShareDiluted,income_statement,稀释每股收益,USD/shares,1.17,2023-03-31,2023-01-01,10-Q,2023,Q1
EarningsPerShareDiluted,income_statement,稀释每股收益,USD/shares,1.17,2023-03-31,2023-01-01,10-Q,2024,Q1
EarningsPerShareDiluted,income_statement,稀释每股收益,USD/shares,2.61,2023-06-30,2023-01-01,10-Q,2023,Q2
EarningsPerShareDiluted,income_statement,稀释每股收益,USD/shares,2.61,2023-06-30,2023-01-01,10-Q,2024,Q2
EarningsPerShareDiluted,income_statement,稀释每股收益,USD/shares,1.44,2023-06-30,2023-04-01,10-Q,2023,Q2
EarningsPerShareDiluted,income_statement,稀释每股收益,USD/shares,1.44,2023-06-30,2023-04-01,10-Q,2024,Q2
EarningsPerShareDiluted,income_statement,稀释每股收益,USD/shares,4.16,2023-09-30,2023-01-01,10-Q,2023,Q3
EarningsPerShareDiluted,income_statement,稀释每股收益,USD/shares,4.16,2023-09-30,2023-01-01,10-Q,2024,Q3
EarningsPerShareDiluted,income_statement,稀释每股收益,USD/shares,1.55,2023-09-30,2023-07-01,10-Q,2023,Q3
EarningsPerShareDiluted,income_statement,稀释每股收益,USD/shares,1.55,2023-09-30,2023-07-01,10-Q,2024,Q3
EarningsPerShareDiluted,income_statement,稀释每股收益,USD/shares,5.8,2023-12-31,2023-01-01,10-K,2023,FY
EarningsPerShareDiluted,income_statement,稀释每股收益,USD/shares,5.8,2023-12-31,2023-01-01,10-K,2024,FY
EarningsPerShareDiluted,income_statement,稀释每股收益,USD/shares,1.89,2024-03-31,2024-01-01,10-Q,2024,Q1
EarningsPerShareDiluted,income_statement,稀释每股收益,USD/shares,1.89,2024-03-31,2024-01-01,10-Q,2025,Q1
EarningsPerShareDiluted,income_statement,稀释每股收益,USD/shares,3.78,2024-06-30,2024-01-01,10-Q,2024,Q2
EarningsPerShareDiluted,income_statement,稀释每股收益,USD/shares,3.78,2024-06-30,2024-01-01,10-Q,2025,Q2
EarningsPerShareDiluted,income_statement,稀释每股收益,USD/shares,1.89,2024-06-30,2024-04-01,10-Q,2024,Q2
EarningsPerShareDiluted,income_statement,稀释每股收益,USD/shares,1.89,2024-06-30,2024-04-01,10-Q,2025,Q2
EarningsPerShareDiluted,income_statement,稀释每股收益,USD/shares,5.9,2024-09-30,2024-01-01,10-Q,2024,Q3
EarningsPerShareDiluted,income_statement,稀释每股收益,USD/shares,2.12,2024-09-30,2024-07-01,10-Q,2024,Q3
EarningsPerShareDiluted,income_statement,稀释每股收益,USD/shares,8.04,2024-12-31,2024-01-01,10-K,2024,FY
EarningsPerShareDiluted,income_statement,稀释每股收益,USD/shares,2.81,2025-03-31,2025-01-01,10-Q,2025,Q1
EarningsPerShareDiluted,income_statement,稀释每股收益,USD/shares,5.12,2025-06-30,2025-01-01,10-Q,2025,Q2
EarningsPerShareDiluted,income_statement,稀释每股收益,USD/shares,2.31,2025-06-30,2025-04-01,10-Q,2025,Q2
Assets,balance_sheet,总资产,USD,327095000000.0,2021-03-31,,10-Q,2021,Q1
Assets,balance_sheet,总资产,USD,335387000000.0,2021-06-30,,10-Q,2021,Q2
Assets,balance_sheet,总资产,USD,347403000000.0,2021-09-30,,10-Q,2021,Q3
Assets,balance_sheet,总资产,USD,359268000000.0,2021-12-31,,10-K,2021,FY
Assets,balance_sheet,总资产,USD,359268000000.0,2021-12-31,,10-Q,2022,Q1
Assets,balance_sheet,总资产,USD,359268000000.0,2021-12-31,,10-Q,2022,Q2
Assets,balance_sheet,总资产,USD,359268000000.0,2021-12-31,,10-Q,2022,Q3
Assets,balance_sheet,总资产,USD,359268000000.0,2021-12-31,,10-K,2022,FY
Assets,balance_sheet,总资产,USD,357096000000.0,2022-03-31,,10-Q,2022,Q1
Assets,balance_sheet,总资产,USD,355185000000.0,2022-06-30,,10-Q,2022,Q2
Assets,balance_sheet,总资产,USD,358255000000.0,2022-09-30,,10-Q,2022,Q3
Assets,balance_sheet,总资产,USD,365264000000.0,2022-12-31,,10-K,2022,FY
Assets,balance_sheet,总资产,USD,365264000000.0,2022-12-31,,10-Q,2023,Q1
Assets,balance_sheet,总资产,USD,365264000000.0,2022-12-31,,10-Q,2023,Q2
Assets,balance_sheet,总资产,USD,365264000000.0,2022-12-31,,10-Q,2023,Q3
Assets,balance_sheet,总资产,USD,365264000000.0,2022-12-31,,10-K,2023,FY
Assets,balance_sheet,总资产,USD,369491000000.0,2023-03-31,,10-Q,2023,Q1
Assets,balance_sheet,总资产,USD,383044000000.0,2023-06-30,,10-Q,2023,Q2
Assets,balance_sheet,总资产,USD,396711000000.0,2023-09-30,,10-Q,2023,Q3
Assets,balance_sheet,总资产,USD,402392000000.0,2023-12-31,,10-K,2023,FY
Assets,balance_sheet,总资产,USD,402392000000.0,2023-12-31,,10-Q,2024,Q1
Assets,balance_sheet,总资产,USD,402392000000.0,2023-12-31,,10-Q,2024,Q2
Assets,balance_sheet,总资产,USD,402392000000.0,2023-12-31,,10-Q,2024,Q3
Assets,balance_sheet,总资产,USD,402392000000.0,2023-12-31,,10-K,2024,FY
Assets,balance_sheet,总资产,USD,407350000000.0,2024-03-31,,10-Q,2024,Q1
Assets,balance_sheet,总资产,USD,414770000000.0,2024-06-30,,10-Q,2024,Q2
Assets,balance_sheet,总资产,USD,430266000000.0,2024-09-30,,10-Q,2024,Q3
Assets,balance_sheet,总资产,USD,450256000000.0,2024-12-31,,10-K,2024,FY
Assets,balance_sheet,总资产,USD,450256000000.0,2024-12-31,,10-Q,2025,Q1
Assets,balance_sheet,总资产,USD,450256000000.0,2024-12-31,,10-Q,2025,Q2
Assets,balance_sheet,总资产,USD,475374000000.0,2025-03-31,,10-Q,2025,Q1
Assets,balance_sheet,总资产,USD,502053000000.0,2025-06-30,,10-Q,2025,Q2
AssetsCurrent,balance_sheet,流动资产,USD,172137000000.0,2021-03-31,,10-Q,2021,Q1
AssetsCurrent,balance_sheet,流动资产,USD,175697000000.0,2021-06-30,,10-Q,2021,Q2
AssetsCurrent,balance_sheet,流动资产,USD,184110000000.0,2021-09-30,,10-Q,2021,Q3
AssetsCurrent,balance_sheet,流动资产,USD,188143000000.0,2021-12-31,,10-K,2021,FY
AssetsCurrent,balance_sheet,流动资产,USD,188143000000.0,2021-12-31,,10-Q,2022,Q1
AssetsCurrent,balance_sheet,流动资产,USD,188143000000.0,2021-12-31,,10-Q,2022,Q2
AssetsCurrent,balance_sheet,流动资产,USD,188143000000.0,2021-12-31,,10-Q,2022,Q3
AssetsCurrent,balance_sheet,流动资产,USD,188143000000.0,2021-12-31,,10-K,2022,FY
AssetsCurrent,balance_sheet,流动资产,USD,177853000000.0,2022-03-31,,10-Q,2022,Q1
AssetsCurrent,balance_sheet,流动资产,USD,172371000000.0,2022-06-30,,10-Q,2022,Q2
AssetsCurrent,balance_sheet,流动资产,USD,166109000000.0,2022-09-30,,10-Q,2022,Q3
AssetsCurrent,balance_sheet,流动资产,USD,164795000000.0,2022-12-31,,10-K,2022,FY
AssetsCurrent,balance_sheet,流动资产,USD,164795000000.0,2022-12-31,,10-Q,2023,Q1
AssetsCurrent,balance_sheet,流动资产,USD,164795000000.0,2022-12-31,,10-Q,2023,Q2
AssetsCurrent,balance_sheet,流动资产,USD,164795000000.0,2022-12-31,,10-Q,2023,Q3
AssetsCurrent,balance_sheet,流动资产,USD,164795000000.0,2022-12-31,,10-K,2023,FY
AssetsCurrent,balance_sheet,流动资产,USD,161985000000.0,2023-03-31,,10-Q,2023,Q1
AssetsCurrent,balance_sheet,流动资产,USD,168788000000.0,2023-06-30,,10-Q,2023,Q2
AssetsCurrent,balance_sheet,流动资产,USD,176310000000.0,2023-09-30,,10-Q,2023,Q3
AssetsCurrent,balance_sheet,流动资产,USD,171530000000.0,2023-12-31,,10-K,2023,FY
AssetsCurrent,balance_sheet,流动资产,USD,171530000000.0,2023-12-31,,10-Q,2024,Q1
AssetsCurrent,balance_sheet,流动资产,USD,171530000000.0,2023-12-31,,10-Q,2024,Q2
AssetsCurrent,balance_sheet,流动资产,USD,171530000000.0,2023-12-31,,10-Q,2024,Q3
AssetsCurrent,balance_sheet,流动资产,USD,171530000000.0,2023-12-31,,10-K,2024,FY
AssetsCurrent,balance_sheet,流动资产,USD,165471000000.0,2024-03-31,,10-Q,2024,Q1
AssetsCurrent,balance_sheet,流动资产,USD,161995000000.0,2024-06-30,,10-Q,2024,Q2
AssetsCurrent,balance_sheet,流动资产,USD,157541000000.0,2024-09-30,,10-Q,2024,Q3
AssetsCurrent,balance_sheet,流动资产,USD,163711000000.0,2024-12-31,,10-K,2024,FY
AssetsCurrent,balance_sheet,流动资产,USD,163711000000.0,2024-12-31,,10-Q,2025,Q1
AssetsCurrent,balance_sheet,流动资产,USD,163711000000.0,2024-12-31,,10-Q,2025,Q2
AssetsCurrent,balance_sheet,流动资产,USD,162052000000.0,2025-03-31,,10-Q,2025,Q1
AssetsCurrent,balance_sheet,流动资产,USD,166216000000.0,2025-06-30,,10-Q,2025,Q2
CashAndCashEquivalentsAtCarryingValue,balance_sheet,现金及现金等价物,USD,26622000000.0,2021-03-31,,10-Q,2021,Q1
CashAndCashEquivalentsAtCarryingValue,balance_sheet,现金及现金等价物,USD,23630000000.0,2021-06-30,,10-Q,2021,Q2
CashAndCashEquivalentsAtCarryingValue,balance_sheet,现金及现金等价物,USD,23719000000.0,2021-09-30,,10-Q,2021,Q3
CashAndCashEquivalentsAtCarryingValue,balance_sheet,现金及现金等价物,USD,20945000000.0,2021-12-31,,10-K,2021,FY
CashAndCashEquivalentsAtCarryingValue,balance_sheet,现金及现金等价物,USD,20945000000.0,2021-12-31,,10-Q,2022,Q1
CashAndCashEquivalentsAtCarryingValue,balance_sheet,现金及现金等价物,USD,20945000000.0,2021-12-31,,10-Q,2022,Q2
CashAndCashEquivalentsAtCarryingValue,balance_sheet,现金及现金等价物,USD,20945000000.0,2021-12-31,,10-Q,2022,Q3
CashAndCashEquivalentsAtCarryingValue,balance_sheet,现金及现金等价物,USD,20945000000.0,2021-12-31,,10-K,2022,FY
CashAndCashEquivalentsAtCarryingValue,balance_sheet,现金及现金等价物,USD,20886000000.0,2022-03-31,,10-Q,2022,Q1
CashAndCashEquivalentsAtCarryingValue,balance_sheet,现金及现金等价物,USD,17936000000.0,2022-06-30,,10-Q,2022,Q2
CashAndCashEquivalentsAtCarryingValue,balance_sheet,现金及现金等价物,USD,21984000000.0,2022-09-30,,10-Q,2022,Q3
CashAndCashEquivalentsAtCarryingValue,balance_sheet,现金及现金等价物,USD,21879000000.0,2022-12-31,,10-K,2022,FY
CashAndCashEquivalentsAtCarryingValue,balance_sheet,现金及现金等价物,USD,21879000000.0,2022-12-31,,10-Q,2023,Q1
CashAndCashEquivalentsAtCarryingValue,balance_sheet,现金及现金等价物,USD,21879000000.0,2022-12-31,,10-Q,2023,Q2
CashAndCashEquivalentsAtCarryingValue,balance_sheet,现金及现金等价物,USD,21879000000.0,2022-12-31,,10-Q,2023,Q3
CashAndCashEquivalentsAtCarryingValue,balance_sheet,现金及现金等价物,USD,21879000000.0,2022-12-31,,10-K,2023,FY
CashAndCashEquivalentsAtCarryingValue,balance_sheet,现金及现金等价物,USD,25924000000.0,2023-03-31,,10-Q,2023,Q1
CashAndCashEquivalentsAtCarryingValue,balance_sheet,现金及现金等价物,USD,25929000000.0,2023-06-30,,10-Q,2023,Q2
CashAndCashEquivalentsAtCarryingValue,balance_sheet,现金及现金等价物,USD,30702000000.0,2023-09-30,,10-Q,2023,Q3
CashAndCashEquivalentsAtCarryingValue,balance_sheet,现金及现金等价物,USD,24048000000.0,2023-12-31,,10-K,2023,FY
CashAndCashEquivalentsAtCarryingValue,balance_sheet,现金及现金等价物,USD,24048000000.0,2023-12-31,,10-Q,2024,Q1
CashAndCashEquivalentsAtCarryingValue,balance_sheet,现金及现金等价物,USD,24048000000.0,2023-12-31,,10-Q,2024,Q2
CashAndCashEquivalentsAtCarryingValue,balance_sheet,现金及现金等价物,USD,24048000000.0,2023-12-31,,10-Q,2024,Q3
CashAndCashEquivalentsAtCarryingValue,balance_sheet,现金及现金等价物,USD,24048000000.0,2023-12-31,,10-K,2024,FY
CashAndCashEquivalentsAtCarryingValue,balance_sheet,现金及现金等价物,USD,24493000000.0,2024-03-31,,10-Q,2024,Q1
CashAndCashEquivalentsAtCarryingValue,balance_sheet,现金及现金等价物,USD,27225000000.0,2024-06-30,,10-Q,2024,Q2
CashAndCashEquivalentsAtCarryingValue,balance_sheet,现金及现金等价物,USD,19959000000.0,2024-09-30,,10-Q,2024,Q3
CashAndCashEquivalentsAtCarryingValue,balance_sheet,现金及现金等价物,USD,23466000000.0,2024-12-31,,10-K,2024,FY
CashAndCashEquivalentsAtCarryingValue,balance_sheet,现金及现金等价物,USD,23466000000.0,2024-12-31,,10-Q,2025,Q1
CashAndCashEquivalentsAtCarryingValue,balance_sheet,现金及现金等价物,USD,23466000000.0,2024-12-31,,10-Q,2025,Q2
CashAndCashEquivalentsAtCarryingValue,balance_sheet,现金及现金等价物,USD,23264000000.0,2025-03-31,,10-Q,2025,Q1
CashAndCashEquivalentsAtCarryingValue,balance_sheet,现金及现金等价物,USD,21036000000.0,2025-06-30,,10-Q,2025,Q2
AccountsReceivableNetCurrent,balance_sheet,应收账款净额,USD,28006000000.0,2021-03-31,,10-Q,2021,Q1
AccountsReceivableNetCurrent,balance_sheet,应收账款净额,USD,31967000000.0,2021-06-30,,10-Q,2021,Q2
AccountsReceivableNetCurrent,balance_sheet,应收账款净额,USD,34047000000.0,2021-09-30,,10-Q,2021,Q3
AccountsReceivableNetCurrent,balance_sheet,应收账款净额,USD,39304000000.0,2021-12-31,,10-K,2021,FY
AccountsReceivableNetCurrent,balance_sheet,应收账款净额,USD,39304000000.0,2021-12-31,,10-Q,2022,Q1
AccountsReceivableNetCurrent,balance_sheet,应收账款净额,USD,39304000000.0,2021-12-31,,10-Q,2022,Q2
AccountsReceivableNetCurrent,balance_sheet,应收账款净额,USD,39304000000.0,2021-12-31,,10-Q,2022,Q3
AccountsReceivableNetCurrent,balance_sheet,应收账款净额,USD,39304000000.0,2021-12-31,,10-K,2022,FY
AccountsReceivableNetCurrent,balance_sheet,应收账款净额,USD,34703000000.0,2022-03-31,,10-Q,2022,Q1
AccountsReceivableNetCurrent,balance_sheet,应收账款净额,USD,35707000000.0,2022-06-30,,10-Q,2022,Q2
AccountsReceivableNetCurrent,balance_sheet,应收账款净额,USD,34697000000.0,2022-09-30,,10-Q,2022,Q3
AccountsReceivableNetCurrent,balance_sheet,应收账款净额,USD,40258000000.0,2022-12-31,,10-K,2022,FY
AccountsReceivableNetCurrent,balance_sheet,应收账款净额,USD,40258000000.0,2022-12-31,,10-Q,2023,Q1
AccountsReceivableNetCurrent,balance_sheet,应收账款净额,USD,40258000000.0,2022-12-31,,10-Q,2023,Q2
AccountsReceivableNetCurrent,balance_sheet,应收账款净额,USD,40258000000.0,2022-12-31,,10-Q,2023,Q3
AccountsReceivableNetCurrent,balance_sheet,应收账款净额,USD,40258000000.0,2022-12-31,,10-K,2023,FY
AccountsReceivableNetCurrent,balance_sheet,应收账款净额,USD,36036000000.0,2023-03-31,,10-Q,2023,Q1
AccountsReceivableNetCurrent,balance_sheet,应收账款净额,USD,38804000000.0,2023-06-30,,10-Q,2023,Q2
AccountsReceivableNetCurrent,balance_sheet,应收账款净额,USD,41020000000.0,2023-09-30,,10-Q,2023,Q3
AccountsReceivableNetCurrent,balance_sheet,应收账款净额,USD,47964000000.0,2023-12-31,,10-K,2023,FY
AccountsReceivableNetCurrent,balance_sheet,应收账款净额,USD,47964000000.0,2023-12-31,,10-Q,2024,Q1
AccountsReceivableNetCurrent,balance_sheet,应收账款净额,USD,47964000000.0,2023-12-31,,10-Q,2024,Q2
AccountsReceivableNetCurrent,balance_sheet,应收账款净额,USD,47964000000.0,2023-12-31,,10-Q,2024,Q3
AccountsReceivableNetCurrent,balance_sheet,应收账款净额,USD,47964000000.0,2023-12-31,,10-K,2024,FY
AccountsReceivableNetCurrent,balance_sheet,应收账款净额,USD,44552000000.0,2024-03-31,,10-Q,2024,Q1
AccountsReceivableNetCurrent,balance_sheet,应收账款净额,USD,47087000000.0,2024-06-30,,10-Q,2024,Q2
AccountsReceivableNetCurrent,balance_sheet,应收账款净额,USD,49104000000.0,2024-09-30,,10-Q,2024,Q3
AccountsReceivableNetCurrent,balance_sheet,应收账款净额,USD,52340000000.0,2024-12-31,,10-K,2024,FY
AccountsReceivableNetCurrent,balance_sheet,应收账款净额,USD,52340000000.0,2024-12-31,,10-Q,2025,Q1
AccountsReceivableNetCurrent,balance_sheet,应收账款净额,USD,52340000000.0,2024-12-31,,10-Q,2025,Q2
AccountsReceivableNetCurrent,balance_sheet,应收账款净额,USD,51000000000.0,2025-03-31,,10-Q,2025,Q1
AccountsReceivableNetCurrent,balance_sheet,应收账款净额,USD,55048000000.0,2025-06-30,,10-Q,2025,Q2
InventoryNet,balance_sheet,存货净额,USD,888000000.0,2021-03-31,,10-Q,2021,Q1
InventoryNet,balance_sheet,存货净额,USD,907000000.0,2021-06-30,,10-Q,2021,Q2
InventoryNet,balance_sheet,存货净额,USD,1278000000.0,2021-09-30,,10-Q,2021,Q3
InventoryNet,balance_sheet,存货净额,USD,1170000000.0,2021-12-31,,10-K,2021,FY
InventoryNet,balance_sheet,存货净额,USD,1170000000.0,2021-12-31,,10-Q,2022,Q1
InventoryNet,balance_sheet,存货净额,USD,1170000000.0,2021-12-31,,10-Q,2022,Q2
InventoryNet,balance_sheet,存货净额,USD,1170000000.0,2021-12-31,,10-Q,2022,Q3
InventoryNet,balance_sheet,存货净额,USD,1170000000.0,2021-12-31,,10-K,2022,FY
InventoryNet,balance_sheet,存货净额,USD,1369000000.0,2022-03-31,,10-Q,2022,Q1
InventoryNet,balance_sheet,存货净额,USD,1980000000.0,2022-06-30,,10-Q,2022,Q2
InventoryNet,balance_sheet,存货净额,USD,3156000000.0,2022-09-30,,10-Q,2022,Q3
InventoryNet,balance_sheet,存货净额,USD,2670000000.0,2022-12-31,,10-K,2022,FY
InventoryNet,balance_sheet,存货净额,USD,2670000000.0,2022-12-31,,10-Q,2023,Q1
InventoryNet,balance_sheet,存货净额,USD,2670000000.0,2022-12-31,,10-Q,2023,Q2
InventoryNet,balance_sheet,存货净额,USD,2670000000.0,2022-12-31,,10-Q,2023,Q3
InventoryNet,balance_sheet,存货净额,USD,2315000000.0,2023-03-31,,10-Q,2023,Q1
InventoryNet,balance_sheet,存货净额,USD,2231000000.0,2023-06-30,,10-Q,2023,Q2
InventoryNet,balance_sheet,存货净额,USD,2957000000.0,2023-09-30,,10-Q,2023,Q3
Liabilities,balance_sheet,总负债,USD,97082000000.0,2021-03-31,,10-Q,2021,Q1
Liabilities,balance_sheet,总负债,USD,97822000000.0,2021-06-30,,10-Q,2021,Q2
Liabilities,balance_sheet,总负债,USD,102836000000.0,2021-09-30,,10-Q,2021,Q3
Liabilities,balance_sheet,总负债,USD,107633000000.0,2021-12-31,,10-K,2021,FY
Liabilities,balance_sheet,总负债,USD,107633000000.0,2021-12-31,,10-Q,2022,Q1
Liabilities,balance_sheet,总负债,USD,107633000000.0,2021-12-31,,10-Q,2022,Q2
Liabilities,balance_sheet,总负债,USD,107633000000.0,2021-12-31,,10-Q,2022,Q3
Liabilities,balance_sheet,总负债,USD,107633000000.0,2021-12-31,,10-K,2022,FY
Liabilities,balance_sheet,总负债,USD,103092000000.0,2022-03-31,,10-Q,2022,Q1
Liabilities,balance_sheet,总负债,USD,99766000000.0,2022-06-30,,10-Q,2022,Q2
Liabilities,balance_sheet,总负债,USD,104629000000.0,2022-09-30,,10-Q,2022,Q3
Liabilities,balance_sheet,总负债,USD,109120000000.0,2022-12-31,,10-K,2022,FY
Liabilities,balance_sheet,总负债,USD,109120000000.0,2022-12-31,,10-Q,2023,Q1
Liabilities,balance_sheet,总负债,USD,109120000000.0,2022-12-31,,10-Q,2023,Q2
Liabilities,balance_sheet,总负债,USD,109120000000.0,2022-12-31,,10-Q,2023,Q3
Liabilities,balance_sheet,总负债,USD,109120000000.0,2022-12-31,,10-K,2023,FY
Liabilities,balance_sheet,总负债,USD,108597000000.0,2023-03-31,,10-Q,2023,Q1
Liabilities,balance_sheet,总负债,USD,115903000000.0,2023-06-30,,10-Q,2023,Q2
Liabilities,balance_sheet,总负债,USD,123509000000.0,2023-09-30,,10-Q,2023,Q3
Liabilities,balance_sheet,总负债,USD,119013000000.0,2023-12-31,,10-K,2023,FY
Liabilities,balance_sheet,总负债,USD,119013000000.0,2023-12-31,,10-Q,2024,Q1
Liabilities,balance_sheet,总负债,USD,119013000000.0,2023-12-31,,10-Q,2024,Q2
Liabilities,balance_sheet,总负债,USD,119013000000.0,2023-12-31,,10-Q,2024,Q3
Liabilities,balance_sheet,总负债,USD,119013000000.0,2023-12-31,,10-K,2024,FY
Liabilities,balance_sheet,总负债,USD,114506000000.0,2024-03-31,,10-Q,2024,Q1
Liabilities,balance_sheet,总负债,USD,114017000000.0,2024-06-30,,10-Q,2024,Q2
Liabilities,balance_sheet,总负债,USD,116147000000.0,2024-09-30,,10-Q,2024,Q3
Liabilities,balance_sheet,总负债,USD,125172000000.0,2024-12-31,,10-K,2024,FY
Liabilities,balance_sheet,总负债,USD,125172000000.0,2024-12-31,,10-Q,2025,Q1
Liabilities,balance_sheet,总负债,USD,125172000000.0,2024-12-31,,10-Q,2025,Q2
Liabilities,balance_sheet,总负债,USD,130107000000.0,2025-03-31,,10-Q,2025,Q1
Liabilities,balance_sheet,总负债,USD,139137000000.0,2025-06-30,,10-Q,2025,Q2
LiabilitiesCurrent,balance_sheet,流动负债,USD,55453000000.0,2021-03-31,,10-Q,2021,Q1
LiabilitiesCurrent,balance_sheet,流动负债,USD,55741000000.0,2021-06-30,,10-Q,2021,Q2
LiabilitiesCurrent,balance_sheet,流动负债,USD,61782000000.0,2021-09-30,,10-Q,2021,Q3
LiabilitiesCurrent,balance_sheet,流动负债,USD,64254000000.0,2021-12-31,,10-K,2021,FY
LiabilitiesCurrent,balance_sheet,流动负债,USD,64254000000.0,2021-12-31,,10-Q,2022,Q1
LiabilitiesCurrent,balance_sheet,流动负债,USD,64254000000.0,2021-12-31,,10-Q,2022,Q2
LiabilitiesCurrent,balance_sheet,流动负债,USD,64254000000.0,2021-12-31,,10-Q,2022,Q3
LiabilitiesCurrent,balance_sheet,流动负债,USD,64254000000.0,2021-12-31,,10-K,2022,FY
LiabilitiesCurrent,balance_sheet,流动负债,USD,61948000000.0,2022-03-31,,10-Q,2022,Q1
LiabilitiesCurrent,balance_sheet,流动负债,USD,61354000000.0,2022-06-30,,10-Q,2022,Q2
LiabilitiesCurrent,balance_sheet,流动负债,USD,65979000000.0,2022-09-30,,10-Q,2022,Q3
LiabilitiesCurrent,balance_sheet,流动负债,USD,69300000000.0,2022-12-31,,10-K,2022,FY
LiabilitiesCurrent,balance_sheet,流动负债,USD,69300000000.0,2022-12-31,,10-Q,2023,Q1
LiabilitiesCurrent,balance_sheet,流动负债,USD,69300000000.0,2022-12-31,,10-Q,2023,Q2
LiabilitiesCurrent,balance_sheet,流动负债,USD,69300000000.0,2022-12-31,,10-Q,2023,Q3
LiabilitiesCurrent,balance_sheet,流动负债,USD,69300000000.0,2022-12-31,,10-K,2023,FY
LiabilitiesCurrent,balance_sheet,流动负债,USD,68854000000.0,2023-03-31,,10-Q,2023,Q1
LiabilitiesCurrent,balance_sheet,流动负债,USD,77709000000.0,2023-06-30,,10-Q,2023,Q2
LiabilitiesCurrent,balance_sheet,流动负债,USD,86295000000.0,2023-09-30,,10-Q,2023,Q3
LiabilitiesCurrent,balance_sheet,流动负债,USD,81814000000.0,2023-12-31,,10-K,2023,FY
LiabilitiesCurrent,balance_sheet,流动负债,USD,81814000000.0,2023-12-31,,10-Q,2024,Q1
LiabilitiesCurrent,balance_sheet,流动负债,USD,81814000000.0,2023-12-31,,10-Q,2024,Q2
LiabilitiesCurrent,balance_sheet,流动负债,USD,81814000000.0,2023-12-31,,10-Q,2024,Q3
LiabilitiesCurrent,balance_sheet,流动负债,USD,81814000000.0,2023-12-31,,10-K,2024,FY
LiabilitiesCurrent,balance_sheet,流动负债,USD,76997000000.0,2024-03-31,,10-Q,2024,Q1
LiabilitiesCurrent,balance_sheet,流动负债,USD,77913000000.0,2024-06-30,,10-Q,2024,Q2
LiabilitiesCurrent,balance_sheet,流动负债,USD,80803000000.0,2024-09-30,,10-Q,2024,Q3
LiabilitiesCurrent,balance_sheet,流动负债,USD,89122000000.0,2024-12-31,,10-K,2024,FY
LiabilitiesCurrent,balance_sheet,流动负债,USD,89122000000.0,2024-12-31,,10-Q,2025,Q1
LiabilitiesCurrent,balance_sheet,流动负债,USD,89122000000.0,2024-12-31,,10-Q,2025,Q2
LiabilitiesCurrent,balance_sheet,流动负债,USD,91654000000.0,2025-03-31,,10-Q,2025,Q1
LiabilitiesCurrent,balance_sheet,流动负债,USD,87310000000.0,2025-06-30,,10-Q,2025,Q2
AccountsPayableCurrent,balance_sheet,应付账款,USD,4801000000.0,2021-03-31,,10-Q,2021,Q1
AccountsPayableCurrent,balance_sheet,应付账款,USD,4708000000.0,2021-06-30,,10-Q,2021,Q2
AccountsPayableCurrent,balance_sheet,应付账款,USD,4616000000.0,2021-09-30,,10-Q,2021,Q3
AccountsPayableCurrent,balance_sheet,应付账款,USD,6037000000.0,2021-12-31,,10-K,2021,FY
AccountsPayableCurrent,balance_sheet,应付账款,USD,6037000000.0,2021-12-31,,10-Q,2022,Q1
AccountsPayableCurrent,balance_sheet,应付账款,USD,6037000000.0,2021-12-31,,10-Q,2022,Q2
AccountsPayableCurrent,balance_sheet,应付账款,USD,6037000000.0,2021-12-31,,10-Q,2022,Q3
AccountsPayableCurrent,balance_sheet,应付账款,USD,6037000000.0,2021-12-31,,10-K,2022,FY
AccountsPayableCurrent,balance_sheet,应付账款,USD,3436000000.0,2022-03-31,,10-Q,2022,Q1
AccountsPayableCurrent,balance_sheet,应付账款,USD,4409000000.0,2022-06-30,,10-Q,2022,Q2
AccountsPayableCurrent,balance_sheet,应付账款,USD,6303000000.0,2022-09-30,,10-Q,2022,Q3
AccountsPayableCurrent,balance_sheet,应付账款,USD,5128000000.0,2022-12-31,,10-K,2022,FY
AccountsPayableCurrent,balance_sheet,应付账款,USD,5128000000.0,2022-12-31,,10-Q,2023,Q1
AccountsPayableCurrent,balance_sheet,应付账款,USD,5128000000.0,2022-12-31,,10-Q,2023,Q2
AccountsPayableCurrent,balance_sheet,应付账款,USD,5128000000.0,2022-12-31,,10-Q,2023,Q3
AccountsPayableCurrent,balance_sheet,应付账款,USD,5128000000.0,2022-12-31,,10-K,2023,FY
AccountsPayableCurrent,balance_sheet,应付账款,USD,4184000000.0,2023-03-31,,10-Q,2023,Q1
AccountsPayableCurrent,balance_sheet,应付账款,USD,5313000000.0,2023-06-30,,10-Q,2023,Q2
AccountsPayableCurrent,balance_sheet,应付账款,USD,5803000000.0,2023-09-30,,10-Q,2023,Q3
AccountsPayableCurrent,balance_sheet,应付账款,USD,7493000000.0,2023-12-31,,10-K,2023,FY
AccountsPayableCurrent,balance_sheet,应付账款,USD,7493000000.0,2023-12-31,,10-Q,2024,Q1
AccountsPayableCurrent,balance_sheet,应付账款,USD,7493000000.0,2023-12-31,,10-Q,2024,Q2
AccountsPayableCurrent,balance_sheet,应付账款,USD,7493000000.0,2023-12-31,,10-Q,2024,Q3
AccountsPayableCurrent,balance_sheet,应付账款,USD,7493000000.0,2023-12-31,,10-K,2024,FY
AccountsPayableCurrent,balance_sheet,应付账款,USD,6198000000.0,2024-03-31,,10-Q,2024,Q1
AccountsPayableCurrent,balance_sheet,应付账款,USD,6092000000.0,2024-06-30,,10-Q,2024,Q2
AccountsPayableCurrent,balance_sheet,应付账款,USD,7049000000.0,2024-09-30,,10-Q,2024,Q3
AccountsPayableCurrent,balance_sheet,应付账款,USD,7987000000.0,2024-12-31,,10-K,2024,FY
AccountsPayableCurrent,balance_sheet,应付账款,USD,7987000000.0,2024-12-31,,10-Q,2025,Q1
AccountsPayableCurrent,balance_sheet,应付账款,USD,7987000000.0,2024-12-31,,10-Q,2025,Q2
AccountsPayableCurrent,balance_sheet,应付账款,USD,8497000000.0,2025-03-31,,10-Q,2025,Q1
AccountsPayableCurrent,balance_sheet,应付账款,USD,8347000000.0,2025-06-30,,10-Q,2025,Q2
LongTermDebtNoncurrent,balance_sheet,长期债务,USD,11870000000.0,2023-12-31,,10-K,2024,FY
LongTermDebtNoncurrent,balance_sheet,长期债务,USD,10883000000.0,2024-12-31,,10-K,2024,FY
LongTermDebtNoncurrent,balance_sheet,长期债务,USD,10883000000.0,2024-12-31,,10-Q,2025,Q1
LongTermDebtNoncurrent,balance_sheet,长期债务,USD,10883000000.0,2024-12-31,,10-Q,2025,Q2
LongTermDebtNoncurrent,balance_sheet,长期债务,USD,10886000000.0,2025-03-31,,10-Q,2025,Q1
LongTermDebtNoncurrent,balance_sheet,长期债务,USD,23607000000.0,2025-06-30,,10-Q,2025,Q2
StockholdersEquity,balance_sheet,股东权益,USD,230013000000.0,2021-03-31,,10-Q,2021,Q1
StockholdersEquity,balance_sheet,股东权益,USD,230013000000.0,2021-03-31,,10-Q,2021,Q2
StockholdersEquity,balance_sheet,股东权益,USD,230013000000.0,2021-03-31,,10-Q,2022,Q1
StockholdersEquity,balance_sheet,股东权益,USD,230013000000.0,2021-03-31,,10-Q,2022,Q2
StockholdersEquity,balance_sheet,股东权益,USD,237565000000.0,2021-06-30,,10-Q,2021,Q2
StockholdersEquity,balance_sheet,股东权益,USD,237565000000.0,2021-06-30,,10-Q,2021,Q3
StockholdersEquity,balance_sheet,股东权益,USD,237565000000.0,2021-06-30,,10-Q,2022,Q2
StockholdersEquity,balance_sheet,股东权益,USD,237565000000.0,2021-06-30,,10-Q,2022,Q3
StockholdersEquity,balance_sheet,股东权益,USD,244567000000.0,2021-09-30,,10-Q,2021,Q3
StockholdersEquity,balance_sheet,股东权益,USD,244567000000.0,2021-09-30,,10-Q,2022,Q3
StockholdersEquity,balance_sheet,股东权益,USD,251635000000.0,2021-12-31,,10-K,2021,FY
StockholdersEquity,balance_sheet,股东权益,USD,251635000000.0,2021-12-31,,10-Q,2022,Q1
StockholdersEquity,balance_sheet,股东权益,USD,251635000000.0,2021-12-31,,10-Q,2022,Q2
StockholdersEquity,balance_sheet,股东权益,USD,251635000000.0,2021-12-31,,10-Q,2022,Q3
StockholdersEquity,balance_sheet,股东权益,USD,251635000000.0,2021-12-31,,10-K,2022,FY
StockholdersEquity,balance_sheet,股东权益,USD,251635000000.0,2021-12-31,,10-Q,2023,Q1
StockholdersEquity,balance_sheet,股东权益,USD,251635000000.0,2021-12-31,,10-Q,2023,Q2
StockholdersEquity,balance_sheet,股东权益,USD,251635000000.0,2021-12-31,,10-Q,2023,Q3
StockholdersEquity,balance_sheet,股东权益,USD,251635000000.0,2021-12-31,,10-K,2023,FY
StockholdersEquity,balance_sheet,股东权益,USD,251635000000.0,2021-12-31,,10-K,2024,FY
StockholdersEquity,balance_sheet,股东权益,USD,254004000000.0,2022-03-31,,10-Q,2022,Q1
StockholdersEquity,balance_sheet,股东权益,USD,254004000000.0,2022-03-31,,10-Q,2022,Q2
StockholdersEquity,balance_sheet,股东权益,USD,254004000000.0,2022-03-31,,10-Q,2023,Q1
StockholdersEquity,balance_sheet,股东权益,USD,254004000000.0,2022-03-31,,10-Q,2023,Q2
StockholdersEquity,balance_sheet,股东权益,USD,255419000000.0,2022-06-30,,10-Q,2022,Q2
StockholdersEquity,balance_sheet,股东权益,USD,255419000000.0,2022-06-30,,10-Q,2022,Q3
StockholdersEquity,balance_sheet,股东权益,USD,255419000000.0,2022-06-30,,10-Q,2023,Q2
StockholdersEquity,balance_sheet,股东权益,USD,255419000000.0,2022-06-30,,10-Q,2023,Q3
StockholdersEquity,balance_sheet,股东权益,USD,253626000000.0,2022-09-30,,10-Q,2022,Q3
StockholdersEquity,balance_sheet,股东权益,USD,253626000000.0,2022-09-30,,10-Q,2023,Q3
StockholdersEquity,balance_sheet,股东权益,USD,256144000000.0,2022-12-31,,10-K,2022,FY
StockholdersEquity,balance_sheet,股东权益,USD,256144000000.0,2022-12-31,,10-Q,2023,Q1
StockholdersEquity,balance_sheet,股东权益,USD,256144000000.0,2022-12-31,,10-Q,2023,Q2
StockholdersEquity,balance_sheet,股东权益,USD,256144000000.0,2022-12-31,,10-Q,2023,Q3
StockholdersEquity,balance_sheet,股东权益,USD,256144000000.0,2022-12-31,,10-K,2023,FY
StockholdersEquity,balance_sheet,股东权益,USD,256144000000.0,2022-12-31,,10-Q,2024,Q1
StockholdersEquity,balance_sheet,股东权益,USD,256144000000.0,2022-12-31,,10-Q,2024,Q2
StockholdersEquity,balance_sheet,股东权益,USD,256144000000.0,2022-12-31,,10-Q,2024,Q3
StockholdersEquity,balance_sheet,股东权益,USD,256144000000.0,2022-12-31,,10-K,2024,FY
StockholdersEquity,balance_sheet,股东权益,USD,260894000000.0,2023-03-31,,10-Q,2023,Q1
StockholdersEquity,balance_sheet,股东权益,USD,260894000000.0,2023-03-31,,10-Q,2023,Q2
StockholdersEquity,balance_sheet,股东权益,USD,260894000000.0,2023-03-31,,10-Q,2024,Q1
StockholdersEquity,balance_sheet,股东权益,USD,260894000000.0,2023-03-31,,10-Q,2024,Q2
StockholdersEquity,balance_sheet,股东权益,USD,267141000000.0,2023-06-30,,10-Q,2023,Q2
StockholdersEquity,balance_sheet,股东权益,USD,267141000000.0,2023-06-30,,10-Q,2023,Q3
StockholdersEquity,balance_sheet,股东权益,USD,267141000000.0,2023-06-30,,10-Q,2024,Q2
StockholdersEquity,balance_sheet,股东权益,USD,267141000000.0,2023-06-30,,10-Q,2024,Q3
StockholdersEquity,balance_sheet,股东权益,USD,273202000000.0,2023-09-30,,10-Q,2023,Q3
StockholdersEquity,balance_sheet,股东权益,USD,273202000000.0,2023-09-30,,10-Q,2024,Q3
StockholdersEquity,balance_sheet,股东权益,USD,283379000000.0,2023-12-31,,10-K,2023,FY
StockholdersEquity,balance_sheet,股东权益,USD,283379000000.0,2023-12-31,,10-Q,2024,Q1
StockholdersEquity,balance_sheet,股东权益,USD,283379000000.0,2023-12-31,,10-Q,2024,Q2
StockholdersEquity,balance_sheet,股东权益,USD,283379000000.0,2023-12-31,,10-Q,2024,Q3
StockholdersEquity,balance_sheet,股东权益,USD,283379000000.0,2023-12-31,,10-K,2024,FY
StockholdersEquity,balance_sheet,股东权益,USD,283379000000.0,2023-12-31,,10-Q,2025,Q1
StockholdersEquity,balance_sheet,股东权益,USD,283379000000.0,2023-12-31,,10-Q,2025,Q2
StockholdersEquity,balance_sheet,股东权益,USD,292844000000.0,2024-03-31,,10-Q,2024,Q1
StockholdersEquity,balance_sheet,股东权益,USD,292844000000.0,2024-03-31,,10-Q,2024,Q2
StockholdersEquity,balance_sheet,股东权益,USD,292844000000.0,2024-03-31,,10-Q,2025,Q1
StockholdersEquity,balance_sheet,股东权益,USD,292844000000.0,2024-03-31,,10-Q,2025,Q2
StockholdersEquity,balance_sheet,股东权益,USD,300753000000.0,2024-06-30,,10-Q,2024,Q2
StockholdersEquity,balance_sheet,股东权益,USD,300753000000.0,2024-06-30,,10-Q,2024,Q3
StockholdersEquity,balance_sheet,股东权益,USD,300753000000.0,2024-06-30,,10-Q,2025,Q2
StockholdersEquity,balance_sheet,股东权益,USD,314119000000.0,2024-09-30,,10-Q,2024,Q3
StockholdersEquity,balance_sheet,股东权益,USD,325084000000.0,2024-12-31,,10-K,2024,FY
StockholdersEquity,balance_sheet,股东权益,USD,325084000000.0,2024-12-31,,10-Q,2025,Q1
StockholdersEquity,balance_sheet,股东权益,USD,325084000000.0,2024-12-31,,10-Q,2025,Q2
StockholdersEquity,balance_sheet,股东权益,USD,345267000000.0,2025-03-31,,10-Q,2025,Q1
StockholdersEquity,balance_sheet,股东权益,USD,345267000000.0,2025-03-31,,10-Q,2025,Q2
StockholdersEquity,balance_sheet,股东权益,USD,362916000000.0,2025-06-30,,10-Q,2025,Q2
CommonStockSharesIssued,balance_sheet,发行的普通股股数,shares,671094000.0,2021-03-31,,10-Q,2021,Q1
CommonStockSharesIssued,balance_sheet,发行的普通股股数,shares,667637000.0,2021-06-30,,10-Q,2021,Q2
CommonStockSharesIssued,balance_sheet,发行的普通股股数,shares,664682000.0,2021-09-30,,10-Q,2021,Q3
CommonStockSharesIssued,balance_sheet,发行的普通股股数,shares,662121000.0,2021-12-31,,10-K,2021,FY
CommonStockSharesIssued,balance_sheet,发行的普通股股数,shares,662121000.0,2021-12-31,,10-Q,2022,Q1
CommonStockSharesIssued,balance_sheet,发行的普通股股数,shares,13242000000.0,2021-12-31,,10-Q,2022,Q2
CommonStockSharesIssued,balance_sheet,发行的普通股股数,shares,13242000000.0,2021-12-31,,10-Q,2022,Q3
CommonStockSharesIssued,balance_sheet,发行的普通股股数,shares,13242000000.0,2021-12-31,,10-K,2022,FY
CommonStockSharesIssued,balance_sheet,发行的普通股股数,shares,658763000.0,2022-03-31,,10-Q,2022,Q1
CommonStockSharesIssued,balance_sheet,发行的普通股股数,shares,13078000000.0,2022-06-30,,10-Q,2022,Q2
CommonStockSharesIssued,balance_sheet,发行的普通股股数,shares,12971000000.0,2022-09-30,,10-Q,2022,Q3
CommonStockSharesIssued,balance_sheet,发行的普通股股数,shares,12849000000.0,2022-12-31,,10-K,2022,FY
CommonStockSharesIssued,balance_sheet,发行的普通股股数,shares,12849000000.0,2022-12-31,,10-Q,2023,Q1
CommonStockSharesIssued,balance_sheet,发行的普通股股数,shares,12849000000.0,2022-12-31,,10-Q,2023,Q2
CommonStockSharesIssued,balance_sheet,发行的普通股股数,shares,12849000000.0,2022-12-31,,10-Q,2023,Q3
CommonStockSharesIssued,balance_sheet,发行的普通股股数,shares,12849000000.0,2022-12-31,,10-K,2023,FY
CommonStockSharesIssued,balance_sheet,发行的普通股股数,shares,12722000000.0,2023-03-31,,10-Q,2023,Q1
CommonStockSharesIssued,balance_sheet,发行的普通股股数,shares,12629000000.0,2023-06-30,,10-Q,2023,Q2
CommonStockSharesIssued,balance_sheet,发行的普通股股数,shares,12541000000.0,2023-09-30,,10-Q,2023,Q3
CommonStockSharesIssued,balance_sheet,发行的普通股股数,shares,12460000000.0,2023-12-31,,10-K,2023,FY
CommonStockSharesIssued,balance_sheet,发行的普通股股数,shares,12460000000.0,2023-12-31,,10-Q,2024,Q1
CommonStockSharesIssued,balance_sheet,发行的普通股股数,shares,12460000000.0,2023-12-31,,10-Q,2024,Q2
CommonStockSharesIssued,balance_sheet,发行的普通股股数,shares,12460000000.0,2023-12-31,,10-Q,2024,Q3
CommonStockSharesIssued,balance_sheet,发行的普通股股数,shares,12460000000.0,2023-12-31,,10-K,2024,FY
CommonStockSharesIssued,balance_sheet,发行的普通股股数,shares,12381000000.0,2024-03-31,,10-Q,2024,Q1
CommonStockSharesIssued,balance_sheet,发行的普通股股数,shares,12322000000.0,2024-06-30,,10-Q,2024,Q2
CommonStockSharesIssued,balance_sheet,发行的普通股股数,shares,12264000000.0,2024-09-30,,10-Q,2024,Q3
CommonStockSharesIssued,balance_sheet,发行的普通股股数,shares,12211000000.0,2024-12-31,,10-K,2024,FY
CommonStockSharesIssued,balance_sheet,发行的普通股股数,shares,12211000000.0,2024-12-31,,10-Q,2025,Q1
CommonStockSharesIssued,balance_sheet,发行的普通股股数,shares,12211000000.0,2024-12-31,,10-Q,2025,Q2
CommonStockSharesIssued,balance_sheet,发行的普通股股数,shares,12155000000.0,2025-03-31,,10-Q,2025,Q1
CommonStockSharesIssued,balance_sheet,发行的普通股股数,shares,12104000000.0,2025-06-30,,10-Q,2025,Q2
RetainedEarningsAccumulatedDeficit,balance_sheet,留存收益,USD,170580000000.0,2021-03-31,,10-Q,2021,Q1
RetainedEarningsAccumulatedDeficit,balance_sheet,留存收益,USD,176939000000.0,2021-06-30,,10-Q,2021,Q2
RetainedEarningsAccumulatedDeficit,balance_sheet,留存收益,USD,183782000000.0,2021-09-30,,10-Q,2021,Q3
RetainedEarningsAccumulatedDeficit,balance_sheet,留存收益,USD,191484000000.0,2021-12-31,,10-K,2021,FY
RetainedEarningsAccumulatedDeficit,balance_sheet,留存收益,USD,191484000000.0,2021-12-31,,10-Q,2022,Q1
RetainedEarningsAccumulatedDeficit,balance_sheet,留存收益,USD,191484000000.0,2021-12-31,,10-Q,2022,Q2
RetainedEarningsAccumulatedDeficit,balance_sheet,留存收益,USD,191484000000.0,2021-12-31,,10-Q,2022,Q3
RetainedEarningsAccumulatedDeficit,balance_sheet,留存收益,USD,191484000000.0,2021-12-31,,10-K,2022,FY
RetainedEarningsAccumulatedDeficit,balance_sheet,留存收益,USD,195221000000.0,2022-03-31,,10-Q,2022,Q1
RetainedEarningsAccumulatedDeficit,balance_sheet,留存收益,USD,196845000000.0,2022-06-30,,10-Q,2022,Q2
RetainedEarningsAccumulatedDeficit,balance_sheet,留存收益,USD,196220000000.0,2022-09-30,,10-Q,2022,Q3
RetainedEarningsAccumulatedDeficit,balance_sheet,留存收益,USD,195563000000.0,2022-12-31,,10-K,2022,FY
RetainedEarningsAccumulatedDeficit,balance_sheet,留存收益,USD,195563000000.0,2022-12-31,,10-Q,2023,Q1
RetainedEarningsAccumulatedDeficit,balance_sheet,留存收益,USD,195563000000.0,2022-12-31,,10-Q,2023,Q2
RetainedEarningsAccumulatedDeficit,balance_sheet,留存收益,USD,195563000000.0,2022-12-31,,10-Q,2023,Q3
RetainedEarningsAccumulatedDeficit,balance_sheet,留存收益,USD,195563000000.0,2022-12-31,,10-K,2023,FY
RetainedEarningsAccumulatedDeficit,balance_sheet,留存收益,USD,196625000000.0,2023-03-31,,10-Q,2023,Q1
RetainedEarningsAccumulatedDeficit,balance_sheet,留存收益,USD,200884000000.0,2023-06-30,,10-Q,2023,Q2
RetainedEarningsAccumulatedDeficit,balance_sheet,留存收益,USD,205647000000.0,2023-09-30,,10-Q,2023,Q3
RetainedEarningsAccumulatedDeficit,balance_sheet,留存收益,USD,211247000000.0,2023-12-31,,10-K,2023,FY
RetainedEarningsAccumulatedDeficit,balance_sheet,留存收益,USD,211247000000.0,2023-12-31,,10-Q,2024,Q1
RetainedEarningsAccumulatedDeficit,balance_sheet,留存收益,USD,211247000000.0,2023-12-31,,10-Q,2024,Q2
RetainedEarningsAccumulatedDeficit,balance_sheet,留存收益,USD,211247000000.0,2023-12-31,,10-Q,2024,Q3
RetainedEarningsAccumulatedDeficit,balance_sheet,留存收益,USD,211247000000.0,2023-12-31,,10-K,2024,FY
RetainedEarningsAccumulatedDeficit,balance_sheet,留存收益,USD,219770000000.0,2024-03-31,,10-Q,2024,Q1
RetainedEarningsAccumulatedDeficit,balance_sheet,留存收益,USD,226033000000.0,2024-06-30,,10-Q,2024,Q2
RetainedEarningsAccumulatedDeficit,balance_sheet,留存收益,USD,235317000000.0,2024-09-30,,10-Q,2024,Q3
RetainedEarningsAccumulatedDeficit,balance_sheet,留存收益,USD,245084000000.0,2024-12-31,,10-K,2024,FY
RetainedEarningsAccumulatedDeficit,balance_sheet,留存收益,USD,245084000000.0,2024-12-31,,10-Q,2025,Q1
RetainedEarningsAccumulatedDeficit,balance_sheet,留存收益,USD,245084000000.0,2024-12-31,,10-Q,2025,Q2
RetainedEarningsAccumulatedDeficit,balance_sheet,留存收益,USD,262628000000.0,2025-03-31,,10-Q,2025,Q1
RetainedEarningsAccumulatedDeficit,balance_sheet,留存收益,USD,275760000000.0,2025-06-30,,10-Q,2025,Q2
NetCashProvidedByUsedInOperatingActivities,cash_flow,经营活动现金流,USD,19289000000.0,2021-03-31,2021-01-01,10-Q,2021,Q1
NetCashProvidedByUsedInOperatingActivities,cash_flow,经营活动现金流,USD,19289000000.0,2021-03-31,2021-01-01,10-Q,2022,Q1
NetCashProvidedByUsedInOperatingActivities,cash_flow,经营活动现金流,USD,41179000000.0,2021-06-30,2021-01-01,10-Q,2021,Q2
NetCashProvidedByUsedInOperatingActivities,cash_flow,经营活动现金流,USD,41179000000.0,2021-06-30,2021-01-01,10-Q,2022,Q2
NetCashProvidedByUsedInOperatingActivities,cash_flow,经营活动现金流,USD,66718000000.0,2021-09-30,2021-01-01,10-Q,2021,Q3
NetCashProvidedByUsedInOperatingActivities,cash_flow,经营活动现金流,USD,66718000000.0,2021-09-30,2021-01-01,10-Q,2022,Q3
NetCashProvidedByUsedInOperatingActivities,cash_flow,经营活动现金流,USD,91652000000.0,2021-12-31,2021-01-01,10-K,2021,FY
NetCashProvidedByUsedInOperatingActivities,cash_flow,经营活动现金流,USD,91652000000.0,2021-12-31,2021-01-01,10-K,2022,FY
NetCashProvidedByUsedInOperatingActivities,cash_flow,经营活动现金流,USD,91652000000.0,2021-12-31,2021-01-01,10-K,2023,FY
NetCashProvidedByUsedInOperatingActivities,cash_flow,经营活动现金流,USD,25106000000.0,2022-03-31,2022-01-01,10-Q,2022,Q1
NetCashProvidedByUsedInOperatingActivities,cash_flow,经营活动现金流,USD,25106000000.0,2022-03-31,2022-01-01,10-Q,2023,Q1
NetCashProvidedByUsedInOperatingActivities,cash_flow,经营活动现金流,USD,44528000000.0,2022-06-30,2022-01-01,10-Q,2022,Q2
NetCashProvidedByUsedInOperatingActivities,cash_flow,经营活动现金流,USD,44528000000.0,2022-06-30,2022-01-01,10-Q,2023,Q2
NetCashProvidedByUsedInOperatingActivities,cash_flow,经营活动现金流,USD,67881000000.0,2022-09-30,2022-01-01,10-Q,2022,Q3
NetCashProvidedByUsedInOperatingActivities,cash_flow,经营活动现金流,USD,67881000000.0,2022-09-30,2022-01-01,10-Q,2023,Q3
NetCashProvidedByUsedInOperatingActivities,cash_flow,经营活动现金流,USD,91495000000.0,2022-12-31,2022-01-01,10-K,2022,FY
NetCashProvidedByUsedInOperatingActivities,cash_flow,经营活动现金流,USD,91495000000.0,2022-12-31,2022-01-01,10-K,2023,FY
NetCashProvidedByUsedInOperatingActivities,cash_flow,经营活动现金流,USD,91495000000.0,2022-12-31,2022-01-01,10-K,2024,FY
NetCashProvidedByUsedInOperatingActivities,cash_flow,经营活动现金流,USD,23509000000.0,2023-03-31,2023-01-01,10-Q,2023,Q1
NetCashProvidedByUsedInOperatingActivities,cash_flow,经营活动现金流,USD,23509000000.0,2023-03-31,2023-01-01,10-Q,2024,Q1
NetCashProvidedByUsedInOperatingActivities,cash_flow,经营活动现金流,USD,52175000000.0,2023-06-30,2023-01-01,10-Q,2023,Q2
NetCashProvidedByUsedInOperatingActivities,cash_flow,经营活动现金流,USD,52175000000.0,2023-06-30,2023-01-01,10-Q,2024,Q2
NetCashProvidedByUsedInOperatingActivities,cash_flow,经营活动现金流,USD,82831000000.0,2023-09-30,2023-01-01,10-Q,2023,Q3
NetCashProvidedByUsedInOperatingActivities,cash_flow,经营活动现金流,USD,82831000000.0,2023-09-30,2023-01-01,10-Q,2024,Q3
NetCashProvidedByUsedInOperatingActivities,cash_flow,经营活动现金流,USD,101746000000.0,2023-12-31,2023-01-01,10-K,2023,FY
NetCashProvidedByUsedInOperatingActivities,cash_flow,经营活动现金流,USD,101746000000.0,2023-12-31,2023-01-01,10-K,2024,FY
NetCashProvidedByUsedInOperatingActivities,cash_flow,经营活动现金流,USD,28848000000.0,2024-03-31,2024-01-01,10-Q,2024,Q1
NetCashProvidedByUsedInOperatingActivities,cash_flow,经营活动现金流,USD,28848000000.0,2024-03-31,2024-01-01,10-Q,2025,Q1
NetCashProvidedByUsedInOperatingActivities,cash_flow,经营活动现金流,USD,55488000000.0,2024-06-30,2024-01-01,10-Q,2024,Q2
NetCashProvidedByUsedInOperatingActivities,cash_flow,经营活动现金流,USD,55488000000.0,2024-06-30,2024-01-01,10-Q,2025,Q2
NetCashProvidedByUsedInOperatingActivities,cash_flow,经营活动现金流,USD,86186000000.0,2024-09-30,2024-01-01,10-Q,2024,Q3
NetCashProvidedByUsedInOperatingActivities,cash_flow,经营活动现金流,USD,125299000000.0,2024-12-31,2024-01-01,10-K,2024,FY
NetCashProvidedByUsedInOperatingActivities,cash_flow,经营活动现金流,USD,36150000000.0,2025-03-31,2025-01-01,10-Q,2025,Q1
NetCashProvidedByUsedInOperatingActivities,cash_flow,经营活动现金流,USD,63897000000.0,2025-06-30,2025-01-01,10-Q,2025,Q2
NetCashProvidedByUsedInInvestingActivities,cash_flow,投资活动现金流,USD,-5383000000.0,2021-03-31,2021-01-01,10-Q,2021,Q1
NetCashProvidedByUsedInInvestingActivities,cash_flow,投资活动现金流,USD,-5383000000.0,2021-03-31,2021-01-01,10-Q,2022,Q1
NetCashProvidedByUsedInInvestingActivities,cash_flow,投资活动现金流,USD,-14457000000.0,2021-06-30,2021-01-01,10-Q,2021,Q2
NetCashProvidedByUsedInInvestingActivities,cash_flow,投资活动现金流,USD,-14457000000.0,2021-06-30,2021-01-01,10-Q,2022,Q2
NetCashProvidedByUsedInInvestingActivities,cash_flow,投资活动现金流,USD,-24507000000.0,2021-09-30,2021-01-01,10-Q,2021,Q3
NetCashProvidedByUsedInInvestingActivities,cash_flow,投资活动现金流,USD,-24507000000.0,2021-09-30,2021-01-01,10-Q,2022,Q3
NetCashProvidedByUsedInInvestingActivities,cash_flow,投资活动现金流,USD,-35523000000.0,2021-12-31,2021-01-01,10-K,2021,FY
NetCashProvidedByUsedInInvestingActivities,cash_flow,投资活动现金流,USD,-35523000000.0,2021-12-31,2021-01-01,10-K,2022,FY
NetCashProvidedByUsedInInvestingActivities,cash_flow,投资活动现金流,USD,-35523000000.0,2021-12-31,2021-01-01,10-K,2023,FY
NetCashProvidedByUsedInInvestingActivities,cash_flow,投资活动现金流,USD,-9051000000.0,2022-03-31,2022-01-01,10-Q,2022,Q1
NetCashProvidedByUsedInInvestingActivities,cash_flow,投资活动现金流,USD,-9051000000.0,2022-03-31,2022-01-01,10-Q,2023,Q1
NetCashProvidedByUsedInInvestingActivities,cash_flow,投资活动现金流,USD,-13238000000.0,2022-06-30,2022-01-01,10-Q,2022,Q2
NetCashProvidedByUsedInInvestingActivities,cash_flow,投资活动现金流,USD,-13238000000.0,2022-06-30,2022-01-01,10-Q,2023,Q2
NetCashProvidedByUsedInInvestingActivities,cash_flow,投资活动现金流,USD,-14071000000.0,2022-09-30,2022-01-01,10-Q,2022,Q3
NetCashProvidedByUsedInInvestingActivities,cash_flow,投资活动现金流,USD,-14071000000.0,2022-09-30,2022-01-01,10-Q,2023,Q3
NetCashProvidedByUsedInInvestingActivities,cash_flow,投资活动现金流,USD,-20298000000.0,2022-12-31,2022-01-01,10-K,2022,FY
NetCashProvidedByUsedInInvestingActivities,cash_flow,投资活动现金流,USD,-20298000000.0,2022-12-31,2022-01-01,10-K,2023,FY
NetCashProvidedByUsedInInvestingActivities,cash_flow,投资活动现金流,USD,-20298000000.0,2022-12-31,2022-01-01,10-K,2024,FY
NetCashProvidedByUsedInInvestingActivities,cash_flow,投资活动现金流,USD,-2946000000.0,2023-03-31,2023-01-01,10-Q,2023,Q1
NetCashProvidedByUsedInInvestingActivities,cash_flow,投资活动现金流,USD,-2946000000.0,2023-03-31,2023-01-01,10-Q,2024,Q1
NetCashProvidedByUsedInInvestingActivities,cash_flow,投资活动现金流,USD,-13746000000.0,2023-06-30,2023-01-01,10-Q,2023,Q2
NetCashProvidedByUsedInInvestingActivities,cash_flow,投资活动现金流,USD,-13746000000.0,2023-06-30,2023-01-01,10-Q,2024,Q2
NetCashProvidedByUsedInInvestingActivities,cash_flow,投资活动现金流,USD,-20896000000.0,2023-09-30,2023-01-01,10-Q,2023,Q3
NetCashProvidedByUsedInInvestingActivities,cash_flow,投资活动现金流,USD,-20896000000.0,2023-09-30,2023-01-01,10-Q,2024,Q3
NetCashProvidedByUsedInInvestingActivities,cash_flow,投资活动现金流,USD,-27063000000.0,2023-12-31,2023-01-01,10-K,2023,FY
NetCashProvidedByUsedInInvestingActivities,cash_flow,投资活动现金流,USD,-27063000000.0,2023-12-31,2023-01-01,10-K,2024,FY
NetCashProvidedByUsedInInvestingActivities,cash_flow,投资活动现金流,USD,-8564000000.0,2024-03-31,2024-01-01,10-Q,2024,Q1
NetCashProvidedByUsedInInvestingActivities,cash_flow,投资活动现金流,USD,-8564000000.0,2024-03-31,2024-01-01,10-Q,2025,Q1
NetCashProvidedByUsedInInvestingActivities,cash_flow,投资活动现金流,USD,-11345000000.0,2024-06-30,2024-01-01,10-Q,2024,Q2
NetCashProvidedByUsedInInvestingActivities,cash_flow,投资活动现金流,USD,-11345000000.0,2024-06-30,2024-01-01,10-Q,2025,Q2
NetCashProvidedByUsedInInvestingActivities,cash_flow,投资活动现金流,USD,-29356000000.0,2024-09-30,2024-01-01,10-Q,2024,Q3
NetCashProvidedByUsedInInvestingActivities,cash_flow,投资活动现金流,USD,-45536000000.0,2024-12-31,2024-01-01,10-K,2024,FY
NetCashProvidedByUsedInInvestingActivities,cash_flow,投资活动现金流,USD,-16194000000.0,2025-03-31,2025-01-01,10-Q,2025,Q1
NetCashProvidedByUsedInInvestingActivities,cash_flow,投资活动现金流,USD,-40738000000.0,2025-06-30,2025-01-01,10-Q,2025,Q2
NetCashProvidedByUsedInFinancingActivities,cash_flow,筹资活动现金流,USD,-13606000000.0,2021-03-31,2021-01-01,10-Q,2021,Q1
NetCashProvidedByUsedInFinancingActivities,cash_flow,筹资活动现金流,USD,-13606000000.0,2021-03-31,2021-01-01,10-Q,2022,Q1
NetCashProvidedByUsedInFinancingActivities,cash_flow,筹资活动现金流,USD,-29597000000.0,2021-06-30,2021-01-01,10-Q,2021,Q2
NetCashProvidedByUsedInFinancingActivities,cash_flow,筹资活动现金流,USD,-29597000000.0,2021-06-30,2021-01-01,10-Q,2022,Q2
NetCashProvidedByUsedInFinancingActivities,cash_flow,筹资活动现金流,USD,-44851000000.0,2021-09-30,2021-01-01,10-Q,2021,Q3
NetCashProvidedByUsedInFinancingActivities,cash_flow,筹资活动现金流,USD,-44851000000.0,2021-09-30,2021-01-01,10-Q,2022,Q3
NetCashProvidedByUsedInFinancingActivities,cash_flow,筹资活动现金流,USD,-61362000000.0,2021-12-31,2021-01-01,10-K,2021,FY
NetCashProvidedByUsedInFinancingActivities,cash_flow,筹资活动现金流,USD,-61362000000.0,2021-12-31,2021-01-01,10-K,2022,FY
NetCashProvidedByUsedInFinancingActivities,cash_flow,筹资活动现金流,USD,-61362000000.0,2021-12-31,2021-01-01,10-K,2023,FY
NetCashProvidedByUsedInFinancingActivities,cash_flow,筹资活动现金流,USD,-16214000000.0,2022-03-31,2022-01-01,10-Q,2022,Q1
NetCashProvidedByUsedInFinancingActivities,cash_flow,筹资活动现金流,USD,-16214000000.0,2022-03-31,2022-01-01,10-Q,2023,Q1
NetCashProvidedByUsedInFinancingActivities,cash_flow,筹资活动现金流,USD,-34031000000.0,2022-06-30,2022-01-01,10-Q,2022,Q2
NetCashProvidedByUsedInFinancingActivities,cash_flow,筹资活动现金流,USD,-34031000000.0,2022-06-30,2022-01-01,10-Q,2023,Q2
NetCashProvidedByUsedInFinancingActivities,cash_flow,筹资活动现金流,USD,-52128000000.0,2022-09-30,2022-01-01,10-Q,2022,Q3
NetCashProvidedByUsedInFinancingActivities,cash_flow,筹资活动现金流,USD,-52128000000.0,2022-09-30,2022-01-01,10-Q,2023,Q3
NetCashProvidedByUsedInFinancingActivities,cash_flow,筹资活动现金流,USD,-69757000000.0,2022-12-31,2022-01-01,10-K,2022,FY
NetCashProvidedByUsedInFinancingActivities,cash_flow,筹资活动现金流,USD,-69757000000.0,2022-12-31,2022-01-01,10-K,2023,FY
NetCashProvidedByUsedInFinancingActivities,cash_flow,筹资活动现金流,USD,-69757000000.0,2022-12-31,2022-01-01,10-K,2024,FY
NetCashProvidedByUsedInFinancingActivities,cash_flow,筹资活动现金流,USD,-16568000000.0,2023-03-31,2023-01-01,10-Q,2023,Q1
NetCashProvidedByUsedInFinancingActivities,cash_flow,筹资活动现金流,USD,-16568000000.0,2023-03-31,2023-01-01,10-Q,2024,Q1
NetCashProvidedByUsedInFinancingActivities,cash_flow,筹资活动现金流,USD,-34403000000.0,2023-06-30,2023-01-01,10-Q,2023,Q2
NetCashProvidedByUsedInFinancingActivities,cash_flow,筹资活动现金流,USD,-34403000000.0,2023-06-30,2023-01-01,10-Q,2024,Q2
NetCashProvidedByUsedInFinancingActivities,cash_flow,筹资活动现金流,USD,-52785000000.0,2023-09-30,2023-01-01,10-Q,2023,Q3
NetCashProvidedByUsedInFinancingActivities,cash_flow,筹资活动现金流,USD,-52785000000.0,2023-09-30,2023-01-01,10-Q,2024,Q3
NetCashProvidedByUsedInFinancingActivities,cash_flow,筹资活动现金流,USD,-72093000000.0,2023-12-31,2023-01-01,10-K,2023,FY
NetCashProvidedByUsedInFinancingActivities,cash_flow,筹资活动现金流,USD,-72093000000.0,2023-12-31,2023-01-01,10-K,2024,FY
NetCashProvidedByUsedInFinancingActivities,cash_flow,筹资活动现金流,USD,-19714000000.0,2024-03-31,2024-01-01,10-Q,2024,Q1
NetCashProvidedByUsedInFinancingActivities,cash_flow,筹资活动现金流,USD,-19714000000.0,2024-03-31,2024-01-01,10-Q,2025,Q1
NetCashProvidedByUsedInFinancingActivities,cash_flow,筹资活动现金流,USD,-40603000000.0,2024-06-30,2024-01-01,10-Q,2024,Q2
NetCashProvidedByUsedInFinancingActivities,cash_flow,筹资活动现金流,USD,-40603000000.0,2024-06-30,2024-01-01,10-Q,2025,Q2
NetCashProvidedByUsedInFinancingActivities,cash_flow,筹资活动现金流,USD,-60697000000.0,2024-09-30,2024-01-01,10-Q,2024,Q3
NetCashProvidedByUsedInFinancingActivities,cash_flow,筹资活动现金流,USD,-79733000000.0,2024-12-31,2024-01-01,10-K,2024,FY
NetCashProvidedByUsedInFinancingActivities,cash_flow,筹资活动现金流,USD,-20201000000.0,2025-03-31,2025-01-01,10-Q,2025,Q1
NetCashProvidedByUsedInFinancingActivities,cash_flow,筹资活动现金流,USD,-26033000000.0,2025-06-30,2025-01-01,10-Q,2025,Q2
PaymentsToAcquirePropertyPlantAndEquipment,cash_flow,购买固定资产支出,USD,5942000000.0,2021-03-31,2021-01-01,10-Q,2021,Q1
PaymentsToAcquirePropertyPlantAndEquipment,cash_flow,购买固定资产支出,USD,5942000000.0,2021-03-31,2021-01-01,10-Q,2022,Q1
PaymentsToAcquirePropertyPlantAndEquipment,cash_flow,购买固定资产支出,USD,11438000000.0,2021-06-30,2021-01-01,10-Q,2021,Q2
PaymentsToAcquirePropertyPlantAndEquipment,cash_flow,购买固定资产支出,USD,11438000000.0,2021-06-30,2021-01-01,10-Q,2022,Q2
PaymentsToAcquirePropertyPlantAndEquipment,cash_flow,购买固定资产支出,USD,18257000000.0,2021-09-30,2021-01-01,10-Q,2021,Q3
PaymentsToAcquirePropertyPlantAndEquipment,cash_flow,购买固定资产支出,USD,18257000000.0,2021-09-30,2021-01-01,10-Q,2022,Q3
PaymentsToAcquirePropertyPlantAndEquipment,cash_flow,购买固定资产支出,USD,24640000000.0,2021-12-31,2021-01-01,10-K,2021,FY
PaymentsToAcquirePropertyPlantAndEquipment,cash_flow,购买固定资产支出,USD,24640000000.0,2021-12-31,2021-01-01,10-K,2022,FY
PaymentsToAcquirePropertyPlantAndEquipment,cash_flow,购买固定资产支出,USD,24640000000.0,2021-12-31,2021-01-01,10-K,2023,FY
PaymentsToAcquirePropertyPlantAndEquipment,cash_flow,购买固定资产支出,USD,9786000000.0,2022-03-31,2022-01-01,10-Q,2022,Q1
PaymentsToAcquirePropertyPlantAndEquipment,cash_flow,购买固定资产支出,USD,9786000000.0,2022-03-31,2022-01-01,10-Q,2023,Q1
PaymentsToAcquirePropertyPlantAndEquipment,cash_flow,购买固定资产支出,USD,16614000000.0,2022-06-30,2022-01-01,10-Q,2022,Q2
PaymentsToAcquirePropertyPlantAndEquipment,cash_flow,购买固定资产支出,USD,16614000000.0,2022-06-30,2022-01-01,10-Q,2023,Q2
PaymentsToAcquirePropertyPlantAndEquipment,cash_flow,购买固定资产支出,USD,23890000000.0,2022-09-30,2022-01-01,10-Q,2022,Q3
PaymentsToAcquirePropertyPlantAndEquipment,cash_flow,购买固定资产支出,USD,23890000000.0,2022-09-30,2022-01-01,10-Q,2023,Q3
PaymentsToAcquirePropertyPlantAndEquipment,cash_flow,购买固定资产支出,USD,31485000000.0,2022-12-31,2022-01-01,10-K,2022,FY
PaymentsToAcquirePropertyPlantAndEquipment,cash_flow,购买固定资产支出,USD,31485000000.0,2022-12-31,2022-01-01,10-K,2023,FY
PaymentsToAcquirePropertyPlantAndEquipment,cash_flow,购买固定资产支出,USD,31485000000.0,2022-12-31,2022-01-01,10-K,2024,FY
PaymentsToAcquirePropertyPlantAndEquipment,cash_flow,购买固定资产支出,USD,6289000000.0,2023-03-31,2023-01-01,10-Q,2023,Q1
PaymentsToAcquirePropertyPlantAndEquipment,cash_flow,购买固定资产支出,USD,6289000000.0,2023-03-31,2023-01-01,10-Q,2024,Q1
PaymentsToAcquirePropertyPlantAndEquipment,cash_flow,购买固定资产支出,USD,13177000000.0,2023-06-30,2023-01-01,10-Q,2023,Q2
PaymentsToAcquirePropertyPlantAndEquipment,cash_flow,购买固定资产支出,USD,13177000000.0,2023-06-30,2023-01-01,10-Q,2024,Q2
PaymentsToAcquirePropertyPlantAndEquipment,cash_flow,购买固定资产支出,USD,21232000000.0,2023-09-30,2023-01-01,10-Q,2023,Q3
PaymentsToAcquirePropertyPlantAndEquipment,cash_flow,购买固定资产支出,USD,21232000000.0,2023-09-30,2023-01-01,10-Q,2024,Q3
PaymentsToAcquirePropertyPlantAndEquipment,cash_flow,购买固定资产支出,USD,32251000000.0,2023-12-31,2023-01-01,10-K,2023,FY
PaymentsToAcquirePropertyPlantAndEquipment,cash_flow,购买固定资产支出,USD,32251000000.0,2023-12-31,2023-01-01,10-K,2024,FY
PaymentsToAcquirePropertyPlantAndEquipment,cash_flow,购买固定资产支出,USD,12012000000.0,2024-03-31,2024-01-01,10-Q,2024,Q1
PaymentsToAcquirePropertyPlantAndEquipment,cash_flow,购买固定资产支出,USD,12012000000.0,2024-03-31,2024-01-01,10-Q,2025,Q1
PaymentsToAcquirePropertyPlantAndEquipment,cash_flow,购买固定资产支出,USD,25198000000.0,2024-06-30,2024-01-01,10-Q,2024,Q2
PaymentsToAcquirePropertyPlantAndEquipment,cash_flow,购买固定资产支出,USD,25198000000.0,2024-06-30,2024-01-01,10-Q,2025,Q2
PaymentsToAcquirePropertyPlantAndEquipment,cash_flow,购买固定资产支出,USD,38259000000.0,2024-09-30,2024-01-01,10-Q,2024,Q3
PaymentsToAcquirePropertyPlantAndEquipment,cash_flow,购买固定资产支出,USD,52535000000.0,2024-12-31,2024-01-01,10-K,2024,FY
PaymentsToAcquirePropertyPlantAndEquipment,cash_flow,购买固定资产支出,USD,17197000000.0,2025-03-31,2025-01-01,10-Q,2025,Q1
PaymentsToAcquirePropertyPlantAndEquipment,cash_flow,购买固定资产支出,USD,39643000000.0,2025-06-30,2025-01-01,10-Q,2025,Q2
PaymentsOfDividends,cash_flow,支付股息,USD,0.0,2022-12-31,2022-01-01,10-K,2024,FY
PaymentsOfDividends,cash_flow,支付股息,USD,0.0,2023-06-30,2023-01-01,10-Q,2024,Q2
PaymentsOfDividends,cash_flow,支付股息,USD,0.0,2023-09-30,2023-01-01,10-Q,2024,Q3
PaymentsOfDividends,cash_flow,支付股息,USD,0.0,2023-12-31,2023-01-01,10-K,2024,FY
PaymentsOfDividends,cash_flow,支付股息,USD,0.0,2024-03-31,2024-01-01,10-Q,2025,Q1
PaymentsOfDividends,cash_flow,支付股息,USD,2466000000.0,2024-06-30,2024-01-01,10-Q,2024,Q2
PaymentsOfDividends,cash_flow,支付股息,USD,2466000000.0,2024-06-30,2024-01-01,10-Q,2025,Q2
PaymentsOfDividends,cash_flow,支付股息,USD,4921000000.0,2024-09-30,2024-01-01,10-Q,2024,Q3
PaymentsOfDividends,cash_flow,支付股息,USD,7363000000.0,2024-12-31,2024-01-01,10-K,2024,FY
PaymentsOfDividends,cash_flow,支付股息,USD,2434000000.0,2025-03-31,2025-01-01,10-Q,2025,Q1
PaymentsOfDividends,cash_flow,支付股息,USD,4977000000.0,2025-06-30,2025-01-01,10-Q,2025,Q2
PaymentsForRepurchaseOfCommonStock,cash_flow,回购股票支出,USD,11395000000.0,2021-03-31,2021-01-01,10-Q,2021,Q1
PaymentsForRepurchaseOfCommonStock,cash_flow,回购股票支出,USD,11395000000.0,2021-03-31,2021-01-01,10-Q,2022,Q1
PaymentsForRepurchaseOfCommonStock,cash_flow,回购股票支出,USD,24191000000.0,2021-06-30,2021-01-01,10-Q,2021,Q2
PaymentsForRepurchaseOfCommonStock,cash_flow,回购股票支出,USD,24191000000.0,2021-06-30,2021-01-01,10-Q,2022,Q2
PaymentsForRepurchaseOfCommonStock,cash_flow,回购股票支出,USD,36801000000.0,2021-09-30,2021-01-01,10-Q,2021,Q3
PaymentsForRepurchaseOfCommonStock,cash_flow,回购股票支出,USD,36801000000.0,2021-09-30,2021-01-01,10-Q,2022,Q3
PaymentsForRepurchaseOfCommonStock,cash_flow,回购股票支出,USD,50274000000.0,2021-12-31,2021-01-01,10-K,2021,FY
PaymentsForRepurchaseOfCommonStock,cash_flow,回购股票支出,USD,50274000000.0,2021-12-31,2021-01-01,10-K,2022,FY
PaymentsForRepurchaseOfCommonStock,cash_flow,回购股票支出,USD,50274000000.0,2021-12-31,2021-01-01,10-K,2023,FY
PaymentsForRepurchaseOfCommonStock,cash_flow,回购股票支出,USD,13300000000.0,2022-03-31,2022-01-01,10-Q,2022,Q1
PaymentsForRepurchaseOfCommonStock,cash_flow,回购股票支出,USD,13300000000.0,2022-03-31,2022-01-01,10-Q,2023,Q1
PaymentsForRepurchaseOfCommonStock,cash_flow,回购股票支出,USD,28497000000.0,2022-06-30,2022-01-01,10-Q,2022,Q2
PaymentsForRepurchaseOfCommonStock,cash_flow,回购股票支出,USD,28497000000.0,2022-06-30,2022-01-01,10-Q,2023,Q2
PaymentsForRepurchaseOfCommonStock,cash_flow,回购股票支出,USD,43889000000.0,2022-09-30,2022-01-01,10-Q,2022,Q3
PaymentsForRepurchaseOfCommonStock,cash_flow,回购股票支出,USD,43889000000.0,2022-09-30,2022-01-01,10-Q,2023,Q3
PaymentsForRepurchaseOfCommonStock,cash_flow,回购股票支出,USD,59296000000.0,2022-12-31,2022-01-01,10-K,2022,FY
PaymentsForRepurchaseOfCommonStock,cash_flow,回购股票支出,USD,59296000000.0,2022-12-31,2022-01-01,10-K,2023,FY
PaymentsForRepurchaseOfCommonStock,cash_flow,回购股票支出,USD,59296000000.0,2022-12-31,2022-01-01,10-K,2024,FY
PaymentsForRepurchaseOfCommonStock,cash_flow,回购股票支出,USD,14557000000.0,2023-03-31,2023-01-01,10-Q,2023,Q1
PaymentsForRepurchaseOfCommonStock,cash_flow,回购股票支出,USD,14557000000.0,2023-03-31,2023-01-01,10-Q,2024,Q1
PaymentsForRepurchaseOfCommonStock,cash_flow,回购股票支出,USD,29526000000.0,2023-06-30,2023-01-01,10-Q,2023,Q2
PaymentsForRepurchaseOfCommonStock,cash_flow,回购股票支出,USD,29526000000.0,2023-06-30,2023-01-01,10-Q,2024,Q2
PaymentsForRepurchaseOfCommonStock,cash_flow,回购股票支出,USD,45313000000.0,2023-09-30,2023-01-01,10-Q,2023,Q3
PaymentsForRepurchaseOfCommonStock,cash_flow,回购股票支出,USD,45313000000.0,2023-09-30,2023-01-01,10-Q,2024,Q3
PaymentsForRepurchaseOfCommonStock,cash_flow,回购股票支出,USD,61504000000.0,2023-12-31,2023-01-01,10-K,2023,FY
PaymentsForRepurchaseOfCommonStock,cash_flow,回购股票支出,USD,61504000000.0,2023-12-31,2023-01-01,10-K,2024,FY
PaymentsForRepurchaseOfCommonStock,cash_flow,回购股票支出,USD,15696000000.0,2024-03-31,2024-01-01,10-Q,2024,Q1
PaymentsForRepurchaseOfCommonStock,cash_flow,回购股票支出,USD,15696000000.0,2024-03-31,2024-01-01,10-Q,2025,Q1
PaymentsForRepurchaseOfCommonStock,cash_flow,回购股票支出,USD,31380000000.0,2024-06-30,2024-01-01,10-Q,2024,Q2
PaymentsForRepurchaseOfCommonStock,cash_flow,回购股票支出,USD,31380000000.0,2024-06-30,2024-01-01,10-Q,2025,Q2
PaymentsForRepurchaseOfCommonStock,cash_flow,回购股票支出,USD,46671000000.0,2024-09-30,2024-01-01,10-Q,2024,Q3
PaymentsForRepurchaseOfCommonStock,cash_flow,回购股票支出,USD,62222000000.0,2024-12-31,2024-01-01,10-K,2024,FY
PaymentsForRepurchaseOfCommonStock,cash_flow,回购股票支出,USD,15068000000.0,2025-03-31,2025-01-01,10-Q,2025,Q1
PaymentsForRepurchaseOfCommonStock,cash_flow,回购股票支出,USD,28706000000.0,2025-06-30,2025-01-01,10-Q,2025,Q2
