concept,category,chinese_name,unit,value,end_date,start_date,form,fiscal_year,fiscal_period
Revenues,income_statement,营收,USD,55314000000.0,2021-03-31,2021-01-01,10-Q,2021,Q1
Revenues,income_statement,营收,USD,117194000000.0,2021-06-30,2021-01-01,10-Q,2021,Q2
Revenues,income_statement,营收,USD,61880000000.0,2021-06-30,2021-04-01,10-Q,2021,Q2
Revenues,income_statement,营收,USD,257637000000.0,2021-12-31,2021-01-01,10-K,2021,FY
Revenues,income_statement,营收,USD,165281000000.0,2024-06-30,2024-01-01,10-Q,2025,Q2
Revenues,income_statement,营收,USD,84742000000.0,2024-06-30,2024-04-01,10-Q,2025,Q2
Revenues,income_statement,营收,USD,186662000000.0,2025-06-30,2025-01-01,10-Q,2025,Q2
Revenues,income_statement,营收,USD,96428000000.0,2025-06-30,2025-04-01,10-Q,2025,Q2
RevenueFromContractWithCustomerExcludingAssessedTax,income_statement,销售收入,USD,55314000000.0,2021-03-31,2021-01-01,10-Q,2021,Q1
RevenueFromContractWithCustomerExcludingAssessedTax,income_statement,销售收入,USD,55314000000.0,2021-03-31,2021-01-01,10-Q,2022,Q1
RevenueFromContractWithCustomerExcludingAssessedTax,income_statement,销售收入,USD,117194000000.0,2021-06-30,2021-01-01,10-Q,2021,Q2
RevenueFromContractWithCustomerExcludingAssessedTax,income_statement,销售收入,USD,117194000000.0,2021-06-30,2021-01-01,10-Q,2022,Q2
RevenueFromContractWithCustomerExcludingAssessedTax,income_statement,销售收入,USD,61880000000.0,2021-06-30,2021-04-01,10-Q,2021,Q2
RevenueFromContractWithCustomerExcludingAssessedTax,income_statement,销售收入,USD,61880000000.0,2021-06-30,2021-04-01,10-Q,2022,Q2
RevenueFromContractWithCustomerExcludingAssessedTax,income_statement,销售收入,USD,182312000000.0,2021-09-30,2021-01-01,10-Q,2021,Q3
RevenueFromContractWithCustomerExcludingAssessedTax,income_statement,销售收入,USD,182312000000.0,2021-09-30,2021-01-01,10-Q,2022,Q3
RevenueFromContractWithCustomerExcludingAssessedTax,income_statement,销售收入,USD,65118000000.0,2021-09-30,2021-07-01,10-Q,2021,Q3
RevenueFromContractWithCustomerExcludingAssessedTax,income_statement,销售收入,USD,65118000000.0,2021-09-30,2021-07-01,10-Q,2022,Q3
RevenueFromContractWithCustomerExcludingAssessedTax,income_statement,销售收入,USD,257637000000.0,2021-12-31,2021-01-01,10-K,2022,FY
RevenueFromContractWithCustomerExcludingAssessedTax,income_statement,销售收入,USD,257637000000.0,2021-12-31,2021-01-01,10-K,2023,FY
RevenueFromContractWithCustomerExcludingAssessedTax,income_statement,销售收入,USD,68011000000.0,2022-03-31,2022-01-01,10-Q,2022,Q1
RevenueFromContractWithCustomerExcludingAssessedTax,income_statement,销售收入,USD,68011000000.0,2022-03-31,2022-01-01,10-Q,2023,Q1
RevenueFromContractWithCustomerExcludingAssessedTax,income_statement,销售收入,USD,137696000000.0,2022-06-30,2022-01-01,10-Q,2022,Q2
RevenueFromContractWithCustomerExcludingAssessedTax,income_statement,销售收入,USD,137696000000.0,2022-06-30,2022-01-01,10-Q,2023,Q2
RevenueFromContractWithCustomerExcludingAssessedTax,income_statement,销售收入,USD,69685000000.0,2022-06-30,2022-04-01,10-Q,2022,Q2
RevenueFromContractWithCustomerExcludingAssessedTax,income_statement,销售收入,USD,69685000000.0,2022-06-30,2022-04-01,10-Q,2023,Q2
RevenueFromContractWithCustomerExcludingAssessedTax,income_statement,销售收入,USD,206788000000.0,2022-09-30,2022-01-01,10-Q,2022,Q3
RevenueFromContractWithCustomerExcludingAssessedTax,income_statement,销售收入,USD,206788000000.0,2022-09-30,2022-01-01,10-Q,2023,Q3
RevenueFromContractWithCustomerExcludingAssessedTax,income_statement,销售收入,USD,69092000000.0,2022-09-30,2022-07-01,10-Q,2022,Q3
RevenueFromContractWithCustomerExcludingAssessedTax,income_statement,销售收入,USD,69092000000.0,2022-09-30,2022-07-01,10-Q,2023,Q3
RevenueFromContractWithCustomerExcludingAssessedTax,income_statement,销售收入,USD,282836000000.0,2022-12-31,2022-01-01,10-K,2022,FY
RevenueFromContractWithCustomerExcludingAssessedTax,income_statement,销售收入,USD,282836000000.0,2022-12-31,2022-01-01,10-K,2023,FY
RevenueFromContractWithCustomerExcludingAssessedTax,income_statement,销售收入,USD,282836000000.0,2022-12-31,2022-01-01,10-K,2024,FY
RevenueFromContractWithCustomerExcludingAssessedTax,income_statement,销售收入,USD,69787000000.0,2023-03-31,2023-01-01,10-Q,2023,Q1
RevenueFromContractWithCustomerExcludingAssessedTax,income_statement,销售收入,USD,69787000000.0,2023-03-31,2023-01-01,10-Q,2024,Q1
RevenueFromContractWithCustomerExcludingAssessedTax,income_statement,销售收入,USD,144391000000.0,2023-06-30,2023-01-01,10-Q,2023,Q2
RevenueFromContractWithCustomerExcludingAssessedTax,income_statement,销售收入,USD,144391000000.0,2023-06-30,2023-01-01,10-Q,2024,Q2
RevenueFromContractWithCustomerExcludingAssessedTax,income_statement,销售收入,USD,74604000000.0,2023-06-30,2023-04-01,10-Q,2023,Q2
RevenueFromContractWithCustomerExcludingAssessedTax,income_statement,销售收入,USD,74604000000.0,2023-06-30,2023-04-01,10-Q,2024,Q2
RevenueFromContractWithCustomerExcludingAssessedTax,income_statement,销售收入,USD,221084000000.0,2023-09-30,2023-01-01,10-Q,2023,Q3
RevenueFromContractWithCustomerExcludingAssessedTax,income_statement,销售收入,USD,221084000000.0,2023-09-30,2023-01-01,10-Q,2024,Q3
RevenueFromContractWithCustomerExcludingAssessedTax,income_statement,销售收入,USD,76693000000.0,2023-09-30,2023-07-01,10-Q,2023,Q3
RevenueFromContractWithCustomerExcludingAssessedTax,income_statement,销售收入,USD,76693000000.0,2023-09-30,2023-07-01,10-Q,2024,Q3
RevenueFromContractWithCustomerExcludingAssessedTax,income_statement,销售收入,USD,307394000000.0,2023-12-31,2023-01-01,10-K,2023,FY
RevenueFromContractWithCustomerExcludingAssessedTax,income_statement,销售收入,USD,307394000000.0,2023-12-31,2023-01-01,10-K,2024,FY
RevenueFromContractWithCustomerExcludingAssessedTax,income_statement,销售收入,USD,80539000000.0,2024-03-31,2024-01-01,10-Q,2024,Q1
RevenueFromContractWithCustomerExcludingAssessedTax,income_statement,销售收入,USD,80539000000.0,2024-03-31,2024-01-01,10-Q,2025,Q1
RevenueFromContractWithCustomerExcludingAssessedTax,income_statement,销售收入,USD,165281000000.0,2024-06-30,2024-01-01,10-Q,2024,Q2
RevenueFromContractWithCustomerExcludingAssessedTax,income_statement,销售收入,USD,84742000000.0,2024-06-30,2024-04-01,10-Q,2024,Q2
RevenueFromContractWithCustomerExcludingAssessedTax,income_statement,销售收入,USD,253549000000.0,2024-09-30,2024-01-01,10-Q,2024,Q3
RevenueFromContractWithCustomerExcludingAssessedTax,income_statement,销售收入,USD,88268000000.0,2024-09-30,2024-07-01,10-Q,2024,Q3
RevenueFromContractWithCustomerExcludingAssessedTax,income_statement,销售收入,USD,350018000000.0,2024-12-31,2024-01-01,10-K,2024,FY
RevenueFromContractWithCustomerExcludingAssessedTax,income_statement,销售收入,USD,90234000000.0,2025-03-31,2025-01-01,10-Q,2025,Q1
CostOfRevenue,income_statement,销售成本,USD,24103000000.0,2021-03-31,2021-01-01,10-Q,2021,Q1
CostOfRevenue,income_statement,销售成本,USD,24103000000.0,2021-03-31,2021-01-01,10-Q,2022,Q1
CostOfRevenue,income_statement,销售成本,USD,50330000000.0,2021-06-30,2021-01-01,10-Q,2021,Q2
CostOfRevenue,income_statement,销售成本,USD,50330000000.0,2021-06-30,2021-01-01,10-Q,2022,Q2
CostOfRevenue,income_statement,销售成本,USD,26227000000.0,2021-06-30,2021-04-01,10-Q,2021,Q2
CostOfRevenue,income_statement,销售成本,USD,26227000000.0,2021-06-30,2021-04-01,10-Q,2022,Q2
CostOfRevenue,income_statement,销售成本,USD,77951000000.0,2021-09-30,2021-01-01,10-Q,2021,Q3
CostOfRevenue,income_statement,销售成本,USD,77951000000.0,2021-09-30,2021-01-01,10-Q,2022,Q3
CostOfRevenue,income_statement,销售成本,USD,27621000000.0,2021-09-30,2021-07-01,10-Q,2021,Q3
CostOfRevenue,income_statement,销售成本,USD,27621000000.0,2021-09-30,2021-07-01,10-Q,2022,Q3
CostOfRevenue,income_statement,销售成本,USD,110939000000.0,2021-12-31,2021-01-01,10-K,2021,FY
CostOfRevenue,income_statement,销售成本,USD,110939000000.0,2021-12-31,2021-01-01,10-K,2022,FY
CostOfRevenue,income_statement,销售成本,USD,110939000000.0,2021-12-31,2021-01-01,10-K,2023,FY
CostOfRevenue,income_statement,销售成本,USD,29599000000.0,2022-03-31,2022-01-01,10-Q,2022,Q1
CostOfRevenue,income_statement,销售成本,USD,29599000000.0,2022-03-31,2022-01-01,10-Q,2023,Q1
CostOfRevenue,income_statement,销售成本,USD,59703000000.0,2022-06-30,2022-01-01,10-Q,2022,Q2
CostOfRevenue,income_statement,销售成本,USD,59703000000.0,2022-06-30,2022-01-01,10-Q,2023,Q2
CostOfRevenue,income_statement,销售成本,USD,30104000000.0,2022-06-30,2022-04-01,10-Q,2022,Q2
CostOfRevenue,income_statement,销售成本,USD,30104000000.0,2022-06-30,2022-04-01,10-Q,2023,Q2
CostOfRevenue,income_statement,销售成本,USD,90861000000.0,2022-09-30,2022-01-01,10-Q,2022,Q3
CostOfRevenue,income_statement,销售成本,USD,90861000000.0,2022-09-30,2022-01-01,10-Q,2023,Q3
CostOfRevenue,income_statement,销售成本,USD,31158000000.0,2022-09-30,2022-07-01,10-Q,2022,Q3
CostOfRevenue,income_statement,销售成本,USD,31158000000.0,2022-09-30,2022-07-01,10-Q,2023,Q3
CostOfRevenue,income_statement,销售成本,USD,126203000000.0,2022-12-31,2022-01-01,10-K,2022,FY
CostOfRevenue,income_statement,销售成本,USD,126203000000.0,2022-12-31,2022-01-01,10-K,2023,FY
CostOfRevenue,income_statement,销售成本,USD,126203000000.0,2022-12-31,2022-01-01,10-K,2024,FY
CostOfRevenue,income_statement,销售成本,USD,30612000000.0,2023-03-31,2023-01-01,10-Q,2023,Q1
CostOfRevenue,income_statement,销售成本,USD,30612000000.0,2023-03-31,2023-01-01,10-Q,2024,Q1
CostOfRevenue,income_statement,销售成本,USD,62528000000.0,2023-06-30,2023-01-01,10-Q,2023,Q2
CostOfRevenue,income_statement,销售成本,USD,62528000000.0,2023-06-30,2023-01-01,10-Q,2024,Q2
CostOfRevenue,income_statement,销售成本,USD,31916000000.0,2023-06-30,2023-04-01,10-Q,2023,Q2
CostOfRevenue,income_statement,销售成本,USD,31916000000.0,2023-06-30,2023-04-01,10-Q,2024,Q2
CostOfRevenue,income_statement,销售成本,USD,95757000000.0,2023-09-30,2023-01-01,10-Q,2023,Q3
CostOfRevenue,income_statement,销售成本,USD,95757000000.0,2023-09-30,2023-01-01,10-Q,2024,Q3
CostOfRevenue,income_statement,销售成本,USD,33229000000.0,2023-09-30,2023-07-01,10-Q,2023,Q3
CostOfRevenue,income_statement,销售成本,USD,33229000000.0,2023-09-30,2023-07-01,10-Q,2024,Q3
CostOfRevenue,income_statement,销售成本,USD,133332000000.0,2023-12-31,2023-01-01,10-K,2023,FY
CostOfRevenue,income_statement,销售成本,USD,133332000000.0,2023-12-31,2023-01-01,10-K,2024,FY
CostOfRevenue,income_statement,销售成本,USD,33712000000.0,2024-03-31,2024-01-01,10-Q,2024,Q1
CostOfRevenue,income_statement,销售成本,USD,33712000000.0,2024-03-31,2024-01-01,10-Q,2025,Q1
CostOfRevenue,income_statement,销售成本,USD,69219000000.0,2024-06-30,2024-01-01,10-Q,2024,Q2
CostOfRevenue,income_statement,销售成本,USD,69219000000.0,2024-06-30,2024-01-01,10-Q,2025,Q2
CostOfRevenue,income_statement,销售成本,USD,35507000000.0,2024-06-30,2024-04-01,10-Q,2024,Q2
CostOfRevenue,income_statement,销售成本,USD,35507000000.0,2024-06-30,2024-04-01,10-Q,2025,Q2
CostOfRevenue,income_statement,销售成本,USD,105693000000.0,2024-09-30,2024-01-01,10-Q,2024,Q3
CostOfRevenue,income_statement,销售成本,USD,36474000000.0,2024-09-30,2024-07-01,10-Q,2024,Q3
CostOfRevenue,income_statement,销售成本,USD,146306000000.0,2024-12-31,2024-01-01,10-K,2024,FY
CostOfRevenue,income_statement,销售成本,USD,36361000000.0,2025-03-31,2025-01-01,10-Q,2025,Q1
CostOfRevenue,income_statement,销售成本,USD,75400000000.0,2025-06-30,2025-01-01,10-Q,2025,Q2
CostOfRevenue,income_statement,销售成本,USD,39039000000.0,2025-06-30,2025-04-01,10-Q,2025,Q2
OperatingIncomeLoss,income_statement,营业利润,USD,16437000000.0,2021-03-31,2021-01-01,10-Q,2021,Q1
OperatingIncomeLoss,income_statement,营业利润,USD,16437000000.0,2021-03-31,2021-01-01,10-Q,2022,Q1
OperatingIncomeLoss,income_statement,营业利润,USD,35798000000.0,2021-06-30,2021-01-01,10-Q,2021,Q2
OperatingIncomeLoss,income_statement,营业利润,USD,35798000000.0,2021-06-30,2021-01-01,10-Q,2022,Q2
OperatingIncomeLoss,income_statement,营业利润,USD,19361000000.0,2021-06-30,2021-04-01,10-Q,2021,Q2
OperatingIncomeLoss,income_statement,营业利润,USD,19361000000.0,2021-06-30,2021-04-01,10-Q,2022,Q2
OperatingIncomeLoss,income_statement,营业利润,USD,56829000000.0,2021-09-30,2021-01-01,10-Q,2021,Q3
OperatingIncomeLoss,income_statement,营业利润,USD,56829000000.0,2021-09-30,2021-01-01,10-Q,2022,Q3
OperatingIncomeLoss,income_statement,营业利润,USD,21031000000.0,2021-09-30,2021-07-01,10-Q,2021,Q3
OperatingIncomeLoss,income_statement,营业利润,USD,21031000000.0,2021-09-30,2021-07-01,10-Q,2022,Q3
OperatingIncomeLoss,income_statement,营业利润,USD,78714000000.0,2021-12-31,2021-01-01,10-K,2021,FY
OperatingIncomeLoss,income_statement,营业利润,USD,78714000000.0,2021-12-31,2021-01-01,10-K,2022,FY
OperatingIncomeLoss,income_statement,营业利润,USD,78714000000.0,2021-12-31,2021-01-01,10-K,2023,FY
OperatingIncomeLoss,income_statement,营业利润,USD,20094000000.0,2022-03-31,2022-01-01,10-Q,2022,Q1
OperatingIncomeLoss,income_statement,营业利润,USD,20094000000.0,2022-03-31,2022-01-01,10-Q,2023,Q1
OperatingIncomeLoss,income_statement,营业利润,USD,39547000000.0,2022-06-30,2022-01-01,10-Q,2022,Q2
OperatingIncomeLoss,income_statement,营业利润,USD,39547000000.0,2022-06-30,2022-01-01,10-Q,2023,Q2
OperatingIncomeLoss,income_statement,营业利润,USD,19453000000.0,2022-06-30,2022-04-01,10-Q,2022,Q2
OperatingIncomeLoss,income_statement,营业利润,USD,19453000000.0,2022-06-30,2022-04-01,10-Q,2023,Q2
OperatingIncomeLoss,income_statement,营业利润,USD,56682000000.0,2022-09-30,2022-01-01,10-Q,2022,Q3
OperatingIncomeLoss,income_statement,营业利润,USD,56682000000.0,2022-09-30,2022-01-01,10-Q,2023,Q3
OperatingIncomeLoss,income_statement,营业利润,USD,17135000000.0,2022-09-30,2022-07-01,10-Q,2022,Q3
OperatingIncomeLoss,income_statement,营业利润,USD,17135000000.0,2022-09-30,2022-07-01,10-Q,2023,Q3
OperatingIncomeLoss,income_statement,营业利润,USD,74842000000.0,2022-12-31,2022-01-01,10-K,2022,FY
OperatingIncomeLoss,income_statement,营业利润,USD,74842000000.0,2022-12-31,2022-01-01,10-K,2023,FY
OperatingIncomeLoss,income_statement,营业利润,USD,74842000000.0,2022-12-31,2022-01-01,10-K,2024,FY
OperatingIncomeLoss,income_statement,营业利润,USD,17415000000.0,2023-03-31,2023-01-01,10-Q,2023,Q1
OperatingIncomeLoss,income_statement,营业利润,USD,17415000000.0,2023-03-31,2023-01-01,10-Q,2024,Q1
OperatingIncomeLoss,income_statement,营业利润,USD,39253000000.0,2023-06-30,2023-01-01,10-Q,2023,Q2
OperatingIncomeLoss,income_statement,营业利润,USD,39253000000.0,2023-06-30,2023-01-01,10-Q,2024,Q2
OperatingIncomeLoss,income_statement,营业利润,USD,21838000000.0,2023-06-30,2023-04-01,10-Q,2023,Q2
OperatingIncomeLoss,income_statement,营业利润,USD,21838000000.0,2023-06-30,2023-04-01,10-Q,2024,Q2
OperatingIncomeLoss,income_statement,营业利润,USD,60596000000.0,2023-09-30,2023-01-01,10-Q,2023,Q3
OperatingIncomeLoss,income_statement,营业利润,USD,60596000000.0,2023-09-30,2023-01-01,10-Q,2024,Q3
OperatingIncomeLoss,income_statement,营业利润,USD,21343000000.0,2023-09-30,2023-07-01,10-Q,2023,Q3
OperatingIncomeLoss,income_statement,营业利润,USD,21343000000.0,2023-09-30,2023-07-01,10-Q,2024,Q3
OperatingIncomeLoss,income_statement,营业利润,USD,84293000000.0,2023-12-31,2023-01-01,10-K,2023,FY
OperatingIncomeLoss,income_statement,营业利润,USD,84293000000.0,2023-12-31,2023-01-01,10-K,2024,FY
OperatingIncomeLoss,income_statement,营业利润,USD,25472000000.0,2024-03-31,2024-01-01,10-Q,2024,Q1
OperatingIncomeLoss,income_statement,营业利润,USD,25472000000.0,2024-03-31,2024-01-01,10-Q,2025,Q1
OperatingIncomeLoss,income_statement,营业利润,USD,52897000000.0,2024-06-30,2024-01-01,10-Q,2024,Q2
OperatingIncomeLoss,income_statement,营业利润,USD,52897000000.0,2024-06-30,2024-01-01,10-Q,2025,Q2
OperatingIncomeLoss,income_statement,营业利润,USD,27425000000.0,2024-06-30,2024-04-01,10-Q,2024,Q2
OperatingIncomeLoss,income_statement,营业利润,USD,27425000000.0,2024-06-30,2024-04-01,10-Q,2025,Q2
OperatingIncomeLoss,income_statement,营业利润,USD,81418000000.0,2024-09-30,2024-01-01,10-Q,2024,Q3
OperatingIncomeLoss,income_statement,营业利润,USD,28521000000.0,2024-09-30,2024-07-01,10-Q,2024,Q3
OperatingIncomeLoss,income_statement,营业利润,USD,112390000000.0,2024-12-31,2024-01-01,10-K,2024,FY
OperatingIncomeLoss,income_statement,营业利润,USD,30606000000.0,2025-03-31,2025-01-01,10-Q,2025,Q1
OperatingIncomeLoss,income_statement,营业利润,USD,61877000000.0,2025-06-30,2025-01-01,10-Q,2025,Q2
OperatingIncomeLoss,income_statement,营业利润,USD,31271000000.0,2025-06-30,2025-04-01,10-Q,2025,Q2
NetIncomeLoss,income_statement,净利润,USD,17930000000.0,2021-03-31,2021-01-01,10-Q,2021,Q1
NetIncomeLoss,income_statement,净利润,USD,17930000000.0,2021-03-31,2021-01-01,10-Q,2022,Q1
NetIncomeLoss,income_statement,净利润,USD,36455000000.0,2021-06-30,2021-01-01,10-Q,2021,Q2
NetIncomeLoss,income_statement,净利润,USD,36455000000.0,2021-06-30,2021-01-01,10-Q,2022,Q2
NetIncomeLoss,income_statement,净利润,USD,18525000000.0,2021-06-30,2021-04-01,10-Q,2021,Q2
NetIncomeLoss,income_statement,净利润,USD,18525000000.0,2021-06-30,2021-04-01,10-Q,2022,Q2
NetIncomeLoss,income_statement,净利润,USD,55391000000.0,2021-09-30,2021-01-01,10-Q,2021,Q3
NetIncomeLoss,income_statement,净利润,USD,55391000000.0,2021-09-30,2021-01-01,10-Q,2022,Q3
NetIncomeLoss,income_statement,净利润,USD,18936000000.0,2021-09-30,2021-07-01,10-Q,2021,Q3
NetIncomeLoss,income_statement,净利润,USD,18936000000.0,2021-09-30,2021-07-01,10-Q,2022,Q3
NetIncomeLoss,income_statement,净利润,USD,76033000000.0,2021-12-31,2021-01-01,10-K,2021,FY
NetIncomeLoss,income_statement,净利润,USD,76033000000.0,2021-12-31,2021-01-01,10-K,2022,FY
NetIncomeLoss,income_statement,净利润,USD,76033000000.0,2021-12-31,2021-01-01,10-K,2023,FY
NetIncomeLoss,income_statement,净利润,USD,16436000000.0,2022-03-31,2022-01-01,10-Q,2022,Q1
NetIncomeLoss,income_statement,净利润,USD,16436000000.0,2022-03-31,2022-01-01,10-Q,2023,Q1
NetIncomeLoss,income_statement,净利润,USD,32438000000.0,2022-06-30,2022-01-01,10-Q,2022,Q2
NetIncomeLoss,income_statement,净利润,USD,32438000000.0,2022-06-30,2022-01-01,10-Q,2023,Q2
NetIncomeLoss,income_statement,净利润,USD,16002000000.0,2022-06-30,2022-04-01,10-Q,2022,Q2
NetIncomeLoss,income_statement,净利润,USD,16002000000.0,2022-06-30,2022-04-01,10-Q,2023,Q2
NetIncomeLoss,income_statement,净利润,USD,46348000000.0,2022-09-30,2022-01-01,10-Q,2022,Q3
NetIncomeLoss,income_statement,净利润,USD,46348000000.0,2022-09-30,2022-01-01,10-Q,2023,Q3
NetIncomeLoss,income_statement,净利润,USD,13910000000.0,2022-09-30,2022-07-01,10-Q,2022,Q3
NetIncomeLoss,income_statement,净利润,USD,13910000000.0,2022-09-30,2022-07-01,10-Q,2023,Q3
NetIncomeLoss,income_statement,净利润,USD,59972000000.0,2022-12-31,2022-01-01,10-K,2022,FY
NetIncomeLoss,income_statement,净利润,USD,59972000000.0,2022-12-31,2022-01-01,10-K,2023,FY
NetIncomeLoss,income_statement,净利润,USD,59972000000.0,2022-12-31,2022-01-01,10-K,2024,FY
NetIncomeLoss,income_statement,净利润,USD,15051000000.0,2023-03-31,2023-01-01,10-Q,2023,Q1
NetIncomeLoss,income_statement,净利润,USD,15051000000.0,2023-03-31,2023-01-01,10-Q,2024,Q1
NetIncomeLoss,income_statement,净利润,USD,33419000000.0,2023-06-30,2023-01-01,10-Q,2023,Q2
NetIncomeLoss,income_statement,净利润,USD,33419000000.0,2023-06-30,2023-01-01,10-Q,2024,Q2
NetIncomeLoss,income_statement,净利润,USD,18368000000.0,2023-06-30,2023-04-01,10-Q,2023,Q2
NetIncomeLoss,income_statement,净利润,USD,18368000000.0,2023-06-30,2023-04-01,10-Q,2024,Q2
NetIncomeLoss,income_statement,净利润,USD,53108000000.0,2023-09-30,2023-01-01,10-Q,2023,Q3
NetIncomeLoss,income_statement,净利润,USD,53108000000.0,2023-09-30,2023-01-01,10-Q,2024,Q3
NetIncomeLoss,income_statement,净利润,USD,19689000000.0,2023-09-30,2023-07-01,10-Q,2023,Q3
NetIncomeLoss,income_statement,净利润,USD,19689000000.0,2023-09-30,2023-07-01,10-Q,2024,Q3
NetIncomeLoss,income_statement,净利润,USD,73795000000.0,2023-12-31,2023-01-01,10-K,2023,FY
NetIncomeLoss,income_statement,净利润,USD,73795000000.0,2023-12-31,2023-01-01,10-K,2024,FY
NetIncomeLoss,income_statement,净利润,USD,23662000000.0,2024-03-31,2024-01-01,10-Q,2024,Q1
NetIncomeLoss,income_statement,净利润,USD,23662000000.0,2024-03-31,2024-01-01,10-Q,2025,Q1
NetIncomeLoss,income_statement,净利润,USD,47281000000.0,2024-06-30,2024-01-01,10-Q,2024,Q2
NetIncomeLoss,income_statement,净利润,USD,47281000000.0,2024-06-30,2024-01-01,10-Q,2025,Q2
NetIncomeLoss,income_statement,净利润,USD,23619000000.0,2024-06-30,2024-04-01,10-Q,2024,Q2
NetIncomeLoss,income_statement,净利润,USD,23619000000.0,2024-06-30,2024-04-01,10-Q,2025,Q2
NetIncomeLoss,income_statement,净利润,USD,73582000000.0,2024-09-30,2024-01-01,10-Q,2024,Q3
NetIncomeLoss,income_statement,净利润,USD,26301000000.0,2024-09-30,2024-07-01,10-Q,2024,Q3
NetIncomeLoss,income_statement,净利润,USD,100118000000.0,2024-12-31,2024-01-01,10-K,2024,FY
NetIncomeLoss,income_statement,净利润,USD,34540000000.0,2025-03-31,2025-01-01,10-Q,2025,Q1
NetIncomeLoss,income_statement,净利润,USD,62736000000.0,2025-06-30,2025-01-01,10-Q,2025,Q2
NetIncomeLoss,income_statement,净利润,USD,28196000000.0,2025-06-30,2025-04-01,10-Q,2025,Q2
EarningsPerShareBasic,income_statement,基本每股收益,USD/shares,26.63,2021-03-31,2021-01-01,10-Q,2021,Q1
EarningsPerShareBasic,income_statement,基本每股收益,USD/shares,26.63,2021-03-31,2021-01-01,10-Q,2022,Q1
EarningsPerShareBasic,income_statement,基本每股收益,USD/shares,54.32,2021-06-30,2021-01-01,10-Q,2021,Q2
EarningsPerShareBasic,income_statement,基本每股收益,USD/shares,2.72,2021-06-30,2021-01-01,10-Q,2022,Q2
EarningsPerShareBasic,income_statement,基本每股收益,USD/shares,27.69,2021-06-30,2021-04-01,10-Q,2021,Q2
EarningsPerShareBasic,income_statement,基本每股收益,USD/shares,1.38,2021-06-30,2021-04-01,10-Q,2022,Q2
EarningsPerShareBasic,income_statement,基本每股收益,USD/shares,82.76,2021-09-30,2021-01-01,10-Q,2021,Q3
EarningsPerShareBasic,income_statement,基本每股收益,USD/shares,4.14,2021-09-30,2021-01-01,10-Q,2022,Q3
EarningsPerShareBasic,income_statement,基本每股收益,USD/shares,28.44,2021-09-30,2021-07-01,10-Q,2021,Q3
EarningsPerShareBasic,income_statement,基本每股收益,USD/shares,1.42,2021-09-30,2021-07-01,10-Q,2022,Q3
EarningsPerShareBasic,income_statement,基本每股收益,USD/shares,113.88,2021-12-31,2021-01-01,10-K,2021,FY
EarningsPerShareBasic,income_statement,基本每股收益,USD/shares,5.69,2021-12-31,2021-01-01,10-K,2022,FY
EarningsPerShareBasic,income_statement,基本每股收益,USD/shares,5.69,2021-12-31,2021-01-01,10-K,2023,FY
EarningsPerShareBasic,income_statement,基本每股收益,USD/shares,24.9,2022-03-31,2022-01-01,10-Q,2022,Q1
EarningsPerShareBasic,income_statement,基本每股收益,USD/shares,1.24,2022-03-31,2022-01-01,10-Q,2023,Q1
EarningsPerShareBasic,income_statement,基本每股收益,USD/shares,2.46,2022-06-30,2022-01-01,10-Q,2022,Q2
EarningsPerShareBasic,income_statement,基本每股收益,USD/shares,2.46,2022-06-30,2022-01-01,10-Q,2023,Q2
EarningsPerShareBasic,income_statement,基本每股收益,USD/shares,1.22,2022-06-30,2022-04-01,10-Q,2022,Q2
EarningsPerShareBasic,income_statement,基本每股收益,USD/shares,1.22,2022-06-30,2022-04-01,10-Q,2023,Q2
EarningsPerShareBasic,income_statement,基本每股收益,USD/shares,3.53,2022-09-30,2022-01-01,10-Q,2022,Q3
EarningsPerShareBasic,income_statement,基本每股收益,USD/shares,3.53,2022-09-30,2022-01-01,10-Q,2023,Q3
EarningsPerShareBasic,income_statement,基本每股收益,USD/shares,1.07,2022-09-30,2022-07-01,10-Q,2022,Q3
EarningsPerShareBasic,income_statement,基本每股收益,USD/shares,1.07,2022-09-30,2022-07-01,10-Q,2023,Q3
EarningsPerShareBasic,income_statement,基本每股收益,USD/shares,4.59,2022-12-31,2022-01-01,10-K,2022,FY
EarningsPerShareBasic,income_statement,基本每股收益,USD/shares,4.59,2022-12-31,2022-01-01,10-K,2023,FY
EarningsPerShareBasic,income_statement,基本每股收益,USD/shares,4.59,2022-12-31,2022-01-01,10-K,2024,FY
EarningsPerShareBasic,income_statement,基本每股收益,USD/shares,1.18,2023-03-31,2023-01-01,10-Q,2023,Q1
EarningsPerShareBasic,income_statement,基本每股收益,USD/shares,1.18,2023-03-31,2023-01-01,10-Q,2024,Q1
EarningsPerShareBasic,income_statement,基本每股收益,USD/shares,2.63,2023-06-30,2023-01-01,10-Q,2023,Q2
EarningsPerShareBasic,income_statement,基本每股收益,USD/shares,2.63,2023-06-30,2023-01-01,10-Q,2024,Q2
EarningsPerShareBasic,income_statement,基本每股收益,USD/shares,1.45,2023-06-30,2023-04-01,10-Q,2023,Q2
EarningsPerShareBasic,income_statement,基本每股收益,USD/shares,1.45,2023-06-30,2023-04-01,10-Q,2024,Q2
EarningsPerShareBasic,income_statement,基本每股收益,USD/shares,4.19,2023-09-30,2023-01-01,10-Q,2023,Q3
EarningsPerShareBasic,income_statement,基本每股收益,USD/shares,4.19,2023-09-30,2023-01-01,10-Q,2024,Q3
EarningsPerShareBasic,income_statement,基本每股收益,USD/shares,1.56,2023-09-30,2023-07-01,10-Q,2023,Q3
EarningsPerShareBasic,income_statement,基本每股收益,USD/shares,1.56,2023-09-30,2023-07-01,10-Q,2024,Q3
EarningsPerShareBasic,income_statement,基本每股收益,USD/shares,5.84,2023-12-31,2023-01-01,10-K,2023,FY
EarningsPerShareBasic,income_statement,基本每股收益,USD/shares,5.84,2023-12-31,2023-01-01,10-K,2024,FY
EarningsPerShareBasic,income_statement,基本每股收益,USD/shares,1.91,2024-03-31,2024-01-01,10-Q,2024,Q1
EarningsPerShareBasic,income_statement,基本每股收益,USD/shares,1.91,2024-03-31,2024-01-01,10-Q,2025,Q1
EarningsPerShareBasic,income_statement,基本每股收益,USD/shares,3.82,2024-06-30,2024-01-01,10-Q,2024,Q2
EarningsPerShareBasic,income_statement,基本每股收益,USD/shares,3.82,2024-06-30,2024-01-01,10-Q,2025,Q2
EarningsPerShareBasic,income_statement,基本每股收益,USD/shares,1.91,2024-06-30,2024-04-01,10-Q,2024,Q2
EarningsPerShareBasic,income_statement,基本每股收益,USD/shares,1.91,2024-06-30,2024-04-01,10-Q,2025,Q2
EarningsPerShareBasic,income_statement,基本每股收益,USD/shares,5.96,2024-09-30,2024-01-01,10-Q,2024,Q3
EarningsPerShareBasic,income_statement,基本每股收益,USD/shares,2.14,2024-09-30,2024-07-01,10-Q,2024,Q3
EarningsPerShareBasic,income_statement,基本每股收益,USD/shares,8.13,2024-12-31,2024-01-01,10-K,2024,FY
EarningsPerShareBasic,income_statement,基本每股收益,USD/shares,2.84,2025-03-31,2025-01-01,10-Q,2025,Q1
EarningsPerShareBasic,income_statement,基本每股收益,USD/shares,5.16,2025-06-30,2025-01-01,10-Q,2025,Q2
EarningsPerShareBasic,income_statement,基本每股收益,USD/shares,2.33,2025-06-30,2025-04-01,10-Q,2025,Q2
EarningsPerShareDiluted,income_statement,稀释每股收益,USD/shares,26.29,2021-03-31,2021-01-01,10-Q,2021,Q1
EarningsPerShareDiluted,income_statement,稀释每股收益,USD/shares,26.29,2021-03-31,2021-01-01,10-Q,2022,Q1
EarningsPerShareDiluted,income_statement,稀释每股收益,USD/shares,53.54,2021-06-30,2021-01-01,10-Q,2021,Q2
EarningsPerShareDiluted,income_statement,稀释每股收益,USD/shares,2.68,2021-06-30,2021-01-01,10-Q,2022,Q2
EarningsPerShareDiluted,income_statement,稀释每股收益,USD/shares,27.26,2021-06-30,2021-04-01,10-Q,2021,Q2
EarningsPerShareDiluted,income_statement,稀释每股收益,USD/shares,1.36,2021-06-30,2021-04-01,10-Q,2022,Q2
EarningsPerShareDiluted,income_statement,稀释每股收益,USD/shares,81.53,2021-09-30,2021-01-01,10-Q,2021,Q3
EarningsPerShareDiluted,income_statement,稀释每股收益,USD/shares,4.08,2021-09-30,2021-01-01,10-Q,2022,Q3
EarningsPerShareDiluted,income_statement,稀释每股收益,USD/shares,27.99,2021-09-30,2021-07-01,10-Q,2021,Q3
EarningsPerShareDiluted,income_statement,稀释每股收益,USD/shares,1.4,2021-09-30,2021-07-01,10-Q,2022,Q3
EarningsPerShareDiluted,income_statement,稀释每股收益,USD/shares,112.2,2021-12-31,2021-01-01,10-K,2021,FY
EarningsPerShareDiluted,income_statement,稀释每股收益,USD/shares,5.61,2021-12-31,2021-01-01,10-K,2022,FY
EarningsPerShareDiluted,income_statement,稀释每股收益,USD/shares,5.61,2021-12-31,2021-01-01,10-K,2023,FY
EarningsPerShareDiluted,income_statement,稀释每股收益,USD/shares,24.62,2022-03-31,2022-01-01,10-Q,2022,Q1
EarningsPerShareDiluted,income_statement,稀释每股收益,USD/shares,1.23,2022-03-31,2022-01-01,10-Q,2023,Q1
EarningsPerShareDiluted,income_statement,稀释每股收益,USD/shares,2.44,2022-06-30,2022-01-01,10-Q,2022,Q2
EarningsPerShareDiluted,income_statement,稀释每股收益,USD/shares,2.44,2022-06-30,2022-01-01,10-Q,2023,Q2
EarningsPerShareDiluted,income_statement,稀释每股收益,USD/shares,1.21,2022-06-30,2022-04-01,10-Q,2022,Q2
EarningsPerShareDiluted,income_statement,稀释每股收益,USD/shares,1.21,2022-06-30,2022-04-01,10-Q,2023,Q2
EarningsPerShareDiluted,income_statement,稀释每股收益,USD/shares,3.5,2022-09-30,2022-01-01,10-Q,2022,Q3
EarningsPerShareDiluted,income_statement,稀释每股收益,USD/shares,3.5,2022-09-30,2022-01-01,10-Q,2023,Q3
EarningsPerShareDiluted,income_statement,稀释每股收益,USD/shares,1.06,2022-09-30,2022-07-01,10-Q,2022,Q3
EarningsPerShareDiluted,income_statement,稀释每股收益,USD/shares,1.06,2022-09-30,2022-07-01,10-Q,2023,Q3
EarningsPerShareDiluted,income_statement,稀释每股收益,USD/shares,4.56,2022-12-31,2022-01-01,10-K,2022,FY
EarningsPerShareDiluted,income_statement,稀释每股收益,USD/shares,4.56,2022-12-31,2022-01-01,10-K,2023,FY
EarningsPerShareDiluted,income_statement,稀释每股收益,USD/shares,4.56,2022-12-31,2022-01-01,10-K,2024,FY
EarningsPerShareDiluted,income_statement,稀释每股收益,USD/shares,1.17,2023-03-31,2023-01-01,10-Q,2023,Q1
EarningsPerShareDiluted,income_statement,稀释每股收益,USD/shares,1.17,2023-03-31,2023-01-01,10-Q,2024,Q1
EarningsPerShareDiluted,income_statement,稀释每股收益,USD/shares,2.61,2023-06-30,2023-01-01,10-Q,2023,Q2
EarningsPerShareDiluted,income_statement,稀释每股收益,USD/shares,2.61,2023-06-30,2023-01-01,10-Q,2024,Q2
EarningsPerShareDiluted,income_statement,稀释每股收益,USD/shares,1.44,2023-06-30,2023-04-01,10-Q,2023,Q2
EarningsPerShareDiluted,income_statement,稀释每股收益,USD/shares,1.44,2023-06-30,2023-04-01,10-Q,2024,Q2
EarningsPerShareDiluted,income_statement,稀释每股收益,USD/shares,4.16,2023-09-30,2023-01-01,10-Q,2023,Q3
EarningsPerShareDiluted,income_statement,稀释每股收益,USD/shares,4.16,2023-09-30,2023-01-01,10-Q,2024,Q3
EarningsPerShareDiluted,income_statement,稀释每股收益,USD/shares,1.55,2023-09-30,2023-07-01,10-Q,2023,Q3
EarningsPerShareDiluted,income_statement,稀释每股收益,USD/shares,1.55,2023-09-30,2023-07-01,10-Q,2024,Q3
EarningsPerShareDiluted,income_statement,稀释每股收益,USD/shares,5.8,2023-12-31,2023-01-01,10-K,2023,FY
EarningsPerShareDiluted,income_statement,稀释每股收益,USD/shares,5.8,2023-12-31,2023-01-01,10-K,2024,FY
EarningsPerShareDiluted,income_statement,稀释每股收益,USD/shares,1.89,2024-03-31,2024-01-01,10-Q,2024,Q1
EarningsPerShareDiluted,income_statement,稀释每股收益,USD/shares,1.89,2024-03-31,2024-01-01,10-Q,2025,Q1
EarningsPerShareDiluted,income_statement,稀释每股收益,USD/shares,3.78,2024-06-30,2024-01-01,10-Q,2024,Q2
EarningsPerShareDiluted,income_statement,稀释每股收益,USD/shares,3.78,2024-06-30,2024-01-01,10-Q,2025,Q2
EarningsPerShareDiluted,income_statement,稀释每股收益,USD/shares,1.89,2024-06-30,2024-04-01,10-Q,2024,Q2
EarningsPerShareDiluted,income_statement,稀释每股收益,USD/shares,1.89,2024-06-30,2024-04-01,10-Q,2025,Q2
EarningsPerShareDiluted,income_statement,稀释每股收益,USD/shares,5.9,2024-09-30,2024-01-01,10-Q,2024,Q3
EarningsPerShareDiluted,income_statement,稀释每股收益,USD/shares,2.12,2024-09-30,2024-07-01,10-Q,2024,Q3
EarningsPerShareDiluted,income_statement,稀释每股收益,USD/shares,8.04,2024-12-31,2024-01-01,10-K,2024,FY
EarningsPerShareDiluted,income_statement,稀释每股收益,USD/shares,2.81,2025-03-31,2025-01-01,10-Q,2025,Q1
EarningsPerShareDiluted,income_statement,稀释每股收益,USD/shares,5.12,2025-06-30,2025-01-01,10-Q,2025,Q2
EarningsPerShareDiluted,income_statement,稀释每股收益,USD/shares,2.31,2025-06-30,2025-04-01,10-Q,2025,Q2
